id,nombre,categoria,precio,cantidad,fecha
1,Producto_1,Deportes,399.7,28,2023-01-01
2,Producto_2,Ropa,478.7,22,2023-01-02
3,Producto_3,Electrónica,856.0,16,2023-01-03
4,Producto_4,Deportes,346.6,13,2023-01-04
5,Producto_5,Deportes,870.95,62,2023-01-05
6,Producto_6,Ropa,97.25,43,2023-01-06
7,Producto_7,Electrónica,779.03,87,2023-01-07
8,Producto_8,Electrónica,849.07,78,2023-01-08
9,Producto_9,Deportes,190.0,32,2023-01-09
10,Producto_10,Hogar,436.04,67,2023-01-10
11,Producto_11,Deportes,173.84,91,2023-01-11
12,Producto_12,Deportes,709.54,83,2023-01-12
13,Producto_13,Deportes,539.99,86,2023-01-13
14,Producto_14,Deportes,638.97,57,2023-01-14
15,Producto_15,Ropa,204.52,65,2023-01-15
16,Producto_16,Electrónica,219.63,69,2023-01-16
17,Producto_17,Ropa,51.08,49,2023-01-17
18,Producto_18,Ropa,328.85,33,2023-01-18
19,Producto_19,Ropa,564.15,19,2023-01-19
20,Producto_20,Deportes,859.36,36,2023-01-20
21,Producto_21,Hogar,670.26,70,2023-01-21
22,Producto_22,Electrónica,441.04,15,2023-01-22
23,Producto_23,Hogar,953.59,97,2023-01-23
24,Producto_24,Ropa,722.05,24,2023-01-24
25,Producto_25,Ropa,930.86,27,2023-01-25
26,Producto_26,Hogar,532.31,49,2023-01-26
27,Producto_27,Hogar,266.32,75,2023-01-27
28,Producto_28,Hogar,62.3,23,2023-01-28
29,Producto_29,Ropa,728.82,33,2023-01-29
30,Producto_30,Ropa,130.09,41,2023-01-30
31,Producto_31,Electrónica,309.75,56,2023-01-31
32,Producto_32,Electrónica,537.15,29,2023-02-01
33,Producto_33,Ropa,568.77,31,2023-02-02
34,Producto_34,Hogar,604.58,65,2023-02-03
35,Producto_35,Hogar,174.59,98,2023-02-04
36,Producto_36,Electrónica,385.94,18,2023-02-05
37,Producto_37,Ropa,621.02,82,2023-02-06
38,Producto_38,Electrónica,970.12,6,2023-02-07
39,Producto_39,Electrónica,730.35,52,2023-02-08
40,Producto_40,Deportes,923.38,40,2023-02-09
41,Producto_41,Deportes,764.59,65,2023-02-10
42,Producto_42,Deportes,595.8,42,2023-02-11
43,Producto_43,Hogar,200.1,94,2023-02-12
44,Producto_44,Ropa,670.02,68,2023-02-13
45,Producto_45,Ropa,627.15,32,2023-02-14
46,Producto_46,Ropa,606.44,10,2023-02-15
47,Producto_47,Ropa,494.89,69,2023-02-16
48,Producto_48,Deportes,533.37,9,2023-02-17
49,Producto_49,Hogar,341.1,69,2023-02-18
50,Producto_50,Hogar,524.12,61,2023-02-19
51,Producto_51,Deportes,205.58,11,2023-02-20
52,Producto_52,Hogar,807.12,99,2023-02-21
53,Producto_53,Deportes,193.92,91,2023-02-22
54,Producto_54,Ropa,94.12,68,2023-02-23
55,Producto_55,Deportes,441.88,74,2023-02-24
56,Producto_56,Ropa,661.72,97,2023-02-25
57,Producto_57,Ropa,443.34,8,2023-02-26
58,Producto_58,Electrónica,283.99,49,2023-02-27
59,Producto_59,Deportes,562.59,24,2023-02-28
60,Producto_60,Electrónica,353.53,33,2023-03-01
61,Producto_61,Deportes,933.54,19,2023-03-02
62,Producto_62,Deportes,923.42,2,2023-03-03
63,Producto_63,Electrónica,507.35,55,2023-03-04
64,Producto_64,Electrónica,334.61,11,2023-03-05
65,Producto_65,Deportes,739.76,99,2023-03-06
66,Producto_66,Hogar,46.35,17,2023-03-07
67,Producto_67,Ropa,480.02,42,2023-03-08
68,Producto_68,Electrónica,342.96,61,2023-03-09
69,Producto_69,Ropa,921.33,3,2023-03-10
70,Producto_70,Hogar,21.88,86,2023-03-11
71,Producto_71,Hogar,557.29,35,2023-03-12
72,Producto_72,Hogar,743.26,85,2023-03-13
73,Producto_73,Electrónica,490.17,89,2023-03-14
74,Producto_74,Hogar,94.55,66,2023-03-15
75,Producto_75,Electrónica,972.74,1,2023-03-16
76,Producto_76,Hogar,522.83,7,2023-03-17
77,Producto_77,Ropa,618.04,20,2023-03-18
78,Producto_78,Ropa,244.24,43,2023-03-19
79,Producto_79,Deportes,488.66,6,2023-03-20
80,Producto_80,Ropa,434.86,55,2023-03-21
81,Producto_81,Deportes,84.15,21,2023-03-22
82,Producto_82,Ropa,115.1,51,2023-03-23
83,Producto_83,Electrónica,839.1,46,2023-03-24
84,Producto_84,Ropa,247.42,35,2023-03-25
85,Producto_85,Deportes,203.01,8,2023-03-26
86,Producto_86,Deportes,509.86,68,2023-03-27
87,Producto_87,Hogar,771.06,16,2023-03-28
88,Producto_88,Electrónica,71.33,67,2023-03-29
89,Producto_89,Ropa,581.04,71,2023-03-30
90,Producto_90,Hogar,128.02,64,2023-03-31
91,Producto_91,Ropa,46.1,2,2023-04-01
92,Producto_92,Ropa,62.22,1,2023-04-02
93,Producto_93,Hogar,835.82,58,2023-04-03
94,Producto_94,Hogar,126.79,1,2023-04-04
95,Producto_95,Hogar,54.7,7,2023-04-05
96,Producto_96,Hogar,443.52,88,2023-04-06
97,Producto_97,Hogar,845.55,69,2023-04-07
98,Producto_98,Ropa,269.78,85,2023-04-08
99,Producto_99,Hogar,427.5,92,2023-04-09
100,Producto_100,Electrónica,49.52,18,2023-04-10
101,Producto_101,Deportes,454.59,88,2023-04-11
102,Producto_102,Hogar,581.84,32,2023-04-12
103,Producto_103,Hogar,575.2,45,2023-04-13
104,Producto_104,Ropa,339.1,33,2023-04-14
105,Producto_105,Hogar,322.38,74,2023-04-15
106,Producto_106,Hogar,115.56,73,2023-04-16
107,Producto_107,Hogar,373.13,49,2023-04-17
108,Producto_108,Ropa,108.5,33,2023-04-18
109,Producto_109,Hogar,768.93,97,2023-04-19
110,Producto_110,Deportes,966.61,71,2023-04-20
111,Producto_111,Ropa,970.37,68,2023-04-21
112,Producto_112,Deportes,866.42,28,2023-04-22
113,Producto_113,Ropa,604.78,87,2023-04-23
114,Producto_114,Hogar,703.86,53,2023-04-24
115,Producto_115,Deportes,292.35,96,2023-04-25
116,Producto_116,Ropa,634.46,44,2023-04-26
117,Producto_117,Electrónica,461.09,80,2023-04-27
118,Producto_118,Hogar,487.2,55,2023-04-28
119,Producto_119,Ropa,760.2,10,2023-04-29
120,Producto_120,Electrónica,289.1,14,2023-04-30
121,Producto_121,Ropa,324.86,36,2023-05-01
122,Producto_122,Electrónica,925.4,34,2023-05-02
123,Producto_123,Hogar,65.66,88,2023-05-03
124,Producto_124,Deportes,490.78,18,2023-05-04
125,Producto_125,Electrónica,913.67,16,2023-05-05
126,Producto_126,Ropa,614.26,37,2023-05-06
127,Producto_127,Hogar,550.94,41,2023-05-07
128,Producto_128,Electrónica,257.25,25,2023-05-08
129,Producto_129,Ropa,349.84,8,2023-05-09
130,Producto_130,Ropa,853.53,88,2023-05-10
131,Producto_131,Ropa,563.63,84,2023-05-11
132,Producto_132,Electrónica,519.59,94,2023-05-12
133,Producto_133,Electrónica,108.58,84,2023-05-13
134,Producto_134,Electrónica,25.87,18,2023-05-14
135,Producto_135,Deportes,964.05,68,2023-05-15
136,Producto_136,Electrónica,383.22,48,2023-05-16
137,Producto_137,Electrónica,607.18,70,2023-05-17
138,Producto_138,Electrónica,88.92,67,2023-05-18
139,Producto_139,Deportes,686.28,18,2023-05-19
140,Producto_140,Electrónica,933.24,18,2023-05-20
141,Producto_141,Ropa,579.91,56,2023-05-21
142,Producto_142,Electrónica,134.85,23,2023-05-22
143,Producto_143,Ropa,585.9,35,2023-05-23
144,Producto_144,Ropa,768.68,6,2023-05-24
145,Producto_145,Ropa,412.35,26,2023-05-25
146,Producto_146,Deportes,881.04,85,2023-05-26
147,Producto_147,Deportes,652.2,61,2023-05-27
148,Producto_148,Deportes,900.26,88,2023-05-28
149,Producto_149,Electrónica,627.27,15,2023-05-29
150,Producto_150,Ropa,139.98,91,2023-05-30
151,Producto_151,Deportes,316.59,32,2023-05-31
152,Producto_152,Deportes,209.78,12,2023-06-01
153,Producto_153,Electrónica,909.74,5,2023-06-02
154,Producto_154,Deportes,762.8,64,2023-06-03
155,Producto_155,Electrónica,679.63,71,2023-06-04
156,Producto_156,Hogar,307.96,86,2023-06-05
157,Producto_157,Deportes,192.2,27,2023-06-06
158,Producto_158,Hogar,758.89,79,2023-06-07
159,Producto_159,Electrónica,479.42,45,2023-06-08
160,Producto_160,Ropa,233.53,35,2023-06-09
161,Producto_161,Deportes,620.46,26,2023-06-10
162,Producto_162,Electrónica,49.93,23,2023-06-11
163,Producto_163,Ropa,332.91,13,2023-06-12
164,Producto_164,Ropa,473.87,90,2023-06-13
165,Producto_165,Hogar,156.48,3,2023-06-14
166,Producto_166,Electrónica,984.81,29,2023-06-15
167,Producto_167,Ropa,217.01,66,2023-06-16
168,Producto_168,Deportes,139.05,64,2023-06-17
169,Producto_169,Deportes,211.5,28,2023-06-18
170,Producto_170,Hogar,771.37,87,2023-06-19
171,Producto_171,Ropa,431.25,36,2023-06-20
172,Producto_172,Electrónica,569.76,6,2023-06-21
173,Producto_173,Deportes,30.8,11,2023-06-22
174,Producto_174,Ropa,44.09,38,2023-06-23
175,Producto_175,Ropa,451.37,34,2023-06-24
176,Producto_176,Hogar,818.49,81,2023-06-25
177,Producto_177,Deportes,886.39,67,2023-06-26
178,Producto_178,Deportes,95.84,46,2023-06-27
179,Producto_179,Electrónica,542.98,98,2023-06-28
180,Producto_180,Deportes,914.1,86,2023-06-29
181,Producto_181,Electrónica,394.09,29,2023-06-30
182,Producto_182,Deportes,831.27,60,2023-07-01
183,Producto_183,Hogar,142.36,54,2023-07-02
184,Producto_184,Deportes,936.04,93,2023-07-03
185,Producto_185,Electrónica,753.91,69,2023-07-04
186,Producto_186,Electrónica,941.92,74,2023-07-05
187,Producto_187,Hogar,679.85,74,2023-07-06
188,Producto_188,Deportes,369.77,9,2023-07-07
189,Producto_189,Deportes,938.8,85,2023-07-08
190,Producto_190,Hogar,282.81,77,2023-07-09
191,Producto_191,Deportes,338.85,10,2023-07-10
192,Producto_192,Deportes,703.8,75,2023-07-11
193,Producto_193,Electrónica,767.66,68,2023-07-12
194,Producto_194,Deportes,930.11,58,2023-07-13
195,Producto_195,Deportes,212.75,95,2023-07-14
196,Producto_196,Hogar,800.02,52,2023-07-15
197,Producto_197,Hogar,741.16,34,2023-07-16
198,Producto_198,Ropa,73.16,35,2023-07-17
199,Producto_199,Electrónica,393.35,33,2023-07-18
200,Producto_200,Deportes,289.94,72,2023-07-19
201,Producto_201,Deportes,311.45,32,2023-07-20
202,Producto_202,Ropa,983.12,55,2023-07-21
203,Producto_203,Deportes,646.35,97,2023-07-22
204,Producto_204,Electrónica,720.5,8,2023-07-23
205,Producto_205,Ropa,976.85,46,2023-07-24
206,Producto_206,Electrónica,383.43,14,2023-07-25
207,Producto_207,Ropa,803.82,98,2023-07-26
208,Producto_208,Ropa,440.19,8,2023-07-27
209,Producto_209,Hogar,870.84,71,2023-07-28
210,Producto_210,Electrónica,188.85,77,2023-07-29
211,Producto_211,Deportes,948.21,54,2023-07-30
212,Producto_212,Deportes,226.58,21,2023-07-31
213,Producto_213,Electrónica,332.96,96,2023-08-01
214,Producto_214,Deportes,758.63,75,2023-08-02
215,Producto_215,Deportes,399.82,14,2023-08-03
216,Producto_216,Electrónica,612.13,75,2023-08-04
217,Producto_217,Ropa,450.13,2,2023-08-05
218,Producto_218,Electrónica,744.95,98,2023-08-06
219,Producto_219,Ropa,236.05,61,2023-08-07
220,Producto_220,Deportes,67.87,17,2023-08-08
221,Producto_221,Deportes,306.93,78,2023-08-09
222,Producto_222,Deportes,479.57,89,2023-08-10
223,Producto_223,Hogar,176.34,48,2023-08-11
224,Producto_224,Ropa,361.25,91,2023-08-12
225,Producto_225,Hogar,405.98,8,2023-08-13
226,Producto_226,Hogar,66.82,56,2023-08-14
227,Producto_227,Electrónica,587.47,17,2023-08-15
228,Producto_228,Hogar,885.5,69,2023-08-16
229,Producto_229,Electrónica,160.23,12,2023-08-17
230,Producto_230,Electrónica,601.83,38,2023-08-18
231,Producto_231,Hogar,668.09,18,2023-08-19
232,Producto_232,Ropa,425.14,26,2023-08-20
233,Producto_233,Ropa,704.09,95,2023-08-21
234,Producto_234,Ropa,416.62,37,2023-08-22
235,Producto_235,Ropa,509.59,70,2023-08-23
236,Producto_236,Ropa,17.28,41,2023-08-24
237,Producto_237,Hogar,694.8,79,2023-08-25
238,Producto_238,Hogar,664.73,42,2023-08-26
239,Producto_239,Deportes,48.02,90,2023-08-27
240,Producto_240,Ropa,374.57,76,2023-08-28
241,Producto_241,Hogar,979.24,41,2023-08-29
242,Producto_242,Deportes,426.53,47,2023-08-30
243,Producto_243,Ropa,506.93,14,2023-08-31
244,Producto_244,Electrónica,910.83,1,2023-09-01
245,Producto_245,Deportes,720.09,17,2023-09-02
246,Producto_246,Hogar,586.25,97,2023-09-03
247,Producto_247,Electrónica,799.83,55,2023-09-04
248,Producto_248,Electrónica,865.72,93,2023-09-05
249,Producto_249,Electrónica,462.32,53,2023-09-06
250,Producto_250,Deportes,480.36,31,2023-09-07
251,Producto_251,Hogar,392.19,62,2023-09-08
252,Producto_252,Electrónica,967.04,8,2023-09-09
253,Producto_253,Ropa,700.19,30,2023-09-10
254,Producto_254,Electrónica,92.39,77,2023-09-11
255,Producto_255,Electrónica,864.33,80,2023-09-12
256,Producto_256,Deportes,485.75,66,2023-09-13
257,Producto_257,Deportes,78.07,45,2023-09-14
258,Producto_258,Hogar,554.22,18,2023-09-15
259,Producto_259,Ropa,422.99,99,2023-09-16
260,Producto_260,Deportes,878.97,45,2023-09-17
261,Producto_261,Electrónica,211.95,19,2023-09-18
262,Producto_262,Hogar,828.2,77,2023-09-19
263,Producto_263,Electrónica,562.11,68,2023-09-20
264,Producto_264,Electrónica,64.06,83,2023-09-21
265,Producto_265,Deportes,972.13,50,2023-09-22
266,Producto_266,Hogar,517.49,25,2023-09-23
267,Producto_267,Ropa,297.97,38,2023-09-24
268,Producto_268,Ropa,474.71,95,2023-09-25
269,Producto_269,Deportes,859.28,36,2023-09-26
270,Producto_270,Deportes,311.85,68,2023-09-27
271,Producto_271,Hogar,200.75,56,2023-09-28
272,Producto_272,Ropa,137.78,39,2023-09-29
273,Producto_273,Ropa,304.88,63,2023-09-30
274,Producto_274,Ropa,782.25,7,2023-10-01
275,Producto_275,Electrónica,476.91,58,2023-10-02
276,Producto_276,Ropa,235.21,80,2023-10-03
277,Producto_277,Electrónica,174.52,59,2023-10-04
278,Producto_278,Hogar,339.4,48,2023-10-05
279,Producto_279,Electrónica,940.53,5,2023-10-06
280,Producto_280,Hogar,349.6,87,2023-10-07
281,Producto_281,Ropa,988.24,36,2023-10-08
282,Producto_282,Ropa,490.38,96,2023-10-09
283,Producto_283,Hogar,187.37,88,2023-10-10
284,Producto_284,Deportes,892.23,25,2023-10-11
285,Producto_285,Hogar,465.75,45,2023-10-12
286,Producto_286,Deportes,712.57,92,2023-10-13
287,Producto_287,Electrónica,983.87,19,2023-10-14
288,Producto_288,Electrónica,59.67,7,2023-10-15
289,Producto_289,Electrónica,105.73,58,2023-10-16
290,Producto_290,Ropa,723.25,81,2023-10-17
291,Producto_291,Electrónica,289.01,66,2023-10-18
292,Producto_292,Deportes,192.46,80,2023-10-19
293,Producto_293,Electrónica,48.97,39,2023-10-20
294,Producto_294,Hogar,31.63,18,2023-10-21
295,Producto_295,Hogar,776.74,1,2023-10-22
296,Producto_296,Ropa,143.09,63,2023-10-23
297,Producto_297,Hogar,473.04,3,2023-10-24
298,Producto_298,Deportes,609.84,21,2023-10-25
299,Producto_299,Electrónica,434.07,30,2023-10-26
300,Producto_300,Ropa,36.84,11,2023-10-27
301,Producto_301,Electrónica,785.67,22,2023-10-28
302,Producto_302,Electrónica,20.41,57,2023-10-29
303,Producto_303,Deportes,764.27,89,2023-10-30
304,Producto_304,Hogar,894.37,3,2023-10-31
305,Producto_305,Hogar,438.51,30,2023-11-01
306,Producto_306,Electrónica,540.19,88,2023-11-02
307,Producto_307,Ropa,482.21,45,2023-11-03
308,Producto_308,Hogar,395.32,36,2023-11-04
309,Producto_309,Ropa,888.55,87,2023-11-05
310,Producto_310,Hogar,894.99,72,2023-11-06
311,Producto_311,Ropa,342.46,64,2023-11-07
312,Producto_312,Deportes,618.92,54,2023-11-08
313,Producto_313,Ropa,927.64,68,2023-11-09
314,Producto_314,Deportes,962.44,50,2023-11-10
315,Producto_315,Deportes,513.87,31,2023-11-11
316,Producto_316,Ropa,458.3,29,2023-11-12
317,Producto_317,Deportes,285.91,59,2023-11-13
318,Producto_318,Electrónica,959.28,36,2023-11-14
319,Producto_319,Deportes,151.39,77,2023-11-15
320,Producto_320,Hogar,584.03,73,2023-11-16
321,Producto_321,Ropa,289.72,85,2023-11-17
322,Producto_322,Electrónica,286.22,67,2023-11-18
323,Producto_323,Ropa,410.92,89,2023-11-19
324,Producto_324,Hogar,998.81,89,2023-11-20
325,Producto_325,Hogar,64.42,76,2023-11-21
326,Producto_326,Hogar,582.76,93,2023-11-22
327,Producto_327,Deportes,91.75,11,2023-11-23
328,Producto_328,Deportes,162.98,11,2023-11-24
329,Producto_329,Ropa,445.17,26,2023-11-25
330,Producto_330,Ropa,515.36,53,2023-11-26
331,Producto_331,Electrónica,266.2,14,2023-11-27
332,Producto_332,Electrónica,323.29,64,2023-11-28
333,Producto_333,Ropa,96.1,80,2023-11-29
334,Producto_334,Deportes,310.19,10,2023-11-30
335,Producto_335,Hogar,966.89,31,2023-12-01
336,Producto_336,Ropa,945.26,95,2023-12-02
337,Producto_337,Electrónica,341.53,36,2023-12-03
338,Producto_338,Deportes,575.15,10,2023-12-04
339,Producto_339,Ropa,910.5,26,2023-12-05
340,Producto_340,Ropa,16.12,20,2023-12-06
341,Producto_341,Deportes,812.58,44,2023-12-07
342,Producto_342,Ropa,948.89,62,2023-12-08
343,Producto_343,Deportes,100.41,73,2023-12-09
344,Producto_344,Hogar,169.83,79,2023-12-10
345,Producto_345,Deportes,961.14,9,2023-12-11
346,Producto_346,Deportes,542.16,71,2023-12-12
347,Producto_347,Deportes,24.05,90,2023-12-13
348,Producto_348,Ropa,265.06,24,2023-12-14
349,Producto_349,Ropa,455.44,12,2023-12-15
350,Producto_350,Deportes,695.98,60,2023-12-16
351,Producto_351,Ropa,735.83,84,2023-12-17
352,Producto_352,Electrónica,995.47,78,2023-12-18
353,Producto_353,Electrónica,294.64,86,2023-12-19
354,Producto_354,Ropa,542.84,16,2023-12-20
355,Producto_355,Ropa,537.99,29,2023-12-21
356,Producto_356,Deportes,411.59,32,2023-12-22
357,Producto_357,Hogar,177.47,83,2023-12-23
358,Producto_358,Ropa,977.68,35,2023-12-24
359,Producto_359,Electrónica,854.78,43,2023-12-25
360,Producto_360,Deportes,503.35,96,2023-12-26
361,Producto_361,Ropa,607.21,53,2023-12-27
362,Producto_362,Electrónica,234.99,20,2023-12-28
363,Producto_363,Electrónica,548.35,84,2023-12-29
364,Producto_364,Hogar,698.02,8,2023-12-30
365,Producto_365,Deportes,520.02,99,2023-12-31
366,Producto_366,Deportes,990.38,42,2024-01-01
367,Producto_367,Hogar,615.23,77,2024-01-02
368,Producto_368,Hogar,377.26,70,2024-01-03
369,Producto_369,Deportes,774.43,16,2024-01-04
370,Producto_370,Deportes,178.76,69,2024-01-05
371,Producto_371,Ropa,390.67,53,2024-01-06
372,Producto_372,Ropa,353.49,45,2024-01-07
373,Producto_373,Hogar,437.49,51,2024-01-08
374,Producto_374,Ropa,783.96,98,2024-01-09
375,Producto_375,Electrónica,489.33,6,2024-01-10
376,Producto_376,Ropa,796.07,33,2024-01-11
377,Producto_377,Ropa,580.72,79,2024-01-12
378,Producto_378,Electrónica,348.65,15,2024-01-13
379,Producto_379,Hogar,811.88,14,2024-01-14
380,Producto_380,Electrónica,245.91,39,2024-01-15
381,Producto_381,Ropa,232.14,63,2024-01-16
382,Producto_382,Hogar,509.46,5,2024-01-17
383,Producto_383,Ropa,268.24,90,2024-01-18
384,Producto_384,Electrónica,19.0,81,2024-01-19
385,Producto_385,Electrónica,651.81,52,2024-01-20
386,Producto_386,Ropa,515.98,16,2024-01-21
387,Producto_387,Deportes,451.06,99,2024-01-22
388,Producto_388,Deportes,967.3,38,2024-01-23
389,Producto_389,Electrónica,575.49,53,2024-01-24
390,Producto_390,Electrónica,864.8,87,2024-01-25
391,Producto_391,Deportes,148.06,77,2024-01-26
392,Producto_392,Deportes,573.51,97,2024-01-27
393,Producto_393,Ropa,869.3,93,2024-01-28
394,Producto_394,Ropa,587.27,53,2024-01-29
395,Producto_395,Deportes,720.83,46,2024-01-30
396,Producto_396,Ropa,378.32,98,2024-01-31
397,Producto_397,Ropa,101.53,98,2024-02-01
398,Producto_398,Hogar,463.32,91,2024-02-02
399,Producto_399,Ropa,400.53,15,2024-02-03
400,Producto_400,Electrónica,868.39,59,2024-02-04
401,Producto_401,Ropa,251.56,50,2024-02-05
402,Producto_402,Ropa,967.07,9,2024-02-06
403,Producto_403,Deportes,958.56,26,2024-02-07
404,Producto_404,Electrónica,255.16,3,2024-02-08
405,Producto_405,Ropa,354.57,47,2024-02-09
406,Producto_406,Ropa,896.6,5,2024-02-10
407,Producto_407,Hogar,966.96,62,2024-02-11
408,Producto_408,Ropa,449.0,84,2024-02-12
409,Producto_409,Ropa,327.79,84,2024-02-13
410,Producto_410,Hogar,530.83,5,2024-02-14
411,Producto_411,Deportes,690.89,10,2024-02-15
412,Producto_412,Ropa,280.74,80,2024-02-16
413,Producto_413,Hogar,739.11,63,2024-02-17
414,Producto_414,Electrónica,61.14,25,2024-02-18
415,Producto_415,Deportes,58.8,44,2024-02-19
416,Producto_416,Electrónica,392.42,25,2024-02-20
417,Producto_417,Electrónica,359.94,30,2024-02-21
418,Producto_418,Hogar,322.48,14,2024-02-22
419,Producto_419,Ropa,496.11,86,2024-02-23
420,Producto_420,Hogar,327.53,43,2024-02-24
421,Producto_421,Hogar,200.34,28,2024-02-25
422,Producto_422,Hogar,316.37,94,2024-02-26
423,Producto_423,Hogar,975.16,19,2024-02-27
424,Producto_424,Deportes,417.0,42,2024-02-28
425,Producto_425,Ropa,450.27,20,2024-02-29
426,Producto_426,Electrónica,580.78,99,2024-03-01
427,Producto_427,Electrónica,983.51,86,2024-03-02
428,Producto_428,Ropa,249.19,79,2024-03-03
429,Producto_429,Electrónica,684.47,11,2024-03-04
430,Producto_430,Ropa,718.82,54,2024-03-05
431,Producto_431,Electrónica,611.25,98,2024-03-06
432,Producto_432,Hogar,97.69,24,2024-03-07
433,Producto_433,Electrónica,680.1,70,2024-03-08
434,Producto_434,Ropa,73.45,17,2024-03-09
435,Producto_435,Ropa,600.18,28,2024-03-10
436,Producto_436,Ropa,742.19,50,2024-03-11
437,Producto_437,Ropa,218.86,95,2024-03-12
438,Producto_438,Ropa,843.21,55,2024-03-13
439,Producto_439,Deportes,40.05,73,2024-03-14
440,Producto_440,Deportes,845.37,10,2024-03-15
441,Producto_441,Electrónica,465.73,21,2024-03-16
442,Producto_442,Ropa,225.41,58,2024-03-17
443,Producto_443,Electrónica,142.44,34,2024-03-18
444,Producto_444,Ropa,953.77,95,2024-03-19
445,Producto_445,Ropa,81.94,93,2024-03-20
446,Producto_446,Deportes,207.1,43,2024-03-21
447,Producto_447,Deportes,354.34,11,2024-03-22
448,Producto_448,Hogar,624.03,33,2024-03-23
449,Producto_449,Deportes,549.35,58,2024-03-24
450,Producto_450,Hogar,134.39,46,2024-03-25
451,Producto_451,Hogar,296.83,61,2024-03-26
452,Producto_452,Hogar,246.36,62,2024-03-27
453,Producto_453,Hogar,221.41,1,2024-03-28
454,Producto_454,Hogar,417.03,21,2024-03-29
455,Producto_455,Electrónica,706.99,62,2024-03-30
456,Producto_456,Deportes,225.28,64,2024-03-31
457,Producto_457,Hogar,373.01,87,2024-04-01
458,Producto_458,Ropa,397.01,73,2024-04-02
459,Producto_459,Deportes,976.69,56,2024-04-03
460,Producto_460,Deportes,955.12,1,2024-04-04
461,Producto_461,Hogar,802.14,21,2024-04-05
462,Producto_462,Electrónica,249.24,22,2024-04-06
463,Producto_463,Hogar,77.36,54,2024-04-07
464,Producto_464,Electrónica,323.74,4,2024-04-08
465,Producto_465,Ropa,274.13,65,2024-04-09
466,Producto_466,Deportes,510.87,51,2024-04-10
467,Producto_467,Ropa,779.95,74,2024-04-11
468,Producto_468,Electrónica,859.74,63,2024-04-12
469,Producto_469,Electrónica,846.42,15,2024-04-13
470,Producto_470,Ropa,366.08,36,2024-04-14
471,Producto_471,Electrónica,690.36,29,2024-04-15
472,Producto_472,Ropa,319.71,52,2024-04-16
473,Producto_473,Deportes,70.3,46,2024-04-17
474,Producto_474,Ropa,704.55,69,2024-04-18
475,Producto_475,Deportes,19.73,29,2024-04-19
476,Producto_476,Ropa,415.09,47,2024-04-20
477,Producto_477,Electrónica,336.09,91,2024-04-21
478,Producto_478,Ropa,696.44,25,2024-04-22
479,Producto_479,Electrónica,768.58,80,2024-04-23
480,Producto_480,Ropa,311.05,16,2024-04-24
481,Producto_481,Ropa,813.51,89,2024-04-25
482,Producto_482,Hogar,300.98,41,2024-04-26
483,Producto_483,Electrónica,451.86,65,2024-04-27
484,Producto_484,Hogar,729.75,69,2024-04-28
485,Producto_485,Electrónica,695.99,20,2024-04-29
486,Producto_486,Hogar,987.49,69,2024-04-30
487,Producto_487,Deportes,232.91,36,2024-05-01
488,Producto_488,Ropa,665.69,93,2024-05-02
489,Producto_489,Electrónica,613.59,98,2024-05-03
490,Producto_490,Electrónica,915.95,58,2024-05-04
491,Producto_491,Ropa,164.8,48,2024-05-05
492,Producto_492,Electrónica,754.28,82,2024-05-06
493,Producto_493,Electrónica,572.59,2,2024-05-07
494,Producto_494,Hogar,281.92,80,2024-05-08
495,Producto_495,Electrónica,479.69,29,2024-05-09
496,Producto_496,Deportes,340.44,97,2024-05-10
497,Producto_497,Deportes,583.52,16,2024-05-11
498,Producto_498,Ropa,890.11,35,2024-05-12
499,Producto_499,Electrónica,573.61,62,2024-05-13
500,Producto_500,Ropa,635.41,81,2024-05-14
501,Producto_501,Deportes,523.56,4,2024-05-15
502,Producto_502,Electrónica,60.65,68,2024-05-16
503,Producto_503,Electrónica,240.53,51,2024-05-17
504,Producto_504,Ropa,497.08,89,2024-05-18
505,Producto_505,Deportes,317.13,33,2024-05-19
506,Producto_506,Electrónica,189.95,78,2024-05-20
507,Producto_507,Ropa,509.09,24,2024-05-21
508,Producto_508,Deportes,329.58,75,2024-05-22
509,Producto_509,Ropa,265.53,25,2024-05-23
510,Producto_510,Hogar,469.35,28,2024-05-24
511,Producto_511,Electrónica,141.95,7,2024-05-25
512,Producto_512,Hogar,928.47,36,2024-05-26
513,Producto_513,Deportes,869.03,10,2024-05-27
514,Producto_514,Hogar,710.54,36,2024-05-28
515,Producto_515,Hogar,115.15,95,2024-05-29
516,Producto_516,Deportes,778.12,83,2024-05-30
517,Producto_517,Ropa,809.88,18,2024-05-31
518,Producto_518,Hogar,770.09,6,2024-06-01
519,Producto_519,Ropa,122.83,92,2024-06-02
520,Producto_520,Hogar,647.47,7,2024-06-03
521,Producto_521,Ropa,835.98,12,2024-06-04
522,Producto_522,Deportes,581.58,41,2024-06-05
523,Producto_523,Hogar,649.94,63,2024-06-06
524,Producto_524,Deportes,463.78,98,2024-06-07
525,Producto_525,Hogar,533.42,25,2024-06-08
526,Producto_526,Deportes,44.03,81,2024-06-09
527,Producto_527,Deportes,642.57,53,2024-06-10
528,Producto_528,Hogar,90.63,33,2024-06-11
529,Producto_529,Hogar,440.66,87,2024-06-12
530,Producto_530,Hogar,299.73,73,2024-06-13
531,Producto_531,Electrónica,549.97,6,2024-06-14
532,Producto_532,Ropa,142.08,62,2024-06-15
533,Producto_533,Electrónica,694.73,66,2024-06-16
534,Producto_534,Electrónica,797.06,9,2024-06-17
535,Producto_535,Deportes,171.72,67,2024-06-18
536,Producto_536,Hogar,113.27,16,2024-06-19
537,Producto_537,Ropa,154.06,89,2024-06-20
538,Producto_538,Deportes,878.36,88,2024-06-21
539,Producto_539,Electrónica,532.91,93,2024-06-22
540,Producto_540,Hogar,472.59,55,2024-06-23
541,Producto_541,Deportes,115.64,40,2024-06-24
542,Producto_542,Hogar,653.06,26,2024-06-25
543,Producto_543,Deportes,869.32,38,2024-06-26
544,Producto_544,Hogar,829.9,35,2024-06-27
545,Producto_545,Electrónica,629.79,87,2024-06-28
546,Producto_546,Ropa,84.53,68,2024-06-29
547,Producto_547,Electrónica,121.27,59,2024-06-30
548,Producto_548,Ropa,58.82,14,2024-07-01
549,Producto_549,Hogar,264.9,47,2024-07-02
550,Producto_550,Deportes,144.3,71,2024-07-03
551,Producto_551,Electrónica,267.45,72,2024-07-04
552,Producto_552,Ropa,391.21,42,2024-07-05
553,Producto_553,Electrónica,943.55,51,2024-07-06
554,Producto_554,Ropa,614.27,19,2024-07-07
555,Producto_555,Electrónica,836.62,66,2024-07-08
556,Producto_556,Ropa,713.25,47,2024-07-09
557,Producto_557,Ropa,121.38,65,2024-07-10
558,Producto_558,Hogar,738.56,42,2024-07-11
559,Producto_559,Ropa,282.35,38,2024-07-12
560,Producto_560,Hogar,642.72,13,2024-07-13
561,Producto_561,Ropa,347.55,44,2024-07-14
562,Producto_562,Deportes,997.7,24,2024-07-15
563,Producto_563,Deportes,270.92,96,2024-07-16
564,Producto_564,Deportes,286.34,30,2024-07-17
565,Producto_565,Ropa,931.37,70,2024-07-18
566,Producto_566,Hogar,34.4,38,2024-07-19
567,Producto_567,Hogar,699.72,97,2024-07-20
568,Producto_568,Ropa,728.07,23,2024-07-21
569,Producto_569,Deportes,838.01,74,2024-07-22
570,Producto_570,Deportes,974.69,57,2024-07-23
571,Producto_571,Hogar,975.85,79,2024-07-24
572,Producto_572,Deportes,74.62,23,2024-07-25
573,Producto_573,Electrónica,823.62,36,2024-07-26
574,Producto_574,Hogar,649.85,57,2024-07-27
575,Producto_575,Deportes,650.87,1,2024-07-28
576,Producto_576,Hogar,137.07,72,2024-07-29
577,Producto_577,Electrónica,653.69,3,2024-07-30
578,Producto_578,Hogar,982.66,14,2024-07-31
579,Producto_579,Hogar,912.7,81,2024-08-01
580,Producto_580,Hogar,444.74,34,2024-08-02
581,Producto_581,Hogar,49.55,70,2024-08-03
582,Producto_582,Electrónica,368.67,69,2024-08-04
583,Producto_583,Ropa,828.13,51,2024-08-05
584,Producto_584,Hogar,704.48,29,2024-08-06
585,Producto_585,Hogar,464.75,99,2024-08-07
586,Producto_586,Deportes,64.55,82,2024-08-08
587,Producto_587,Hogar,432.63,48,2024-08-09
588,Producto_588,Deportes,474.33,94,2024-08-10
589,Producto_589,Ropa,929.27,79,2024-08-11
590,Producto_590,Electrónica,644.68,79,2024-08-12
591,Producto_591,Electrónica,318.54,16,2024-08-13
592,Producto_592,Ropa,530.07,57,2024-08-14
593,Producto_593,Electrónica,75.39,97,2024-08-15
594,Producto_594,Ropa,972.84,10,2024-08-16
595,Producto_595,Ropa,366.46,19,2024-08-17
596,Producto_596,Ropa,483.09,67,2024-08-18
597,Producto_597,Electrónica,361.73,36,2024-08-19
598,Producto_598,Deportes,685.69,4,2024-08-20
599,Producto_599,Ropa,665.61,75,2024-08-21
600,Producto_600,Hogar,718.17,33,2024-08-22
601,Producto_601,Electrónica,275.46,28,2024-08-23
602,Producto_602,Ropa,322.51,96,2024-08-24
603,Producto_603,Ropa,134.0,80,2024-08-25
604,Producto_604,Hogar,658.95,9,2024-08-26
605,Producto_605,Deportes,49.4,75,2024-08-27
606,Producto_606,Deportes,601.71,6,2024-08-28
607,Producto_607,Deportes,871.0,49,2024-08-29
608,Producto_608,Ropa,891.92,91,2024-08-30
609,Producto_609,Ropa,454.55,76,2024-08-31
610,Producto_610,Ropa,464.71,22,2024-09-01
611,Producto_611,Electrónica,86.2,48,2024-09-02
612,Producto_612,Hogar,674.06,21,2024-09-03
613,Producto_613,Ropa,823.05,33,2024-09-04
614,Producto_614,Hogar,252.21,81,2024-09-05
615,Producto_615,Hogar,427.09,56,2024-09-06
616,Producto_616,Deportes,840.45,29,2024-09-07
617,Producto_617,Electrónica,878.35,53,2024-09-08
618,Producto_618,Ropa,250.75,40,2024-09-09
619,Producto_619,Deportes,555.06,74,2024-09-10
620,Producto_620,Deportes,200.57,18,2024-09-11
621,Producto_621,Ropa,110.86,47,2024-09-12
622,Producto_622,Hogar,912.01,13,2024-09-13
623,Producto_623,Deportes,822.3,27,2024-09-14
624,Producto_624,Hogar,762.43,62,2024-09-15
625,Producto_625,Electrónica,58.28,74,2024-09-16
626,Producto_626,Hogar,845.29,96,2024-09-17
627,Producto_627,Electrónica,443.66,45,2024-09-18
628,Producto_628,Hogar,348.97,3,2024-09-19
629,Producto_629,Deportes,551.01,22,2024-09-20
630,Producto_630,Deportes,100.44,27,2024-09-21
631,Producto_631,Electrónica,759.08,55,2024-09-22
632,Producto_632,Ropa,586.61,67,2024-09-23
633,Producto_633,Electrónica,194.72,33,2024-09-24
634,Producto_634,Electrónica,196.35,2,2024-09-25
635,Producto_635,Hogar,192.41,75,2024-09-26
636,Producto_636,Hogar,66.43,46,2024-09-27
637,Producto_637,Electrónica,591.92,74,2024-09-28
638,Producto_638,Deportes,841.94,33,2024-09-29
639,Producto_639,Hogar,27.32,58,2024-09-30
640,Producto_640,Ropa,58.51,7,2024-10-01
641,Producto_641,Hogar,577.04,15,2024-10-02
642,Producto_642,Hogar,821.3,26,2024-10-03
643,Producto_643,Ropa,333.47,11,2024-10-04
644,Producto_644,Electrónica,356.12,38,2024-10-05
645,Producto_645,Ropa,600.38,27,2024-10-06
646,Producto_646,Electrónica,281.47,7,2024-10-07
647,Producto_647,Electrónica,36.34,1,2024-10-08
648,Producto_648,Electrónica,737.88,74,2024-10-09
649,Producto_649,Ropa,629.39,21,2024-10-10
650,Producto_650,Electrónica,584.95,79,2024-10-11
651,Producto_651,Deportes,744.27,30,2024-10-12
652,Producto_652,Ropa,678.48,94,2024-10-13
653,Producto_653,Deportes,213.82,8,2024-10-14
654,Producto_654,Electrónica,358.96,88,2024-10-15
655,Producto_655,Hogar,134.85,83,2024-10-16
656,Producto_656,Electrónica,138.56,3,2024-10-17
657,Producto_657,Deportes,679.43,55,2024-10-18
658,Producto_658,Deportes,860.01,15,2024-10-19
659,Producto_659,Ropa,963.11,36,2024-10-20
660,Producto_660,Hogar,632.06,6,2024-10-21
661,Producto_661,Ropa,192.26,42,2024-10-22
662,Producto_662,Deportes,114.59,50,2024-10-23
663,Producto_663,Electrónica,814.72,18,2024-10-24
664,Producto_664,Hogar,582.97,83,2024-10-25
665,Producto_665,Electrónica,622.1,50,2024-10-26
666,Producto_666,Electrónica,783.65,30,2024-10-27
667,Producto_667,Hogar,706.24,77,2024-10-28
668,Producto_668,Ropa,836.11,39,2024-10-29
669,Producto_669,Electrónica,65.65,12,2024-10-30
670,Producto_670,Deportes,750.05,98,2024-10-31
671,Producto_671,Electrónica,852.34,59,2024-11-01
672,Producto_672,Hogar,293.27,76,2024-11-02
673,Producto_673,Hogar,644.04,44,2024-11-03
674,Producto_674,Hogar,321.02,88,2024-11-04
675,Producto_675,Ropa,958.39,4,2024-11-05
676,Producto_676,Electrónica,43.09,36,2024-11-06
677,Producto_677,Ropa,583.99,48,2024-11-07
678,Producto_678,Ropa,174.84,14,2024-11-08
679,Producto_679,Hogar,715.1,81,2024-11-09
680,Producto_680,Hogar,184.13,49,2024-11-10
681,Producto_681,Ropa,243.03,67,2024-11-11
682,Producto_682,Electrónica,499.43,87,2024-11-12
683,Producto_683,Deportes,915.69,77,2024-11-13
684,Producto_684,Ropa,219.6,9,2024-11-14
685,Producto_685,Electrónica,152.8,21,2024-11-15
686,Producto_686,Hogar,761.39,72,2024-11-16
687,Producto_687,Hogar,505.61,81,2024-11-17
688,Producto_688,Electrónica,912.67,16,2024-11-18
689,Producto_689,Deportes,155.15,16,2024-11-19
690,Producto_690,Hogar,649.47,28,2024-11-20
691,Producto_691,Hogar,240.55,51,2024-11-21
692,Producto_692,Hogar,165.19,56,2024-11-22
693,Producto_693,Electrónica,686.6,80,2024-11-23
694,Producto_694,Ropa,597.75,57,2024-11-24
695,Producto_695,Hogar,757.28,52,2024-11-25
696,Producto_696,Ropa,316.37,46,2024-11-26
697,Producto_697,Deportes,453.49,78,2024-11-27
698,Producto_698,Hogar,411.42,38,2024-11-28
699,Producto_699,Hogar,984.25,84,2024-11-29
700,Producto_700,Deportes,299.33,48,2024-11-30
701,Producto_701,Hogar,301.87,41,2024-12-01
702,Producto_702,Ropa,361.0,98,2024-12-02
703,Producto_703,Electrónica,568.95,59,2024-12-03
704,Producto_704,Ropa,259.8,93,2024-12-04
705,Producto_705,Electrónica,916.14,67,2024-12-05
706,Producto_706,Electrónica,273.03,74,2024-12-06
707,Producto_707,Ropa,896.86,84,2024-12-07
708,Producto_708,Ropa,112.44,66,2024-12-08
709,Producto_709,Ropa,660.0,27,2024-12-09
710,Producto_710,Ropa,907.92,32,2024-12-10
711,Producto_711,Deportes,177.06,56,2024-12-11
712,Producto_712,Hogar,968.64,10,2024-12-12
713,Producto_713,Electrónica,458.35,40,2024-12-13
714,Producto_714,Ropa,946.26,17,2024-12-14
715,Producto_715,Ropa,680.05,58,2024-12-15
716,Producto_716,Ropa,308.57,97,2024-12-16
717,Producto_717,Deportes,196.42,6,2024-12-17
718,Producto_718,Ropa,310.7,39,2024-12-18
719,Producto_719,Ropa,102.09,18,2024-12-19
720,Producto_720,Ropa,152.43,73,2024-12-20
721,Producto_721,Hogar,113.61,72,2024-12-21
722,Producto_722,Deportes,428.71,89,2024-12-22
723,Producto_723,Ropa,797.62,95,2024-12-23
724,Producto_724,Electrónica,149.97,42,2024-12-24
725,Producto_725,Electrónica,139.02,4,2024-12-25
726,Producto_726,Electrónica,646.99,20,2024-12-26
727,Producto_727,Deportes,205.21,28,2024-12-27
728,Producto_728,Deportes,106.63,40,2024-12-28
729,Producto_729,Electrónica,175.18,65,2024-12-29
730,Producto_730,Ropa,924.49,44,2024-12-30
731,Producto_731,Deportes,823.26,23,2024-12-31
732,Producto_732,Electrónica,360.52,57,2025-01-01
733,Producto_733,Electrónica,659.26,47,2025-01-02
734,Producto_734,Ropa,541.9,13,2025-01-03
735,Producto_735,Hogar,680.35,16,2025-01-04
736,Producto_736,Deportes,685.84,90,2025-01-05
737,Producto_737,Ropa,632.45,55,2025-01-06
738,Producto_738,Electrónica,273.44,95,2025-01-07
739,Producto_739,Electrónica,48.62,65,2025-01-08
740,Producto_740,Ropa,461.01,81,2025-01-09
741,Producto_741,Deportes,892.06,16,2025-01-10
742,Producto_742,Hogar,573.8,37,2025-01-11
743,Producto_743,Hogar,834.07,52,2025-01-12
744,Producto_744,Electrónica,991.71,10,2025-01-13
745,Producto_745,Deportes,171.98,38,2025-01-14
746,Producto_746,Hogar,694.86,44,2025-01-15
747,Producto_747,Deportes,677.55,95,2025-01-16
748,Producto_748,Deportes,980.16,74,2025-01-17
749,Producto_749,Electrónica,985.74,54,2025-01-18
750,Producto_750,Hogar,689.81,98,2025-01-19
751,Producto_751,Ropa,251.18,51,2025-01-20
752,Producto_752,Electrónica,800.57,52,2025-01-21
753,Producto_753,Hogar,115.96,70,2025-01-22
754,Producto_754,Hogar,782.89,92,2025-01-23
755,Producto_755,Hogar,911.09,92,2025-01-24
756,Producto_756,Hogar,389.01,59,2025-01-25
757,Producto_757,Hogar,634.33,13,2025-01-26
758,Producto_758,Deportes,435.84,41,2025-01-27
759,Producto_759,Electrónica,443.39,12,2025-01-28
760,Producto_760,Deportes,317.27,50,2025-01-29
761,Producto_761,Ropa,764.51,57,2025-01-30
762,Producto_762,Hogar,936.81,50,2025-01-31
763,Producto_763,Electrónica,941.34,57,2025-02-01
764,Producto_764,Hogar,183.03,54,2025-02-02
765,Producto_765,Electrónica,876.0,66,2025-02-03
766,Producto_766,Deportes,740.06,8,2025-02-04
767,Producto_767,Electrónica,260.31,63,2025-02-05
768,Producto_768,Ropa,76.61,9,2025-02-06
769,Producto_769,Ropa,275.32,60,2025-02-07
770,Producto_770,Electrónica,913.09,63,2025-02-08
771,Producto_771,Electrónica,636.85,72,2025-02-09
772,Producto_772,Electrónica,723.84,3,2025-02-10
773,Producto_773,Electrónica,264.58,73,2025-02-11
774,Producto_774,Ropa,722.19,13,2025-02-12
775,Producto_775,Hogar,37.84,9,2025-02-13
776,Producto_776,Electrónica,381.57,95,2025-02-14
777,Producto_777,Electrónica,630.49,89,2025-02-15
778,Producto_778,Ropa,154.64,52,2025-02-16
779,Producto_779,Ropa,824.77,62,2025-02-17
780,Producto_780,Deportes,242.68,8,2025-02-18
781,Producto_781,Electrónica,655.76,95,2025-02-19
782,Producto_782,Deportes,411.15,45,2025-02-20
783,Producto_783,Ropa,600.08,53,2025-02-21
784,Producto_784,Ropa,116.38,63,2025-02-22
785,Producto_785,Hogar,26.74,95,2025-02-23
786,Producto_786,Electrónica,910.47,81,2025-02-24
787,Producto_787,Deportes,276.93,57,2025-02-25
788,Producto_788,Ropa,821.48,54,2025-02-26
789,Producto_789,Ropa,999.36,19,2025-02-27
790,Producto_790,Deportes,219.32,67,2025-02-28
791,Producto_791,Hogar,272.52,46,2025-03-01
792,Producto_792,Ropa,666.23,94,2025-03-02
793,Producto_793,Electrónica,965.79,10,2025-03-03
794,Producto_794,Ropa,916.66,93,2025-03-04
795,Producto_795,Electrónica,507.85,18,2025-03-05
796,Producto_796,Deportes,797.16,12,2025-03-06
797,Producto_797,Electrónica,144.39,49,2025-03-07
798,Producto_798,Deportes,977.66,23,2025-03-08
799,Producto_799,Electrónica,964.71,62,2025-03-09
800,Producto_800,Deportes,172.09,11,2025-03-10
801,Producto_801,Electrónica,306.43,73,2025-03-11
802,Producto_802,Hogar,109.15,56,2025-03-12
803,Producto_803,Electrónica,279.0,88,2025-03-13
804,Producto_804,Electrónica,817.8,89,2025-03-14
805,Producto_805,Hogar,384.53,55,2025-03-15
806,Producto_806,Ropa,97.51,25,2025-03-16
807,Producto_807,Ropa,348.8,9,2025-03-17
808,Producto_808,Electrónica,981.57,12,2025-03-18
809,Producto_809,Hogar,633.39,11,2025-03-19
810,Producto_810,Electrónica,422.0,38,2025-03-20
811,Producto_811,Deportes,174.87,28,2025-03-21
812,Producto_812,Deportes,986.32,8,2025-03-22
813,Producto_813,Electrónica,822.64,74,2025-03-23
814,Producto_814,Ropa,288.66,89,2025-03-24
815,Producto_815,Ropa,79.37,47,2025-03-25
816,Producto_816,Electrónica,66.06,36,2025-03-26
817,Producto_817,Electrónica,129.17,50,2025-03-27
818,Producto_818,Deportes,584.96,9,2025-03-28
819,Producto_819,Ropa,929.48,60,2025-03-29
820,Producto_820,Electrónica,501.78,72,2025-03-30
821,Producto_821,Deportes,844.52,67,2025-03-31
822,Producto_822,Ropa,451.43,53,2025-04-01
823,Producto_823,Hogar,711.5,82,2025-04-02
824,Producto_824,Deportes,734.55,99,2025-04-03
825,Producto_825,Ropa,182.22,17,2025-04-04
826,Producto_826,Ropa,367.6,53,2025-04-05
827,Producto_827,Deportes,640.93,28,2025-04-06
828,Producto_828,Hogar,79.99,63,2025-04-07
829,Producto_829,Deportes,367.92,15,2025-04-08
830,Producto_830,Ropa,539.45,19,2025-04-09
831,Producto_831,Electrónica,996.26,86,2025-04-10
832,Producto_832,Electrónica,479.79,70,2025-04-11
833,Producto_833,Deportes,817.9,47,2025-04-12
834,Producto_834,Ropa,437.75,71,2025-04-13
835,Producto_835,Electrónica,798.43,48,2025-04-14
836,Producto_836,Ropa,599.46,73,2025-04-15
837,Producto_837,Deportes,887.73,20,2025-04-16
838,Producto_838,Electrónica,416.83,37,2025-04-17
839,Producto_839,Ropa,608.26,75,2025-04-18
840,Producto_840,Electrónica,633.72,2,2025-04-19
841,Producto_841,Deportes,423.21,64,2025-04-20
842,Producto_842,Ropa,152.87,86,2025-04-21
843,Producto_843,Electrónica,102.62,36,2025-04-22
844,Producto_844,Deportes,26.5,5,2025-04-23
845,Producto_845,Electrónica,874.8,64,2025-04-24
846,Producto_846,Electrónica,244.11,7,2025-04-25
847,Producto_847,Hogar,219.39,70,2025-04-26
848,Producto_848,Hogar,738.68,22,2025-04-27
849,Producto_849,Deportes,326.82,74,2025-04-28
850,Producto_850,Hogar,510.98,46,2025-04-29
851,Producto_851,Deportes,170.89,40,2025-04-30
852,Producto_852,Hogar,960.15,61,2025-05-01
853,Producto_853,Electrónica,853.07,46,2025-05-02
854,Producto_854,Deportes,865.15,84,2025-05-03
855,Producto_855,Deportes,412.71,28,2025-05-04
856,Producto_856,Electrónica,764.74,87,2025-05-05
857,Producto_857,Deportes,152.44,35,2025-05-06
858,Producto_858,Deportes,18.53,1,2025-05-07
859,Producto_859,Hogar,29.77,29,2025-05-08
860,Producto_860,Deportes,590.74,9,2025-05-09
861,Producto_861,Ropa,460.84,9,2025-05-10
862,Producto_862,Electrónica,522.84,22,2025-05-11
863,Producto_863,Hogar,17.39,63,2025-05-12
864,Producto_864,Hogar,428.46,66,2025-05-13
865,Producto_865,Ropa,720.89,80,2025-05-14
866,Producto_866,Electrónica,448.27,58,2025-05-15
867,Producto_867,Electrónica,734.9,70,2025-05-16
868,Producto_868,Hogar,240.69,55,2025-05-17
869,Producto_869,Deportes,815.01,13,2025-05-18
870,Producto_870,Hogar,592.55,97,2025-05-19
871,Producto_871,Electrónica,218.66,19,2025-05-20
872,Producto_872,Ropa,244.35,79,2025-05-21
873,Producto_873,Hogar,631.75,33,2025-05-22
874,Producto_874,Electrónica,831.64,74,2025-05-23
875,Producto_875,Hogar,421.47,65,2025-05-24
876,Producto_876,Deportes,265.72,60,2025-05-25
877,Producto_877,Hogar,868.34,12,2025-05-26
878,Producto_878,Hogar,672.58,43,2025-05-27
879,Producto_879,Electrónica,453.6,93,2025-05-28
880,Producto_880,Electrónica,493.02,17,2025-05-29
881,Producto_881,Electrónica,212.21,68,2025-05-30
882,Producto_882,Hogar,630.53,29,2025-05-31
883,Producto_883,Deportes,365.16,55,2025-06-01
884,Producto_884,Ropa,995.69,7,2025-06-02
885,Producto_885,Ropa,485.38,44,2025-06-03
886,Producto_886,Electrónica,491.03,77,2025-06-04
887,Producto_887,Electrónica,570.19,5,2025-06-05
888,Producto_888,Hogar,917.59,60,2025-06-06
889,Producto_889,Ropa,802.81,6,2025-06-07
890,Producto_890,Electrónica,456.62,98,2025-06-08
891,Producto_891,Deportes,721.51,7,2025-06-09
892,Producto_892,Deportes,590.37,46,2025-06-10
893,Producto_893,Electrónica,497.44,57,2025-06-11
894,Producto_894,Electrónica,200.39,54,2025-06-12
895,Producto_895,Ropa,469.3,92,2025-06-13
896,Producto_896,Ropa,253.36,46,2025-06-14
897,Producto_897,Hogar,915.69,10,2025-06-15
898,Producto_898,Ropa,342.05,4,2025-06-16
899,Producto_899,Deportes,952.74,67,2025-06-17
900,Producto_900,Deportes,537.72,25,2025-06-18
901,Producto_901,Electrónica,635.23,87,2025-06-19
902,Producto_902,Ropa,547.51,91,2025-06-20
903,Producto_903,Hogar,138.09,78,2025-06-21
904,Producto_904,Deportes,382.06,61,2025-06-22
905,Producto_905,Deportes,108.15,38,2025-06-23
906,Producto_906,Hogar,626.72,32,2025-06-24
907,Producto_907,Hogar,452.41,23,2025-06-25
908,Producto_908,Deportes,780.21,37,2025-06-26
909,Producto_909,Deportes,228.27,3,2025-06-27
910,Producto_910,Hogar,172.92,99,2025-06-28
911,Producto_911,Deportes,412.27,13,2025-06-29
912,Producto_912,Electrónica,927.32,34,2025-06-30
913,Producto_913,Electrónica,713.32,88,2025-07-01
914,Producto_914,Hogar,424.73,65,2025-07-02
915,Producto_915,Ropa,522.1,76,2025-07-03
916,Producto_916,Hogar,93.37,8,2025-07-04
917,Producto_917,Hogar,984.73,83,2025-07-05
918,Producto_918,Ropa,669.74,9,2025-07-06
919,Producto_919,Ropa,292.55,28,2025-07-07
920,Producto_920,Ropa,589.95,78,2025-07-08
921,Producto_921,Electrónica,118.39,91,2025-07-09
922,Producto_922,Deportes,966.18,18,2025-07-10
923,Producto_923,Electrónica,183.04,42,2025-07-11
924,Producto_924,Deportes,651.55,41,2025-07-12
925,Producto_925,Electrónica,253.0,70,2025-07-13
926,Producto_926,Deportes,720.39,33,2025-07-14
927,Producto_927,Electrónica,779.05,89,2025-07-15
928,Producto_928,Ropa,676.69,77,2025-07-16
929,Producto_929,Hogar,618.35,54,2025-07-17
930,Producto_930,Electrónica,893.54,87,2025-07-18
931,Producto_931,Deportes,87.84,36,2025-07-19
932,Producto_932,Ropa,337.61,97,2025-07-20
933,Producto_933,Electrónica,255.8,85,2025-07-21
934,Producto_934,Electrónica,988.13,98,2025-07-22
935,Producto_935,Ropa,395.5,56,2025-07-23
936,Producto_936,Electrónica,735.29,17,2025-07-24
937,Producto_937,Hogar,687.88,10,2025-07-25
938,Producto_938,Electrónica,219.96,87,2025-07-26
939,Producto_939,Hogar,246.61,44,2025-07-27
940,Producto_940,Hogar,288.47,2,2025-07-28
941,Producto_941,Ropa,417.02,99,2025-07-29
942,Producto_942,Electrónica,241.98,14,2025-07-30
943,Producto_943,Ropa,29.45,41,2025-07-31
944,Producto_944,Electrónica,880.6,2,2025-08-01
945,Producto_945,Electrónica,965.95,19,2025-08-02
946,Producto_946,Deportes,348.15,80,2025-08-03
947,Producto_947,Electrónica,345.12,89,2025-08-04
948,Producto_948,Ropa,17.02,1,2025-08-05
949,Producto_949,Hogar,683.45,2,2025-08-06
950,Producto_950,Electrónica,827.19,27,2025-08-07
951,Producto_951,Deportes,155.14,2,2025-08-08
952,Producto_952,Ropa,168.07,94,2025-08-09
953,Producto_953,Electrónica,792.18,51,2025-08-10
954,Producto_954,Ropa,620.13,10,2025-08-11
955,Producto_955,Deportes,54.41,19,2025-08-12
956,Producto_956,Deportes,626.32,80,2025-08-13
957,Producto_957,Ropa,315.83,13,2025-08-14
958,Producto_958,Electrónica,375.04,48,2025-08-15
959,Producto_959,Hogar,772.03,56,2025-08-16
960,Producto_960,Deportes,812.83,72,2025-08-17
961,Producto_961,Electrónica,406.35,56,2025-08-18
962,Producto_962,Electrónica,947.68,50,2025-08-19
963,Producto_963,Hogar,412.4,95,2025-08-20
964,Producto_964,Deportes,774.12,45,2025-08-21
965,Producto_965,Deportes,489.04,89,2025-08-22
966,Producto_966,Electrónica,898.56,59,2025-08-23
967,Producto_967,Electrónica,908.68,39,2025-08-24
968,Producto_968,Hogar,96.54,21,2025-08-25
969,Producto_969,Hogar,937.13,55,2025-08-26
970,Producto_970,Deportes,827.28,57,2025-08-27
971,Producto_971,Ropa,793.4,41,2025-08-28
972,Producto_972,Deportes,208.9,93,2025-08-29
973,Producto_973,Electrónica,807.07,70,2025-08-30
974,Producto_974,Deportes,851.63,82,2025-08-31
975,Producto_975,Ropa,296.26,49,2025-09-01
976,Producto_976,Hogar,952.74,44,2025-09-02
977,Producto_977,Ropa,59.36,35,2025-09-03
978,Producto_978,Ropa,158.41,91,2025-09-04
979,Producto_979,Ropa,542.21,5,2025-09-05
980,Producto_980,Hogar,580.03,71,2025-09-06
981,Producto_981,Ropa,648.7,74,2025-09-07
982,Producto_982,Ropa,26.8,74,2025-09-08
983,Producto_983,Ropa,960.76,51,2025-09-09
984,Producto_984,Electrónica,54.14,57,2025-09-10
985,Producto_985,Ropa,151.63,58,2025-09-11
986,Producto_986,Hogar,23.87,92,2025-09-12
987,Producto_987,Ropa,571.19,36,2025-09-13
988,Producto_988,Ropa,932.94,10,2025-09-14
989,Producto_989,Hogar,669.29,50,2025-09-15
990,Producto_990,Ropa,824.43,99,2025-09-16
991,Producto_991,Hogar,23.15,99,2025-09-17
992,Producto_992,Ropa,546.6,37,2025-09-18
993,Producto_993,Hogar,464.97,20,2025-09-19
994,Producto_994,Ropa,503.98,13,2025-09-20
995,Producto_995,Ropa,81.49,75,2025-09-21
996,Producto_996,Electrónica,687.59,19,2025-09-22
997,Producto_997,Electrónica,508.19,92,2025-09-23
998,Producto_998,Ropa,767.5,56,2025-09-24
999,Producto_999,Ropa,490.44,45,2025-09-25
1000,Producto_1000,Deportes,157.89,60,2025-09-26
1001,Producto_1001,Hogar,651.77,68,2025-09-27
1002,Producto_1002,Deportes,180.66,57,2025-09-28
1003,Producto_1003,Electrónica,873.67,54,2025-09-29
1004,Producto_1004,Electrónica,616.99,37,2025-09-30
1005,Producto_1005,Electrónica,165.63,83,2025-10-01
1006,Producto_1006,Electrónica,962.71,37,2025-10-02
1007,Producto_1007,Ropa,523.18,14,2025-10-03
1008,Producto_1008,Electrónica,82.17,95,2025-10-04
1009,Producto_1009,Ropa,630.56,92,2025-10-05
1010,Producto_1010,Ropa,260.67,44,2025-10-06
1011,Producto_1011,Electrónica,805.66,83,2025-10-07
1012,Producto_1012,Electrónica,819.64,42,2025-10-08
1013,Producto_1013,Hogar,979.16,1,2025-10-09
1014,Producto_1014,Deportes,506.85,23,2025-10-10
1015,Producto_1015,Electrónica,460.41,64,2025-10-11
1016,Producto_1016,Hogar,755.94,28,2025-10-12
1017,Producto_1017,Hogar,141.15,4,2025-10-13
1018,Producto_1018,Deportes,551.45,41,2025-10-14
1019,Producto_1019,Ropa,550.79,60,2025-10-15
1020,Producto_1020,Electrónica,98.58,18,2025-10-16
1021,Producto_1021,Deportes,423.8,63,2025-10-17
1022,Producto_1022,Electrónica,854.75,61,2025-10-18
1023,Producto_1023,Hogar,857.59,49,2025-10-19
1024,Producto_1024,Hogar,108.25,47,2025-10-20
1025,Producto_1025,Ropa,99.81,39,2025-10-21
1026,Producto_1026,Hogar,270.07,89,2025-10-22
1027,Producto_1027,Hogar,876.02,82,2025-10-23
1028,Producto_1028,Deportes,137.61,6,2025-10-24
1029,Producto_1029,Electrónica,722.8,83,2025-10-25
1030,Producto_1030,Electrónica,110.15,53,2025-10-26
1031,Producto_1031,Deportes,626.91,76,2025-10-27
1032,Producto_1032,Ropa,362.51,25,2025-10-28
1033,Producto_1033,Electrónica,791.02,99,2025-10-29
1034,Producto_1034,Hogar,241.35,65,2025-10-30
1035,Producto_1035,Electrónica,642.81,5,2025-10-31
1036,Producto_1036,Hogar,243.33,65,2025-11-01
1037,Producto_1037,Ropa,716.52,8,2025-11-02
1038,Producto_1038,Deportes,874.94,39,2025-11-03
1039,Producto_1039,Electrónica,135.53,43,2025-11-04
1040,Producto_1040,Deportes,867.93,82,2025-11-05
1041,Producto_1041,Electrónica,597.64,73,2025-11-06
1042,Producto_1042,Hogar,135.84,5,2025-11-07
1043,Producto_1043,Deportes,433.27,4,2025-11-08
1044,Producto_1044,Electrónica,169.25,93,2025-11-09
1045,Producto_1045,Hogar,703.34,1,2025-11-10
1046,Producto_1046,Deportes,761.28,94,2025-11-11
1047,Producto_1047,Deportes,114.74,56,2025-11-12
1048,Producto_1048,Electrónica,511.08,45,2025-11-13
1049,Producto_1049,Electrónica,816.48,65,2025-11-14
1050,Producto_1050,Electrónica,936.8,3,2025-11-15
1051,Producto_1051,Hogar,518.38,22,2025-11-16
1052,Producto_1052,Electrónica,950.78,72,2025-11-17
1053,Producto_1053,Deportes,540.33,56,2025-11-18
1054,Producto_1054,Deportes,400.25,18,2025-11-19
1055,Producto_1055,Electrónica,849.72,25,2025-11-20
1056,Producto_1056,Electrónica,498.05,48,2025-11-21
1057,Producto_1057,Ropa,477.18,84,2025-11-22
1058,Producto_1058,Deportes,495.41,31,2025-11-23
1059,Producto_1059,Hogar,848.32,30,2025-11-24
1060,Producto_1060,Ropa,833.62,80,2025-11-25
1061,Producto_1061,Electrónica,409.48,66,2025-11-26
1062,Producto_1062,Electrónica,339.97,81,2025-11-27
1063,Producto_1063,Deportes,497.01,10,2025-11-28
1064,Producto_1064,Electrónica,577.04,71,2025-11-29
1065,Producto_1065,Hogar,245.95,59,2025-11-30
1066,Producto_1066,Deportes,796.02,51,2025-12-01
1067,Producto_1067,Electrónica,491.62,9,2025-12-02
1068,Producto_1068,Deportes,340.71,54,2025-12-03
1069,Producto_1069,Electrónica,115.75,62,2025-12-04
1070,Producto_1070,Electrónica,246.46,81,2025-12-05
1071,Producto_1071,Electrónica,949.79,9,2025-12-06
1072,Producto_1072,Hogar,312.05,9,2025-12-07
1073,Producto_1073,Hogar,177.17,24,2025-12-08
1074,Producto_1074,Deportes,466.07,39,2025-12-09
1075,Producto_1075,Electrónica,314.02,75,2025-12-10
1076,Producto_1076,Electrónica,44.81,8,2025-12-11
1077,Producto_1077,Hogar,329.91,25,2025-12-12
1078,Producto_1078,Electrónica,548.67,66,2025-12-13
1079,Producto_1079,Hogar,556.2,10,2025-12-14
1080,Producto_1080,Electrónica,362.99,24,2025-12-15
1081,Producto_1081,Deportes,452.83,80,2025-12-16
1082,Producto_1082,Electrónica,965.86,83,2025-12-17
1083,Producto_1083,Electrónica,383.57,59,2025-12-18
1084,Producto_1084,Ropa,265.64,31,2025-12-19
1085,Producto_1085,Hogar,251.03,11,2025-12-20
1086,Producto_1086,Electrónica,463.19,6,2025-12-21
1087,Producto_1087,Electrónica,761.92,70,2025-12-22
1088,Producto_1088,Ropa,213.93,32,2025-12-23
1089,Producto_1089,Ropa,712.2,39,2025-12-24
1090,Producto_1090,Hogar,30.94,48,2025-12-25
1091,Producto_1091,Ropa,424.74,13,2025-12-26
1092,Producto_1092,Deportes,778.11,59,2025-12-27
1093,Producto_1093,Ropa,345.35,67,2025-12-28
1094,Producto_1094,Deportes,568.1,56,2025-12-29
1095,Producto_1095,Hogar,212.93,41,2025-12-30
1096,Producto_1096,Hogar,744.58,56,2025-12-31
1097,Producto_1097,Hogar,61.76,35,2026-01-01
1098,Producto_1098,Hogar,854.02,38,2026-01-02
1099,Producto_1099,Hogar,206.21,81,2026-01-03
1100,Producto_1100,Deportes,875.65,67,2026-01-04
1101,Producto_1101,Deportes,359.0,34,2026-01-05
1102,Producto_1102,Hogar,725.46,76,2026-01-06
1103,Producto_1103,Ropa,326.03,88,2026-01-07
1104,Producto_1104,Electrónica,906.85,70,2026-01-08
1105,Producto_1105,Hogar,135.37,11,2026-01-09
1106,Producto_1106,Ropa,186.73,27,2026-01-10
1107,Producto_1107,Electrónica,498.1,48,2026-01-11
1108,Producto_1108,Hogar,91.12,24,2026-01-12
1109,Producto_1109,Hogar,204.02,18,2026-01-13
1110,Producto_1110,Deportes,944.33,27,2026-01-14
1111,Producto_1111,Electrónica,976.72,54,2026-01-15
1112,Producto_1112,Electrónica,382.5,55,2026-01-16
1113,Producto_1113,Ropa,924.05,21,2026-01-17
1114,Producto_1114,Deportes,549.38,59,2026-01-18
1115,Producto_1115,Deportes,277.05,34,2026-01-19
1116,Producto_1116,Deportes,705.37,97,2026-01-20
1117,Producto_1117,Deportes,662.31,58,2026-01-21
1118,Producto_1118,Electrónica,989.23,48,2026-01-22
1119,Producto_1119,Electrónica,272.4,54,2026-01-23
1120,Producto_1120,Hogar,675.34,18,2026-01-24
1121,Producto_1121,Hogar,61.5,3,2026-01-25
1122,Producto_1122,Deportes,122.51,24,2026-01-26
1123,Producto_1123,Deportes,13.88,1,2026-01-27
1124,Producto_1124,Deportes,999.47,6,2026-01-28
1125,Producto_1125,Hogar,804.25,19,2026-01-29
1126,Producto_1126,Ropa,788.86,86,2026-01-30
1127,Producto_1127,Ropa,514.63,43,2026-01-31
1128,Producto_1128,Hogar,307.07,8,2026-02-01
1129,Producto_1129,Hogar,159.75,69,2026-02-02
1130,Producto_1130,Hogar,291.83,52,2026-02-03
1131,Producto_1131,Hogar,382.21,73,2026-02-04
1132,Producto_1132,Hogar,758.75,47,2026-02-05
1133,Producto_1133,Hogar,544.27,85,2026-02-06
1134,Producto_1134,Deportes,86.71,28,2026-02-07
1135,Producto_1135,Deportes,27.85,46,2026-02-08
1136,Producto_1136,Deportes,111.31,4,2026-02-09
1137,Producto_1137,Deportes,416.39,88,2026-02-10
1138,Producto_1138,Hogar,933.86,8,2026-02-11
1139,Producto_1139,Ropa,641.03,61,2026-02-12
1140,Producto_1140,Electrónica,803.81,17,2026-02-13
1141,Producto_1141,Hogar,471.71,34,2026-02-14
1142,Producto_1142,Electrónica,368.05,20,2026-02-15
1143,Producto_1143,Ropa,117.32,80,2026-02-16
1144,Producto_1144,Deportes,877.17,74,2026-02-17
1145,Producto_1145,Ropa,785.33,34,2026-02-18
1146,Producto_1146,Hogar,176.44,43,2026-02-19
1147,Producto_1147,Deportes,517.14,10,2026-02-20
1148,Producto_1148,Hogar,492.5,94,2026-02-21
1149,Producto_1149,Deportes,628.84,30,2026-02-22
1150,Producto_1150,Electrónica,946.73,25,2026-02-23
1151,Producto_1151,Electrónica,583.97,57,2026-02-24
1152,Producto_1152,Electrónica,544.82,63,2026-02-25
1153,Producto_1153,Ropa,59.82,71,2026-02-26
1154,Producto_1154,Hogar,72.28,47,2026-02-27
1155,Producto_1155,Ropa,195.47,84,2026-02-28
1156,Producto_1156,Electrónica,42.15,81,2026-03-01
1157,Producto_1157,Hogar,745.92,3,2026-03-02
1158,Producto_1158,Electrónica,726.1,46,2026-03-03
1159,Producto_1159,Ropa,144.7,36,2026-03-04
1160,Producto_1160,Ropa,837.72,26,2026-03-05
1161,Producto_1161,Ropa,163.24,10,2026-03-06
1162,Producto_1162,Electrónica,308.16,34,2026-03-07
1163,Producto_1163,Hogar,256.49,78,2026-03-08
1164,Producto_1164,Hogar,378.58,8,2026-03-09
1165,Producto_1165,Electrónica,262.12,55,2026-03-10
1166,Producto_1166,Hogar,494.06,91,2026-03-11
1167,Producto_1167,Electrónica,413.33,10,2026-03-12
1168,Producto_1168,Hogar,986.7,57,2026-03-13
1169,Producto_1169,Deportes,65.37,79,2026-03-14
1170,Producto_1170,Deportes,150.76,86,2026-03-15
1171,Producto_1171,Ropa,62.3,45,2026-03-16
1172,Producto_1172,Deportes,629.58,50,2026-03-17
1173,Producto_1173,Deportes,63.96,64,2026-03-18
1174,Producto_1174,Deportes,838.08,95,2026-03-19
1175,Producto_1175,Electrónica,516.82,2,2026-03-20
1176,Producto_1176,Deportes,531.74,45,2026-03-21
1177,Producto_1177,Deportes,565.98,95,2026-03-22
1178,Producto_1178,Ropa,179.11,62,2026-03-23
1179,Producto_1179,Deportes,205.71,14,2026-03-24
1180,Producto_1180,Deportes,325.63,74,2026-03-25
1181,Producto_1181,Hogar,597.56,94,2026-03-26
1182,Producto_1182,Ropa,218.02,15,2026-03-27
1183,Producto_1183,Ropa,125.17,14,2026-03-28
1184,Producto_1184,Ropa,970.42,31,2026-03-29
1185,Producto_1185,Ropa,31.76,29,2026-03-30
1186,Producto_1186,Ropa,804.67,27,2026-03-31
1187,Producto_1187,Ropa,790.15,85,2026-04-01
1188,Producto_1188,Electrónica,304.24,9,2026-04-02
1189,Producto_1189,Deportes,144.27,20,2026-04-03
1190,Producto_1190,Ropa,154.17,99,2026-04-04
1191,Producto_1191,Deportes,700.46,58,2026-04-05
1192,Producto_1192,Deportes,646.38,79,2026-04-06
1193,Producto_1193,Electrónica,784.92,88,2026-04-07
1194,Producto_1194,Ropa,938.11,49,2026-04-08
1195,Producto_1195,Hogar,695.01,57,2026-04-09
1196,Producto_1196,Electrónica,164.29,16,2026-04-10
1197,Producto_1197,Hogar,251.01,75,2026-04-11
1198,Producto_1198,Deportes,843.77,8,2026-04-12
1199,Producto_1199,Deportes,217.21,67,2026-04-13
1200,Producto_1200,Electrónica,81.8,19,2026-04-14
1201,Producto_1201,Electrónica,706.25,67,2026-04-15
1202,Producto_1202,Hogar,408.5,36,2026-04-16
1203,Producto_1203,Ropa,920.84,89,2026-04-17
1204,Producto_1204,Hogar,653.75,60,2026-04-18
1205,Producto_1205,Electrónica,99.51,36,2026-04-19
1206,Producto_1206,Hogar,948.38,11,2026-04-20
1207,Producto_1207,Electrónica,265.97,51,2026-04-21
1208,Producto_1208,Hogar,343.84,80,2026-04-22
1209,Producto_1209,Electrónica,408.24,55,2026-04-23
1210,Producto_1210,Electrónica,60.71,54,2026-04-24
1211,Producto_1211,Electrónica,501.55,17,2026-04-25
1212,Producto_1212,Ropa,132.09,62,2026-04-26
1213,Producto_1213,Hogar,406.96,42,2026-04-27
1214,Producto_1214,Hogar,357.2,24,2026-04-28
1215,Producto_1215,Hogar,775.11,17,2026-04-29
1216,Producto_1216,Electrónica,805.14,48,2026-04-30
1217,Producto_1217,Hogar,161.88,84,2026-05-01
1218,Producto_1218,Hogar,372.89,86,2026-05-02
1219,Producto_1219,Electrónica,379.62,70,2026-05-03
1220,Producto_1220,Deportes,159.9,7,2026-05-04
1221,Producto_1221,Electrónica,800.47,14,2026-05-05
1222,Producto_1222,Hogar,710.16,11,2026-05-06
1223,Producto_1223,Electrónica,198.48,12,2026-05-07
1224,Producto_1224,Deportes,373.05,5,2026-05-08
1225,Producto_1225,Electrónica,114.75,5,2026-05-09
1226,Producto_1226,Hogar,631.92,20,2026-05-10
1227,Producto_1227,Deportes,130.16,54,2026-05-11
1228,Producto_1228,Ropa,986.07,55,2026-05-12
1229,Producto_1229,Hogar,782.88,58,2026-05-13
1230,Producto_1230,Deportes,396.34,79,2026-05-14
1231,Producto_1231,Deportes,582.78,90,2026-05-15
1232,Producto_1232,Ropa,912.23,97,2026-05-16
1233,Producto_1233,Electrónica,558.56,30,2026-05-17
1234,Producto_1234,Electrónica,182.75,24,2026-05-18
1235,Producto_1235,Hogar,384.92,87,2026-05-19
1236,Producto_1236,Ropa,844.71,73,2026-05-20
1237,Producto_1237,Electrónica,647.77,3,2026-05-21
1238,Producto_1238,Ropa,654.22,48,2026-05-22
1239,Producto_1239,Electrónica,868.15,71,2026-05-23
1240,Producto_1240,Deportes,895.03,22,2026-05-24
1241,Producto_1241,Electrónica,920.59,14,2026-05-25
1242,Producto_1242,Ropa,103.9,48,2026-05-26
1243,Producto_1243,Deportes,548.68,29,2026-05-27
1244,Producto_1244,Deportes,743.1,50,2026-05-28
1245,Producto_1245,Deportes,759.36,80,2026-05-29
1246,Producto_1246,Ropa,610.65,98,2026-05-30
1247,Producto_1247,Hogar,175.12,10,2026-05-31
1248,Producto_1248,Hogar,799.45,71,2026-06-01
1249,Producto_1249,Hogar,722.91,89,2026-06-02
1250,Producto_1250,Ropa,95.27,27,2026-06-03
1251,Producto_1251,Deportes,469.17,79,2026-06-04
1252,Producto_1252,Hogar,182.24,96,2026-06-05
1253,Producto_1253,Ropa,344.1,28,2026-06-06
1254,Producto_1254,Hogar,27.9,9,2026-06-07
1255,Producto_1255,Electrónica,406.33,71,2026-06-08
1256,Producto_1256,Hogar,554.38,80,2026-06-09
1257,Producto_1257,Hogar,623.39,26,2026-06-10
1258,Producto_1258,Deportes,666.86,99,2026-06-11
1259,Producto_1259,Ropa,837.93,81,2026-06-12
1260,Producto_1260,Deportes,223.31,87,2026-06-13
1261,Producto_1261,Deportes,129.28,8,2026-06-14
1262,Producto_1262,Deportes,853.02,2,2026-06-15
1263,Producto_1263,Deportes,165.05,95,2026-06-16
1264,Producto_1264,Deportes,975.01,57,2026-06-17
1265,Producto_1265,Hogar,844.11,52,2026-06-18
1266,Producto_1266,Deportes,505.87,58,2026-06-19
1267,Producto_1267,Deportes,981.61,96,2026-06-20
1268,Producto_1268,Ropa,106.4,93,2026-06-21
1269,Producto_1269,Electrónica,310.04,3,2026-06-22
1270,Producto_1270,Hogar,641.84,8,2026-06-23
1271,Producto_1271,Hogar,356.51,59,2026-06-24
1272,Producto_1272,Hogar,929.09,2,2026-06-25
1273,Producto_1273,Deportes,74.97,95,2026-06-26
1274,Producto_1274,Deportes,553.92,62,2026-06-27
1275,Producto_1275,Deportes,594.96,49,2026-06-28
1276,Producto_1276,Ropa,656.2,20,2026-06-29
1277,Producto_1277,Electrónica,263.11,29,2026-06-30
1278,Producto_1278,Deportes,370.92,17,2026-07-01
1279,Producto_1279,Electrónica,845.24,74,2026-07-02
1280,Producto_1280,Ropa,202.99,22,2026-07-03
1281,Producto_1281,Hogar,828.6,6,2026-07-04
1282,Producto_1282,Deportes,567.03,62,2026-07-05
1283,Producto_1283,Electrónica,764.57,98,2026-07-06
1284,Producto_1284,Electrónica,716.47,31,2026-07-07
1285,Producto_1285,Deportes,215.44,62,2026-07-08
1286,Producto_1286,Hogar,573.12,12,2026-07-09
1287,Producto_1287,Hogar,869.05,12,2026-07-10
1288,Producto_1288,Hogar,437.8,63,2026-07-11
1289,Producto_1289,Ropa,966.92,16,2026-07-12
1290,Producto_1290,Electrónica,457.69,25,2026-07-13
1291,Producto_1291,Electrónica,151.36,22,2026-07-14
1292,Producto_1292,Electrónica,395.54,91,2026-07-15
1293,Producto_1293,Ropa,952.19,88,2026-07-16
1294,Producto_1294,Electrónica,326.52,76,2026-07-17
1295,Producto_1295,Ropa,869.42,18,2026-07-18
1296,Producto_1296,Hogar,882.44,45,2026-07-19
1297,Producto_1297,Deportes,356.68,80,2026-07-20
1298,Producto_1298,Electrónica,92.43,68,2026-07-21
1299,Producto_1299,Electrónica,727.31,12,2026-07-22
1300,Producto_1300,Hogar,318.4,49,2026-07-23
1301,Producto_1301,Deportes,785.09,33,2026-07-24
1302,Producto_1302,Ropa,448.23,86,2026-07-25
1303,Producto_1303,Deportes,490.41,63,2026-07-26
1304,Producto_1304,Hogar,780.13,18,2026-07-27
1305,Producto_1305,Hogar,388.54,54,2026-07-28
1306,Producto_1306,Deportes,448.7,97,2026-07-29
1307,Producto_1307,Ropa,382.43,27,2026-07-30
1308,Producto_1308,Ropa,373.67,83,2026-07-31
1309,Producto_1309,Electrónica,530.69,78,2026-08-01
1310,Producto_1310,Ropa,810.71,25,2026-08-02
1311,Producto_1311,Deportes,368.15,34,2026-08-03
1312,Producto_1312,Hogar,529.01,88,2026-08-04
1313,Producto_1313,Electrónica,674.02,60,2026-08-05
1314,Producto_1314,Electrónica,276.75,54,2026-08-06
1315,Producto_1315,Hogar,284.75,87,2026-08-07
1316,Producto_1316,Ropa,934.08,5,2026-08-08
1317,Producto_1317,Hogar,726.3,36,2026-08-09
1318,Producto_1318,Ropa,581.41,54,2026-08-10
1319,Producto_1319,Hogar,651.24,88,2026-08-11
1320,Producto_1320,Deportes,39.01,36,2026-08-12
1321,Producto_1321,Ropa,621.92,69,2026-08-13
1322,Producto_1322,Deportes,514.41,39,2026-08-14
1323,Producto_1323,Electrónica,550.29,70,2026-08-15
1324,Producto_1324,Hogar,365.83,4,2026-08-16
1325,Producto_1325,Electrónica,90.66,74,2026-08-17
1326,Producto_1326,Electrónica,201.41,65,2026-08-18
1327,Producto_1327,Electrónica,951.24,85,2026-08-19
1328,Producto_1328,Electrónica,414.61,40,2026-08-20
1329,Producto_1329,Hogar,472.02,37,2026-08-21
1330,Producto_1330,Electrónica,62.18,67,2026-08-22
1331,Producto_1331,Hogar,47.19,31,2026-08-23
1332,Producto_1332,Hogar,720.01,91,2026-08-24
1333,Producto_1333,Deportes,542.71,81,2026-08-25
1334,Producto_1334,Ropa,513.62,87,2026-08-26
1335,Producto_1335,Ropa,250.69,77,2026-08-27
1336,Producto_1336,Hogar,747.3,47,2026-08-28
1337,Producto_1337,Deportes,176.55,27,2026-08-29
1338,Producto_1338,Hogar,198.04,51,2026-08-30
1339,Producto_1339,Hogar,466.11,20,2026-08-31
1340,Producto_1340,Hogar,293.42,13,2026-09-01
1341,Producto_1341,Deportes,254.99,63,2026-09-02
1342,Producto_1342,Ropa,648.79,44,2026-09-03
1343,Producto_1343,Deportes,654.46,24,2026-09-04
1344,Producto_1344,Electrónica,826.27,3,2026-09-05
1345,Producto_1345,Deportes,423.53,10,2026-09-06
1346,Producto_1346,Deportes,82.35,65,2026-09-07
1347,Producto_1347,Deportes,280.93,49,2026-09-08
1348,Producto_1348,Deportes,980.21,58,2026-09-09
1349,Producto_1349,Ropa,600.3,77,2026-09-10
1350,Producto_1350,Electrónica,712.64,78,2026-09-11
1351,Producto_1351,Ropa,17.28,97,2026-09-12
1352,Producto_1352,Ropa,523.02,2,2026-09-13
1353,Producto_1353,Deportes,47.15,66,2026-09-14
1354,Producto_1354,Hogar,573.54,31,2026-09-15
1355,Producto_1355,Hogar,921.56,68,2026-09-16
1356,Producto_1356,Ropa,968.73,98,2026-09-17
1357,Producto_1357,Ropa,545.15,83,2026-09-18
1358,Producto_1358,Deportes,463.62,37,2026-09-19
1359,Producto_1359,Ropa,945.57,73,2026-09-20
1360,Producto_1360,Deportes,676.87,24,2026-09-21
1361,Producto_1361,Hogar,74.25,77,2026-09-22
1362,Producto_1362,Hogar,471.07,44,2026-09-23
1363,Producto_1363,Electrónica,247.84,94,2026-09-24
1364,Producto_1364,Hogar,475.11,83,2026-09-25
1365,Producto_1365,Ropa,460.91,41,2026-09-26
1366,Producto_1366,Hogar,586.32,74,2026-09-27
1367,Producto_1367,Deportes,363.2,51,2026-09-28
1368,Producto_1368,Hogar,172.63,42,2026-09-29
1369,Producto_1369,Electrónica,508.68,78,2026-09-30
1370,Producto_1370,Hogar,831.9,40,2026-10-01
1371,Producto_1371,Deportes,667.37,48,2026-10-02
1372,Producto_1372,Deportes,344.98,84,2026-10-03
1373,Producto_1373,Ropa,936.17,4,2026-10-04
1374,Producto_1374,Hogar,913.09,60,2026-10-05
1375,Producto_1375,Deportes,217.25,39,2026-10-06
1376,Producto_1376,Electrónica,49.02,5,2026-10-07
1377,Producto_1377,Ropa,743.9,96,2026-10-08
1378,Producto_1378,Electrónica,829.33,6,2026-10-09
1379,Producto_1379,Hogar,968.19,14,2026-10-10
1380,Producto_1380,Hogar,890.94,70,2026-10-11
1381,Producto_1381,Hogar,604.53,78,2026-10-12
1382,Producto_1382,Ropa,534.75,12,2026-10-13
1383,Producto_1383,Deportes,37.56,62,2026-10-14
1384,Producto_1384,Ropa,254.19,27,2026-10-15
1385,Producto_1385,Electrónica,465.02,54,2026-10-16
1386,Producto_1386,Ropa,632.22,90,2026-10-17
1387,Producto_1387,Electrónica,561.68,12,2026-10-18
1388,Producto_1388,Ropa,745.21,8,2026-10-19
1389,Producto_1389,Deportes,286.97,74,2026-10-20
1390,Producto_1390,Electrónica,569.3,16,2026-10-21
1391,Producto_1391,Hogar,97.26,52,2026-10-22
1392,Producto_1392,Hogar,419.53,26,2026-10-23
1393,Producto_1393,Ropa,752.66,8,2026-10-24
1394,Producto_1394,Hogar,696.47,45,2026-10-25
1395,Producto_1395,Electrónica,990.74,93,2026-10-26
1396,Producto_1396,Hogar,285.11,84,2026-10-27
1397,Producto_1397,Deportes,503.21,81,2026-10-28
1398,Producto_1398,Deportes,336.24,19,2026-10-29
1399,Producto_1399,Ropa,446.2,17,2026-10-30
1400,Producto_1400,Electrónica,858.38,65,2026-10-31
1401,Producto_1401,Deportes,687.37,29,2026-11-01
1402,Producto_1402,Deportes,883.62,14,2026-11-02
1403,Producto_1403,Electrónica,211.48,17,2026-11-03
1404,Producto_1404,Hogar,874.63,13,2026-11-04
1405,Producto_1405,Hogar,69.16,93,2026-11-05
1406,Producto_1406,Ropa,889.71,98,2026-11-06
1407,Producto_1407,Hogar,335.78,91,2026-11-07
1408,Producto_1408,Electrónica,321.44,63,2026-11-08
1409,Producto_1409,Deportes,516.97,33,2026-11-09
1410,Producto_1410,Hogar,941.28,29,2026-11-10
1411,Producto_1411,Ropa,57.3,37,2026-11-11
1412,Producto_1412,Hogar,358.71,83,2026-11-12
1413,Producto_1413,Electrónica,858.01,46,2026-11-13
1414,Producto_1414,Ropa,402.09,24,2026-11-14
1415,Producto_1415,Hogar,207.17,14,2026-11-15
1416,Producto_1416,Ropa,430.55,5,2026-11-16
1417,Producto_1417,Electrónica,391.7,53,2026-11-17
1418,Producto_1418,Deportes,916.26,88,2026-11-18
1419,Producto_1419,Electrónica,764.32,98,2026-11-19
1420,Producto_1420,Electrónica,510.06,95,2026-11-20
1421,Producto_1421,Electrónica,988.49,30,2026-11-21
1422,Producto_1422,Electrónica,470.62,60,2026-11-22
1423,Producto_1423,Deportes,67.66,73,2026-11-23
1424,Producto_1424,Deportes,269.65,91,2026-11-24
1425,Producto_1425,Ropa,441.71,28,2026-11-25
1426,Producto_1426,Hogar,165.33,26,2026-11-26
1427,Producto_1427,Deportes,948.09,18,2026-11-27
1428,Producto_1428,Deportes,769.18,36,2026-11-28
1429,Producto_1429,Hogar,275.6,8,2026-11-29
1430,Producto_1430,Deportes,594.9,18,2026-11-30
1431,Producto_1431,Electrónica,724.23,84,2026-12-01
1432,Producto_1432,Electrónica,941.87,58,2026-12-02
1433,Producto_1433,Hogar,882.82,32,2026-12-03
1434,Producto_1434,Ropa,520.04,93,2026-12-04
1435,Producto_1435,Ropa,776.91,49,2026-12-05
1436,Producto_1436,Hogar,566.52,48,2026-12-06
1437,Producto_1437,Hogar,557.18,82,2026-12-07
1438,Producto_1438,Electrónica,123.59,71,2026-12-08
1439,Producto_1439,Ropa,134.88,65,2026-12-09
1440,Producto_1440,Deportes,534.24,92,2026-12-10
1441,Producto_1441,Electrónica,276.17,33,2026-12-11
1442,Producto_1442,Hogar,30.83,50,2026-12-12
1443,Producto_1443,Ropa,725.61,4,2026-12-13
1444,Producto_1444,Deportes,42.16,84,2026-12-14
1445,Producto_1445,Deportes,599.32,36,2026-12-15
1446,Producto_1446,Electrónica,543.8,95,2026-12-16
1447,Producto_1447,Ropa,969.13,28,2026-12-17
1448,Producto_1448,Ropa,489.37,3,2026-12-18
1449,Producto_1449,Hogar,72.97,6,2026-12-19
1450,Producto_1450,Ropa,556.17,45,2026-12-20
1451,Producto_1451,Ropa,842.69,23,2026-12-21
1452,Producto_1452,Electrónica,996.88,7,2026-12-22
1453,Producto_1453,Ropa,436.04,61,2026-12-23
1454,Producto_1454,Deportes,327.1,65,2026-12-24
1455,Producto_1455,Electrónica,907.59,6,2026-12-25
1456,Producto_1456,Electrónica,199.33,24,2026-12-26
1457,Producto_1457,Hogar,619.27,37,2026-12-27
1458,Producto_1458,Ropa,411.66,45,2026-12-28
1459,Producto_1459,Hogar,50.67,51,2026-12-29
1460,Producto_1460,Deportes,353.82,88,2026-12-30
1461,Producto_1461,Electrónica,272.58,45,2026-12-31
1462,Producto_1462,Electrónica,689.23,63,2027-01-01
1463,Producto_1463,Electrónica,949.3,29,2027-01-02
1464,Producto_1464,Deportes,275.37,96,2027-01-03
1465,Producto_1465,Deportes,813.35,25,2027-01-04
1466,Producto_1466,Hogar,64.81,10,2027-01-05
1467,Producto_1467,Hogar,542.74,35,2027-01-06
1468,Producto_1468,Hogar,79.84,55,2027-01-07
1469,Producto_1469,Ropa,934.69,25,2027-01-08
1470,Producto_1470,Electrónica,768.69,91,2027-01-09
1471,Producto_1471,Electrónica,661.37,45,2027-01-10
1472,Producto_1472,Hogar,825.66,96,2027-01-11
1473,Producto_1473,Electrónica,651.04,12,2027-01-12
1474,Producto_1474,Hogar,969.25,4,2027-01-13
1475,Producto_1475,Ropa,716.82,90,2027-01-14
1476,Producto_1476,Ropa,925.41,67,2027-01-15
1477,Producto_1477,Deportes,521.96,17,2027-01-16
1478,Producto_1478,Ropa,125.89,73,2027-01-17
1479,Producto_1479,Hogar,532.9,93,2027-01-18
1480,Producto_1480,Ropa,135.6,65,2027-01-19
1481,Producto_1481,Deportes,596.57,82,2027-01-20
1482,Producto_1482,Electrónica,487.67,53,2027-01-21
1483,Producto_1483,Hogar,626.35,84,2027-01-22
1484,Producto_1484,Electrónica,19.95,57,2027-01-23
1485,Producto_1485,Deportes,202.89,98,2027-01-24
1486,Producto_1486,Deportes,496.42,28,2027-01-25
1487,Producto_1487,Deportes,951.0,99,2027-01-26
1488,Producto_1488,Electrónica,389.77,16,2027-01-27
1489,Producto_1489,Electrónica,430.13,21,2027-01-28
1490,Producto_1490,Electrónica,717.55,77,2027-01-29
1491,Producto_1491,Electrónica,607.75,99,2027-01-30
1492,Producto_1492,Deportes,305.94,42,2027-01-31
1493,Producto_1493,Deportes,416.71,54,2027-02-01
1494,Producto_1494,Hogar,225.52,32,2027-02-02
1495,Producto_1495,Hogar,966.36,38,2027-02-03
1496,Producto_1496,Electrónica,139.33,70,2027-02-04
1497,Producto_1497,Ropa,378.12,38,2027-02-05
1498,Producto_1498,Ropa,35.58,54,2027-02-06
1499,Producto_1499,Deportes,229.56,60,2027-02-07
1500,Producto_1500,Deportes,782.67,77,2027-02-08
1501,Producto_1501,Deportes,209.16,77,2027-02-09
1502,Producto_1502,Hogar,89.26,47,2027-02-10
1503,Producto_1503,Hogar,479.71,12,2027-02-11
1504,Producto_1504,Deportes,19.87,53,2027-02-12
1505,Producto_1505,Deportes,93.92,33,2027-02-13
1506,Producto_1506,Deportes,809.55,28,2027-02-14
1507,Producto_1507,Ropa,773.76,3,2027-02-15
1508,Producto_1508,Hogar,915.99,82,2027-02-16
1509,Producto_1509,Ropa,855.97,26,2027-02-17
1510,Producto_1510,Ropa,686.34,54,2027-02-18
1511,Producto_1511,Deportes,61.81,40,2027-02-19
1512,Producto_1512,Deportes,785.02,66,2027-02-20
1513,Producto_1513,Electrónica,847.06,68,2027-02-21
1514,Producto_1514,Electrónica,801.09,92,2027-02-22
1515,Producto_1515,Ropa,513.39,92,2027-02-23
1516,Producto_1516,Hogar,240.57,89,2027-02-24
1517,Producto_1517,Deportes,846.88,90,2027-02-25
1518,Producto_1518,Deportes,729.89,47,2027-02-26
1519,Producto_1519,Ropa,980.95,2,2027-02-27
1520,Producto_1520,Electrónica,164.14,42,2027-02-28
1521,Producto_1521,Hogar,233.41,34,2027-03-01
1522,Producto_1522,Electrónica,219.68,94,2027-03-02
1523,Producto_1523,Electrónica,794.61,21,2027-03-03
1524,Producto_1524,Electrónica,195.04,44,2027-03-04
1525,Producto_1525,Electrónica,75.99,87,2027-03-05
1526,Producto_1526,Deportes,998.58,97,2027-03-06
1527,Producto_1527,Deportes,34.57,2,2027-03-07
1528,Producto_1528,Electrónica,836.89,91,2027-03-08
1529,Producto_1529,Hogar,371.71,59,2027-03-09
1530,Producto_1530,Ropa,843.2,86,2027-03-10
1531,Producto_1531,Hogar,559.07,98,2027-03-11
1532,Producto_1532,Hogar,902.61,16,2027-03-12
1533,Producto_1533,Hogar,926.93,20,2027-03-13
1534,Producto_1534,Electrónica,19.01,26,2027-03-14
1535,Producto_1535,Deportes,84.66,16,2027-03-15
1536,Producto_1536,Hogar,257.86,70,2027-03-16
1537,Producto_1537,Electrónica,672.62,23,2027-03-17
1538,Producto_1538,Hogar,889.39,42,2027-03-18
1539,Producto_1539,Hogar,465.34,37,2027-03-19
1540,Producto_1540,Electrónica,610.9,72,2027-03-20
1541,Producto_1541,Deportes,196.61,6,2027-03-21
1542,Producto_1542,Deportes,806.92,37,2027-03-22
1543,Producto_1543,Ropa,967.65,22,2027-03-23
1544,Producto_1544,Electrónica,275.91,6,2027-03-24
1545,Producto_1545,Ropa,499.88,32,2027-03-25
1546,Producto_1546,Ropa,95.25,17,2027-03-26
1547,Producto_1547,Ropa,563.55,38,2027-03-27
1548,Producto_1548,Deportes,507.76,17,2027-03-28
1549,Producto_1549,Electrónica,152.99,37,2027-03-29
1550,Producto_1550,Ropa,447.65,23,2027-03-30
1551,Producto_1551,Electrónica,340.76,49,2027-03-31
1552,Producto_1552,Electrónica,526.61,61,2027-04-01
1553,Producto_1553,Deportes,589.8,49,2027-04-02
1554,Producto_1554,Ropa,18.41,61,2027-04-03
1555,Producto_1555,Ropa,763.4,77,2027-04-04
1556,Producto_1556,Electrónica,715.88,32,2027-04-05
1557,Producto_1557,Hogar,372.62,86,2027-04-06
1558,Producto_1558,Deportes,62.41,63,2027-04-07
1559,Producto_1559,Deportes,757.38,7,2027-04-08
1560,Producto_1560,Deportes,955.62,22,2027-04-09
1561,Producto_1561,Deportes,247.75,85,2027-04-10
1562,Producto_1562,Ropa,330.29,6,2027-04-11
1563,Producto_1563,Ropa,191.97,61,2027-04-12
1564,Producto_1564,Hogar,581.17,14,2027-04-13
1565,Producto_1565,Deportes,163.29,16,2027-04-14
1566,Producto_1566,Deportes,362.63,3,2027-04-15
1567,Producto_1567,Electrónica,700.04,9,2027-04-16
1568,Producto_1568,Ropa,564.51,47,2027-04-17
1569,Producto_1569,Deportes,392.6,85,2027-04-18
1570,Producto_1570,Hogar,426.05,94,2027-04-19
1571,Producto_1571,Hogar,566.49,94,2027-04-20
1572,Producto_1572,Ropa,15.81,42,2027-04-21
1573,Producto_1573,Hogar,87.72,42,2027-04-22
1574,Producto_1574,Hogar,882.45,96,2027-04-23
1575,Producto_1575,Ropa,87.1,23,2027-04-24
1576,Producto_1576,Deportes,709.74,3,2027-04-25
1577,Producto_1577,Deportes,920.84,1,2027-04-26
1578,Producto_1578,Hogar,277.98,67,2027-04-27
1579,Producto_1579,Hogar,376.79,71,2027-04-28
1580,Producto_1580,Deportes,573.23,3,2027-04-29
1581,Producto_1581,Ropa,882.89,49,2027-04-30
1582,Producto_1582,Hogar,942.49,67,2027-05-01
1583,Producto_1583,Electrónica,742.17,55,2027-05-02
1584,Producto_1584,Ropa,95.75,4,2027-05-03
1585,Producto_1585,Hogar,672.46,31,2027-05-04
1586,Producto_1586,Hogar,416.2,66,2027-05-05
1587,Producto_1587,Electrónica,475.99,78,2027-05-06
1588,Producto_1588,Electrónica,58.66,64,2027-05-07
1589,Producto_1589,Deportes,199.15,31,2027-05-08
1590,Producto_1590,Ropa,792.61,63,2027-05-09
1591,Producto_1591,Ropa,459.42,66,2027-05-10
1592,Producto_1592,Deportes,308.65,31,2027-05-11
1593,Producto_1593,Ropa,390.18,47,2027-05-12
1594,Producto_1594,Ropa,855.86,22,2027-05-13
1595,Producto_1595,Ropa,751.51,74,2027-05-14
1596,Producto_1596,Ropa,279.59,94,2027-05-15
1597,Producto_1597,Ropa,126.33,97,2027-05-16
1598,Producto_1598,Electrónica,259.48,83,2027-05-17
1599,Producto_1599,Ropa,921.55,46,2027-05-18
1600,Producto_1600,Electrónica,585.77,89,2027-05-19
1601,Producto_1601,Ropa,538.15,58,2027-05-20
1602,Producto_1602,Deportes,600.43,61,2027-05-21
1603,Producto_1603,Hogar,372.37,46,2027-05-22
1604,Producto_1604,Electrónica,809.04,1,2027-05-23
1605,Producto_1605,Ropa,528.05,96,2027-05-24
1606,Producto_1606,Deportes,125.58,25,2027-05-25
1607,Producto_1607,Hogar,137.77,61,2027-05-26
1608,Producto_1608,Electrónica,541.49,81,2027-05-27
1609,Producto_1609,Hogar,937.2,14,2027-05-28
1610,Producto_1610,Deportes,315.27,45,2027-05-29
1611,Producto_1611,Electrónica,870.85,77,2027-05-30
1612,Producto_1612,Hogar,766.45,39,2027-05-31
1613,Producto_1613,Ropa,255.33,66,2027-06-01
1614,Producto_1614,Electrónica,45.98,32,2027-06-02
1615,Producto_1615,Hogar,110.83,96,2027-06-03
1616,Producto_1616,Deportes,731.21,58,2027-06-04
1617,Producto_1617,Deportes,207.67,56,2027-06-05
1618,Producto_1618,Electrónica,377.56,6,2027-06-06
1619,Producto_1619,Hogar,506.68,89,2027-06-07
1620,Producto_1620,Electrónica,728.21,67,2027-06-08
1621,Producto_1621,Electrónica,122.1,82,2027-06-09
1622,Producto_1622,Hogar,412.3,50,2027-06-10
1623,Producto_1623,Hogar,490.22,38,2027-06-11
1624,Producto_1624,Ropa,545.42,3,2027-06-12
1625,Producto_1625,Hogar,820.18,5,2027-06-13
1626,Producto_1626,Deportes,179.96,24,2027-06-14
1627,Producto_1627,Electrónica,809.75,54,2027-06-15
1628,Producto_1628,Electrónica,695.95,34,2027-06-16
1629,Producto_1629,Deportes,560.31,39,2027-06-17
1630,Producto_1630,Hogar,702.53,88,2027-06-18
1631,Producto_1631,Deportes,417.9,92,2027-06-19
1632,Producto_1632,Deportes,147.01,48,2027-06-20
1633,Producto_1633,Ropa,669.11,49,2027-06-21
1634,Producto_1634,Deportes,529.43,34,2027-06-22
1635,Producto_1635,Electrónica,642.98,80,2027-06-23
1636,Producto_1636,Deportes,344.62,7,2027-06-24
1637,Producto_1637,Electrónica,907.8,18,2027-06-25
1638,Producto_1638,Electrónica,591.5,70,2027-06-26
1639,Producto_1639,Electrónica,94.55,92,2027-06-27
1640,Producto_1640,Hogar,455.31,34,2027-06-28
1641,Producto_1641,Ropa,758.79,51,2027-06-29
1642,Producto_1642,Electrónica,796.19,93,2027-06-30
1643,Producto_1643,Electrónica,499.65,68,2027-07-01
1644,Producto_1644,Hogar,895.8,14,2027-07-02
1645,Producto_1645,Electrónica,274.99,69,2027-07-03
1646,Producto_1646,Deportes,416.49,89,2027-07-04
1647,Producto_1647,Deportes,899.61,8,2027-07-05
1648,Producto_1648,Ropa,897.29,15,2027-07-06
1649,Producto_1649,Electrónica,688.86,83,2027-07-07
1650,Producto_1650,Hogar,860.39,59,2027-07-08
1651,Producto_1651,Deportes,97.89,11,2027-07-09
1652,Producto_1652,Hogar,866.35,20,2027-07-10
1653,Producto_1653,Hogar,327.41,55,2027-07-11
1654,Producto_1654,Deportes,186.55,36,2027-07-12
1655,Producto_1655,Hogar,246.98,82,2027-07-13
1656,Producto_1656,Deportes,423.79,14,2027-07-14
1657,Producto_1657,Hogar,258.68,58,2027-07-15
1658,Producto_1658,Deportes,327.36,38,2027-07-16
1659,Producto_1659,Electrónica,143.63,89,2027-07-17
1660,Producto_1660,Ropa,303.21,80,2027-07-18
1661,Producto_1661,Deportes,576.56,82,2027-07-19
1662,Producto_1662,Deportes,447.44,1,2027-07-20
1663,Producto_1663,Ropa,353.25,65,2027-07-21
1664,Producto_1664,Deportes,748.99,1,2027-07-22
1665,Producto_1665,Deportes,894.57,85,2027-07-23
1666,Producto_1666,Hogar,759.22,60,2027-07-24
1667,Producto_1667,Ropa,338.68,25,2027-07-25
1668,Producto_1668,Electrónica,747.0,91,2027-07-26
1669,Producto_1669,Deportes,160.46,10,2027-07-27
1670,Producto_1670,Ropa,139.01,50,2027-07-28
1671,Producto_1671,Hogar,352.17,12,2027-07-29
1672,Producto_1672,Electrónica,809.63,92,2027-07-30
1673,Producto_1673,Ropa,253.88,32,2027-07-31
1674,Producto_1674,Electrónica,72.62,33,2027-08-01
1675,Producto_1675,Electrónica,140.39,72,2027-08-02
1676,Producto_1676,Electrónica,860.16,26,2027-08-03
1677,Producto_1677,Deportes,637.45,42,2027-08-04
1678,Producto_1678,Deportes,260.67,50,2027-08-05
1679,Producto_1679,Hogar,559.74,61,2027-08-06
1680,Producto_1680,Hogar,532.3,41,2027-08-07
1681,Producto_1681,Ropa,658.88,57,2027-08-08
1682,Producto_1682,Hogar,240.86,2,2027-08-09
1683,Producto_1683,Electrónica,865.76,99,2027-08-10
1684,Producto_1684,Electrónica,316.27,98,2027-08-11
1685,Producto_1685,Deportes,697.19,70,2027-08-12
1686,Producto_1686,Electrónica,25.96,31,2027-08-13
1687,Producto_1687,Ropa,378.93,23,2027-08-14
1688,Producto_1688,Electrónica,358.19,76,2027-08-15
1689,Producto_1689,Electrónica,548.05,54,2027-08-16
1690,Producto_1690,Ropa,82.01,28,2027-08-17
1691,Producto_1691,Hogar,792.23,79,2027-08-18
1692,Producto_1692,Hogar,225.6,19,2027-08-19
1693,Producto_1693,Ropa,680.27,76,2027-08-20
1694,Producto_1694,Deportes,805.18,48,2027-08-21
1695,Producto_1695,Electrónica,566.26,2,2027-08-22
1696,Producto_1696,Ropa,743.47,11,2027-08-23
1697,Producto_1697,Electrónica,665.24,44,2027-08-24
1698,Producto_1698,Deportes,361.97,59,2027-08-25
1699,Producto_1699,Electrónica,810.77,59,2027-08-26
1700,Producto_1700,Ropa,301.75,38,2027-08-27
1701,Producto_1701,Electrónica,575.5,25,2027-08-28
1702,Producto_1702,Hogar,747.94,21,2027-08-29
1703,Producto_1703,Deportes,385.17,42,2027-08-30
1704,Producto_1704,Deportes,309.74,36,2027-08-31
1705,Producto_1705,Deportes,464.75,9,2027-09-01
1706,Producto_1706,Ropa,819.78,12,2027-09-02
1707,Producto_1707,Deportes,930.62,10,2027-09-03
1708,Producto_1708,Hogar,549.63,59,2027-09-04
1709,Producto_1709,Ropa,664.85,5,2027-09-05
1710,Producto_1710,Hogar,904.24,33,2027-09-06
1711,Producto_1711,Electrónica,107.56,69,2027-09-07
1712,Producto_1712,Electrónica,239.76,80,2027-09-08
1713,Producto_1713,Electrónica,711.81,63,2027-09-09
1714,Producto_1714,Electrónica,825.51,29,2027-09-10
1715,Producto_1715,Hogar,858.46,18,2027-09-11
1716,Producto_1716,Ropa,420.96,93,2027-09-12
1717,Producto_1717,Ropa,98.45,6,2027-09-13
1718,Producto_1718,Deportes,443.4,53,2027-09-14
1719,Producto_1719,Hogar,238.43,82,2027-09-15
1720,Producto_1720,Electrónica,298.28,32,2027-09-16
1721,Producto_1721,Hogar,774.54,42,2027-09-17
1722,Producto_1722,Deportes,84.77,47,2027-09-18
1723,Producto_1723,Deportes,829.31,31,2027-09-19
1724,Producto_1724,Hogar,433.39,62,2027-09-20
1725,Producto_1725,Hogar,600.1,56,2027-09-21
1726,Producto_1726,Hogar,98.76,11,2027-09-22
1727,Producto_1727,Ropa,343.99,26,2027-09-23
1728,Producto_1728,Electrónica,98.8,92,2027-09-24
1729,Producto_1729,Hogar,961.93,27,2027-09-25
1730,Producto_1730,Hogar,809.19,83,2027-09-26
1731,Producto_1731,Hogar,465.04,57,2027-09-27
1732,Producto_1732,Deportes,231.37,27,2027-09-28
1733,Producto_1733,Deportes,934.12,59,2027-09-29
1734,Producto_1734,Ropa,351.15,62,2027-09-30
1735,Producto_1735,Electrónica,169.37,20,2027-10-01
1736,Producto_1736,Ropa,567.53,3,2027-10-02
1737,Producto_1737,Electrónica,944.34,16,2027-10-03
1738,Producto_1738,Deportes,13.79,44,2027-10-04
1739,Producto_1739,Deportes,245.74,93,2027-10-05
1740,Producto_1740,Deportes,939.06,79,2027-10-06
1741,Producto_1741,Ropa,179.38,30,2027-10-07
1742,Producto_1742,Hogar,122.11,40,2027-10-08
1743,Producto_1743,Hogar,574.49,65,2027-10-09
1744,Producto_1744,Deportes,863.23,29,2027-10-10
1745,Producto_1745,Hogar,482.34,30,2027-10-11
1746,Producto_1746,Hogar,994.62,32,2027-10-12
1747,Producto_1747,Ropa,682.38,10,2027-10-13
1748,Producto_1748,Electrónica,83.33,91,2027-10-14
1749,Producto_1749,Deportes,992.9,51,2027-10-15
1750,Producto_1750,Deportes,413.82,8,2027-10-16
1751,Producto_1751,Ropa,294.53,51,2027-10-17
1752,Producto_1752,Ropa,562.3,36,2027-10-18
1753,Producto_1753,Hogar,311.26,55,2027-10-19
1754,Producto_1754,Deportes,95.59,35,2027-10-20
1755,Producto_1755,Electrónica,11.41,36,2027-10-21
1756,Producto_1756,Ropa,455.09,56,2027-10-22
1757,Producto_1757,Electrónica,838.49,36,2027-10-23
1758,Producto_1758,Electrónica,576.59,89,2027-10-24
1759,Producto_1759,Deportes,999.22,84,2027-10-25
1760,Producto_1760,Deportes,293.98,61,2027-10-26
1761,Producto_1761,Ropa,287.65,62,2027-10-27
1762,Producto_1762,Deportes,168.15,81,2027-10-28
1763,Producto_1763,Deportes,172.42,87,2027-10-29
1764,Producto_1764,Deportes,292.33,25,2027-10-30
1765,Producto_1765,Electrónica,794.91,64,2027-10-31
1766,Producto_1766,Ropa,906.7,60,2027-11-01
1767,Producto_1767,Hogar,975.34,57,2027-11-02
1768,Producto_1768,Electrónica,239.97,95,2027-11-03
1769,Producto_1769,Deportes,882.48,70,2027-11-04
1770,Producto_1770,Electrónica,334.97,99,2027-11-05
1771,Producto_1771,Deportes,121.71,52,2027-11-06
1772,Producto_1772,Deportes,871.32,56,2027-11-07
1773,Producto_1773,Electrónica,639.74,63,2027-11-08
1774,Producto_1774,Ropa,173.08,68,2027-11-09
1775,Producto_1775,Deportes,435.53,20,2027-11-10
1776,Producto_1776,Ropa,294.39,54,2027-11-11
1777,Producto_1777,Hogar,739.43,1,2027-11-12
1778,Producto_1778,Deportes,458.88,90,2027-11-13
1779,Producto_1779,Ropa,989.39,98,2027-11-14
1780,Producto_1780,Ropa,64.2,10,2027-11-15
1781,Producto_1781,Hogar,361.47,23,2027-11-16
1782,Producto_1782,Ropa,487.08,51,2027-11-17
1783,Producto_1783,Ropa,508.1,24,2027-11-18
1784,Producto_1784,Hogar,322.78,13,2027-11-19
1785,Producto_1785,Deportes,731.95,29,2027-11-20
1786,Producto_1786,Ropa,876.0,58,2027-11-21
1787,Producto_1787,Ropa,939.33,91,2027-11-22
1788,Producto_1788,Ropa,807.04,95,2027-11-23
1789,Producto_1789,Electrónica,852.07,43,2027-11-24
1790,Producto_1790,Hogar,555.04,10,2027-11-25
1791,Producto_1791,Electrónica,827.63,31,2027-11-26
1792,Producto_1792,Hogar,310.47,74,2027-11-27
1793,Producto_1793,Deportes,404.49,88,2027-11-28
1794,Producto_1794,Deportes,323.74,97,2027-11-29
1795,Producto_1795,Ropa,472.71,14,2027-11-30
1796,Producto_1796,Hogar,292.72,99,2027-12-01
1797,Producto_1797,Deportes,962.0,34,2027-12-02
1798,Producto_1798,Hogar,319.72,17,2027-12-03
1799,Producto_1799,Deportes,107.06,21,2027-12-04
1800,Producto_1800,Electrónica,531.55,96,2027-12-05
1801,Producto_1801,Deportes,66.53,67,2027-12-06
1802,Producto_1802,Electrónica,119.44,58,2027-12-07
1803,Producto_1803,Deportes,227.2,79,2027-12-08
1804,Producto_1804,Ropa,469.71,8,2027-12-09
1805,Producto_1805,Electrónica,438.92,96,2027-12-10
1806,Producto_1806,Deportes,801.69,38,2027-12-11
1807,Producto_1807,Ropa,742.08,26,2027-12-12
1808,Producto_1808,Electrónica,432.06,64,2027-12-13
1809,Producto_1809,Ropa,340.37,30,2027-12-14
1810,Producto_1810,Hogar,323.3,9,2027-12-15
1811,Producto_1811,Hogar,776.26,32,2027-12-16
1812,Producto_1812,Electrónica,61.55,11,2027-12-17
1813,Producto_1813,Deportes,22.69,86,2027-12-18
1814,Producto_1814,Electrónica,797.59,34,2027-12-19
1815,Producto_1815,Ropa,482.37,18,2027-12-20
1816,Producto_1816,Deportes,139.57,19,2027-12-21
1817,Producto_1817,Hogar,243.21,54,2027-12-22
1818,Producto_1818,Deportes,933.18,82,2027-12-23
1819,Producto_1819,Hogar,860.91,37,2027-12-24
1820,Producto_1820,Deportes,712.69,82,2027-12-25
1821,Producto_1821,Deportes,487.4,12,2027-12-26
1822,Producto_1822,Deportes,525.12,4,2027-12-27
1823,Producto_1823,Ropa,975.49,43,2027-12-28
1824,Producto_1824,Ropa,966.11,27,2027-12-29
1825,Producto_1825,Electrónica,223.12,51,2027-12-30
1826,Producto_1826,Electrónica,812.99,5,2027-12-31
1827,Producto_1827,Hogar,205.27,6,2028-01-01
1828,Producto_1828,Ropa,221.4,77,2028-01-02
1829,Producto_1829,Hogar,679.33,87,2028-01-03
1830,Producto_1830,Electrónica,410.95,56,2028-01-04
1831,Producto_1831,Hogar,932.23,89,2028-01-05
1832,Producto_1832,Electrónica,98.12,68,2028-01-06
1833,Producto_1833,Ropa,516.41,96,2028-01-07
1834,Producto_1834,Deportes,919.34,44,2028-01-08
1835,Producto_1835,Ropa,905.07,15,2028-01-09
1836,Producto_1836,Hogar,164.96,90,2028-01-10
1837,Producto_1837,Hogar,372.97,42,2028-01-11
1838,Producto_1838,Ropa,622.93,11,2028-01-12
1839,Producto_1839,Ropa,167.8,73,2028-01-13
1840,Producto_1840,Electrónica,968.34,11,2028-01-14
1841,Producto_1841,Hogar,915.6,66,2028-01-15
1842,Producto_1842,Hogar,175.28,27,2028-01-16
1843,Producto_1843,Ropa,129.94,58,2028-01-17
1844,Producto_1844,Deportes,94.55,90,2028-01-18
1845,Producto_1845,Hogar,910.35,72,2028-01-19
1846,Producto_1846,Deportes,201.69,21,2028-01-20
1847,Producto_1847,Ropa,422.12,21,2028-01-21
1848,Producto_1848,Ropa,454.36,72,2028-01-22
1849,Producto_1849,Electrónica,603.02,1,2028-01-23
1850,Producto_1850,Hogar,81.02,58,2028-01-24
1851,Producto_1851,Deportes,234.49,13,2028-01-25
1852,Producto_1852,Electrónica,932.18,73,2028-01-26
1853,Producto_1853,Hogar,909.33,92,2028-01-27
1854,Producto_1854,Electrónica,783.48,6,2028-01-28
1855,Producto_1855,Ropa,29.21,87,2028-01-29
1856,Producto_1856,Hogar,333.74,58,2028-01-30
1857,Producto_1857,Electrónica,631.68,17,2028-01-31
1858,Producto_1858,Electrónica,282.44,73,2028-02-01
1859,Producto_1859,Deportes,910.49,12,2028-02-02
1860,Producto_1860,Electrónica,637.55,86,2028-02-03
1861,Producto_1861,Hogar,81.19,52,2028-02-04
1862,Producto_1862,Hogar,909.92,76,2028-02-05
1863,Producto_1863,Deportes,958.19,70,2028-02-06
1864,Producto_1864,Hogar,86.94,73,2028-02-07
1865,Producto_1865,Ropa,537.04,52,2028-02-08
1866,Producto_1866,Hogar,310.33,37,2028-02-09
1867,Producto_1867,Hogar,398.91,3,2028-02-10
1868,Producto_1868,Electrónica,187.85,98,2028-02-11
1869,Producto_1869,Electrónica,582.29,8,2028-02-12
1870,Producto_1870,Hogar,958.4,10,2028-02-13
1871,Producto_1871,Deportes,508.04,47,2028-02-14
1872,Producto_1872,Electrónica,92.09,41,2028-02-15
1873,Producto_1873,Deportes,623.8,64,2028-02-16
1874,Producto_1874,Hogar,346.82,42,2028-02-17
1875,Producto_1875,Hogar,857.37,43,2028-02-18
1876,Producto_1876,Ropa,440.33,9,2028-02-19
1877,Producto_1877,Electrónica,200.91,14,2028-02-20
1878,Producto_1878,Hogar,199.19,91,2028-02-21
1879,Producto_1879,Ropa,771.08,96,2028-02-22
1880,Producto_1880,Electrónica,272.93,4,2028-02-23
1881,Producto_1881,Hogar,769.56,2,2028-02-24
1882,Producto_1882,Hogar,213.83,97,2028-02-25
1883,Producto_1883,Electrónica,328.47,85,2028-02-26
1884,Producto_1884,Electrónica,470.83,1,2028-02-27
1885,Producto_1885,Electrónica,943.76,75,2028-02-28
1886,Producto_1886,Hogar,932.41,65,2028-02-29
1887,Producto_1887,Hogar,214.8,46,2028-03-01
1888,Producto_1888,Ropa,364.64,59,2028-03-02
1889,Producto_1889,Deportes,157.91,75,2028-03-03
1890,Producto_1890,Electrónica,514.89,7,2028-03-04
1891,Producto_1891,Hogar,465.98,66,2028-03-05
1892,Producto_1892,Hogar,901.75,15,2028-03-06
1893,Producto_1893,Electrónica,930.71,72,2028-03-07
1894,Producto_1894,Deportes,389.73,47,2028-03-08
1895,Producto_1895,Electrónica,496.82,90,2028-03-09
1896,Producto_1896,Deportes,897.27,40,2028-03-10
1897,Producto_1897,Hogar,808.64,42,2028-03-11
1898,Producto_1898,Deportes,13.62,51,2028-03-12
1899,Producto_1899,Ropa,326.86,35,2028-03-13
1900,Producto_1900,Hogar,427.56,41,2028-03-14
1901,Producto_1901,Ropa,237.42,85,2028-03-15
1902,Producto_1902,Electrónica,207.58,57,2028-03-16
1903,Producto_1903,Electrónica,47.41,38,2028-03-17
1904,Producto_1904,Electrónica,646.94,72,2028-03-18
1905,Producto_1905,Deportes,269.89,96,2028-03-19
1906,Producto_1906,Hogar,61.82,8,2028-03-20
1907,Producto_1907,Electrónica,238.67,74,2028-03-21
1908,Producto_1908,Electrónica,803.89,63,2028-03-22
1909,Producto_1909,Hogar,852.97,87,2028-03-23
1910,Producto_1910,Electrónica,488.24,4,2028-03-24
1911,Producto_1911,Ropa,421.91,48,2028-03-25
1912,Producto_1912,Hogar,978.08,52,2028-03-26
1913,Producto_1913,Hogar,208.56,38,2028-03-27
1914,Producto_1914,Hogar,223.21,94,2028-03-28
1915,Producto_1915,Ropa,298.95,87,2028-03-29
1916,Producto_1916,Hogar,181.03,5,2028-03-30
1917,Producto_1917,Ropa,385.57,85,2028-03-31
1918,Producto_1918,Hogar,911.73,70,2028-04-01
1919,Producto_1919,Deportes,619.19,81,2028-04-02
1920,Producto_1920,Electrónica,417.83,89,2028-04-03
1921,Producto_1921,Deportes,935.07,24,2028-04-04
1922,Producto_1922,Electrónica,57.98,86,2028-04-05
1923,Producto_1923,Ropa,218.17,77,2028-04-06
1924,Producto_1924,Deportes,570.23,17,2028-04-07
1925,Producto_1925,Hogar,619.4,78,2028-04-08
1926,Producto_1926,Electrónica,49.16,98,2028-04-09
1927,Producto_1927,Electrónica,409.01,90,2028-04-10
1928,Producto_1928,Deportes,652.66,83,2028-04-11
1929,Producto_1929,Ropa,701.09,26,2028-04-12
1930,Producto_1930,Deportes,641.76,3,2028-04-13
1931,Producto_1931,Ropa,327.36,2,2028-04-14
1932,Producto_1932,Ropa,102.58,92,2028-04-15
1933,Producto_1933,Electrónica,432.84,2,2028-04-16
1934,Producto_1934,Deportes,137.47,22,2028-04-17
1935,Producto_1935,Deportes,948.15,71,2028-04-18
1936,Producto_1936,Ropa,480.42,4,2028-04-19
1937,Producto_1937,Deportes,324.09,38,2028-04-20
1938,Producto_1938,Hogar,768.64,84,2028-04-21
1939,Producto_1939,Hogar,502.97,70,2028-04-22
1940,Producto_1940,Deportes,316.93,73,2028-04-23
1941,Producto_1941,Deportes,813.85,52,2028-04-24
1942,Producto_1942,Ropa,868.48,31,2028-04-25
1943,Producto_1943,Hogar,676.28,26,2028-04-26
1944,Producto_1944,Hogar,56.49,36,2028-04-27
1945,Producto_1945,Electrónica,570.66,26,2028-04-28
1946,Producto_1946,Ropa,765.66,28,2028-04-29
1947,Producto_1947,Electrónica,145.14,5,2028-04-30
1948,Producto_1948,Hogar,236.38,74,2028-05-01
1949,Producto_1949,Ropa,883.67,18,2028-05-02
1950,Producto_1950,Deportes,29.92,15,2028-05-03
1951,Producto_1951,Ropa,755.2,57,2028-05-04
1952,Producto_1952,Deportes,479.04,97,2028-05-05
1953,Producto_1953,Deportes,452.3,5,2028-05-06
1954,Producto_1954,Ropa,17.03,37,2028-05-07
1955,Producto_1955,Deportes,821.2,86,2028-05-08
1956,Producto_1956,Electrónica,366.23,86,2028-05-09
1957,Producto_1957,Hogar,545.36,22,2028-05-10
1958,Producto_1958,Deportes,680.53,52,2028-05-11
1959,Producto_1959,Electrónica,705.6,15,2028-05-12
1960,Producto_1960,Deportes,956.42,17,2028-05-13
1961,Producto_1961,Hogar,536.03,51,2028-05-14
1962,Producto_1962,Electrónica,405.72,45,2028-05-15
1963,Producto_1963,Hogar,954.17,63,2028-05-16
1964,Producto_1964,Hogar,645.69,28,2028-05-17
1965,Producto_1965,Electrónica,305.17,59,2028-05-18
1966,Producto_1966,Electrónica,135.2,86,2028-05-19
1967,Producto_1967,Electrónica,844.13,21,2028-05-20
1968,Producto_1968,Ropa,368.56,42,2028-05-21
1969,Producto_1969,Electrónica,663.87,81,2028-05-22
1970,Producto_1970,Electrónica,476.11,69,2028-05-23
1971,Producto_1971,Electrónica,206.94,82,2028-05-24
1972,Producto_1972,Electrónica,605.67,17,2028-05-25
1973,Producto_1973,Deportes,70.08,68,2028-05-26
1974,Producto_1974,Ropa,419.21,7,2028-05-27
1975,Producto_1975,Hogar,551.15,89,2028-05-28
1976,Producto_1976,Electrónica,441.69,40,2028-05-29
1977,Producto_1977,Deportes,751.19,40,2028-05-30
1978,Producto_1978,Deportes,829.65,43,2028-05-31
1979,Producto_1979,Deportes,773.53,73,2028-06-01
1980,Producto_1980,Hogar,48.42,83,2028-06-02
1981,Producto_1981,Electrónica,202.19,51,2028-06-03
1982,Producto_1982,Ropa,541.24,73,2028-06-04
1983,Producto_1983,Ropa,935.47,23,2028-06-05
1984,Producto_1984,Deportes,836.61,95,2028-06-06
1985,Producto_1985,Hogar,844.11,32,2028-06-07
1986,Producto_1986,Hogar,310.18,31,2028-06-08
1987,Producto_1987,Hogar,435.15,17,2028-06-09
1988,Producto_1988,Ropa,476.0,58,2028-06-10
1989,Producto_1989,Deportes,165.8,86,2028-06-11
1990,Producto_1990,Electrónica,40.76,35,2028-06-12
1991,Producto_1991,Ropa,947.43,30,2028-06-13
1992,Producto_1992,Deportes,248.31,64,2028-06-14
1993,Producto_1993,Deportes,247.55,53,2028-06-15
1994,Producto_1994,Electrónica,92.55,51,2028-06-16
1995,Producto_1995,Electrónica,929.22,37,2028-06-17
1996,Producto_1996,Electrónica,583.94,90,2028-06-18
1997,Producto_1997,Hogar,670.37,6,2028-06-19
1998,Producto_1998,Electrónica,912.46,34,2028-06-20
1999,Producto_1999,Deportes,352.16,56,2028-06-21
2000,Producto_2000,Electrónica,625.29,96,2028-06-22
2001,Producto_2001,Deportes,48.41,25,2028-06-23
2002,Producto_2002,Ropa,194.9,13,2028-06-24
2003,Producto_2003,Hogar,832.93,63,2028-06-25
2004,Producto_2004,Ropa,769.1,66,2028-06-26
2005,Producto_2005,Ropa,357.14,5,2028-06-27
2006,Producto_2006,Deportes,383.04,75,2028-06-28
2007,Producto_2007,Ropa,538.22,11,2028-06-29
2008,Producto_2008,Deportes,10.24,88,2028-06-30
2009,Producto_2009,Electrónica,248.83,78,2028-07-01
2010,Producto_2010,Electrónica,216.15,94,2028-07-02
2011,Producto_2011,Deportes,257.98,44,2028-07-03
2012,Producto_2012,Electrónica,807.85,99,2028-07-04
2013,Producto_2013,Hogar,286.88,85,2028-07-05
2014,Producto_2014,Ropa,199.61,69,2028-07-06
2015,Producto_2015,Hogar,509.22,2,2028-07-07
2016,Producto_2016,Ropa,866.99,40,2028-07-08
2017,Producto_2017,Electrónica,248.94,37,2028-07-09
2018,Producto_2018,Hogar,87.75,49,2028-07-10
2019,Producto_2019,Electrónica,362.84,98,2028-07-11
2020,Producto_2020,Ropa,750.18,75,2028-07-12
2021,Producto_2021,Deportes,555.18,36,2028-07-13
2022,Producto_2022,Deportes,818.63,75,2028-07-14
2023,Producto_2023,Hogar,960.0,73,2028-07-15
2024,Producto_2024,Electrónica,794.74,70,2028-07-16
2025,Producto_2025,Electrónica,607.77,34,2028-07-17
2026,Producto_2026,Hogar,498.41,58,2028-07-18
2027,Producto_2027,Deportes,49.67,37,2028-07-19
2028,Producto_2028,Ropa,984.48,96,2028-07-20
2029,Producto_2029,Hogar,389.65,60,2028-07-21
2030,Producto_2030,Ropa,160.71,12,2028-07-22
2031,Producto_2031,Deportes,670.04,32,2028-07-23
2032,Producto_2032,Electrónica,291.45,81,2028-07-24
2033,Producto_2033,Deportes,589.92,4,2028-07-25
2034,Producto_2034,Hogar,590.9,33,2028-07-26
2035,Producto_2035,Electrónica,451.27,43,2028-07-27
2036,Producto_2036,Hogar,837.76,9,2028-07-28
2037,Producto_2037,Hogar,272.32,98,2028-07-29
2038,Producto_2038,Deportes,454.15,51,2028-07-30
2039,Producto_2039,Hogar,542.32,94,2028-07-31
2040,Producto_2040,Deportes,666.99,20,2028-08-01
2041,Producto_2041,Electrónica,786.13,39,2028-08-02
2042,Producto_2042,Deportes,400.86,23,2028-08-03
2043,Producto_2043,Electrónica,649.59,41,2028-08-04
2044,Producto_2044,Deportes,159.1,44,2028-08-05
2045,Producto_2045,Ropa,933.32,35,2028-08-06
2046,Producto_2046,Ropa,389.23,23,2028-08-07
2047,Producto_2047,Hogar,732.23,58,2028-08-08
2048,Producto_2048,Deportes,30.14,48,2028-08-09
2049,Producto_2049,Deportes,213.14,87,2028-08-10
2050,Producto_2050,Electrónica,492.21,58,2028-08-11
2051,Producto_2051,Hogar,879.47,57,2028-08-12
2052,Producto_2052,Deportes,531.98,87,2028-08-13
2053,Producto_2053,Hogar,930.57,39,2028-08-14
2054,Producto_2054,Ropa,488.96,28,2028-08-15
2055,Producto_2055,Deportes,495.54,64,2028-08-16
2056,Producto_2056,Deportes,128.55,62,2028-08-17
2057,Producto_2057,Hogar,804.63,83,2028-08-18
2058,Producto_2058,Deportes,254.5,62,2028-08-19
2059,Producto_2059,Hogar,900.62,94,2028-08-20
2060,Producto_2060,Deportes,911.72,85,2028-08-21
2061,Producto_2061,Electrónica,943.88,88,2028-08-22
2062,Producto_2062,Hogar,525.03,85,2028-08-23
2063,Producto_2063,Deportes,680.32,26,2028-08-24
2064,Producto_2064,Ropa,780.73,51,2028-08-25
2065,Producto_2065,Deportes,139.7,50,2028-08-26
2066,Producto_2066,Ropa,604.95,36,2028-08-27
2067,Producto_2067,Ropa,43.95,26,2028-08-28
2068,Producto_2068,Electrónica,502.59,33,2028-08-29
2069,Producto_2069,Hogar,163.29,68,2028-08-30
2070,Producto_2070,Deportes,191.09,73,2028-08-31
2071,Producto_2071,Electrónica,371.4,8,2028-09-01
2072,Producto_2072,Deportes,438.11,66,2028-09-02
2073,Producto_2073,Ropa,626.94,93,2028-09-03
2074,Producto_2074,Hogar,83.68,23,2028-09-04
2075,Producto_2075,Deportes,508.65,70,2028-09-05
2076,Producto_2076,Deportes,190.8,55,2028-09-06
2077,Producto_2077,Ropa,578.24,43,2028-09-07
2078,Producto_2078,Deportes,641.03,21,2028-09-08
2079,Producto_2079,Deportes,561.14,22,2028-09-09
2080,Producto_2080,Ropa,740.91,9,2028-09-10
2081,Producto_2081,Electrónica,342.25,34,2028-09-11
2082,Producto_2082,Ropa,767.46,59,2028-09-12
2083,Producto_2083,Electrónica,438.44,26,2028-09-13
2084,Producto_2084,Hogar,489.34,1,2028-09-14
2085,Producto_2085,Electrónica,651.62,5,2028-09-15
2086,Producto_2086,Electrónica,28.17,41,2028-09-16
2087,Producto_2087,Hogar,657.45,63,2028-09-17
2088,Producto_2088,Electrónica,622.4,22,2028-09-18
2089,Producto_2089,Ropa,316.75,68,2028-09-19
2090,Producto_2090,Electrónica,94.94,48,2028-09-20
2091,Producto_2091,Hogar,100.03,66,2028-09-21
2092,Producto_2092,Ropa,923.99,16,2028-09-22
2093,Producto_2093,Hogar,692.39,80,2028-09-23
2094,Producto_2094,Hogar,135.83,53,2028-09-24
2095,Producto_2095,Deportes,363.16,86,2028-09-25
2096,Producto_2096,Deportes,596.56,65,2028-09-26
2097,Producto_2097,Hogar,837.22,79,2028-09-27
2098,Producto_2098,Hogar,53.22,64,2028-09-28
2099,Producto_2099,Hogar,244.27,88,2028-09-29
2100,Producto_2100,Deportes,890.85,68,2028-09-30
2101,Producto_2101,Deportes,19.07,63,2028-10-01
2102,Producto_2102,Electrónica,209.39,62,2028-10-02
2103,Producto_2103,Electrónica,959.43,82,2028-10-03
2104,Producto_2104,Hogar,617.27,81,2028-10-04
2105,Producto_2105,Ropa,269.05,71,2028-10-05
2106,Producto_2106,Ropa,76.32,45,2028-10-06
2107,Producto_2107,Deportes,37.91,52,2028-10-07
2108,Producto_2108,Deportes,252.3,74,2028-10-08
2109,Producto_2109,Deportes,882.67,65,2028-10-09
2110,Producto_2110,Hogar,421.75,2,2028-10-10
2111,Producto_2111,Ropa,723.13,49,2028-10-11
2112,Producto_2112,Electrónica,919.1,22,2028-10-12
2113,Producto_2113,Hogar,413.96,96,2028-10-13
2114,Producto_2114,Electrónica,199.36,29,2028-10-14
2115,Producto_2115,Electrónica,521.95,35,2028-10-15
2116,Producto_2116,Hogar,909.0,81,2028-10-16
2117,Producto_2117,Electrónica,806.33,76,2028-10-17
2118,Producto_2118,Ropa,75.17,24,2028-10-18
2119,Producto_2119,Electrónica,695.65,94,2028-10-19
2120,Producto_2120,Ropa,576.18,30,2028-10-20
2121,Producto_2121,Ropa,908.39,84,2028-10-21
2122,Producto_2122,Ropa,131.26,42,2028-10-22
2123,Producto_2123,Deportes,538.7,71,2028-10-23
2124,Producto_2124,Electrónica,880.67,50,2028-10-24
2125,Producto_2125,Hogar,415.92,71,2028-10-25
2126,Producto_2126,Hogar,487.17,60,2028-10-26
2127,Producto_2127,Electrónica,79.76,30,2028-10-27
2128,Producto_2128,Deportes,285.36,12,2028-10-28
2129,Producto_2129,Deportes,331.26,49,2028-10-29
2130,Producto_2130,Ropa,945.67,95,2028-10-30
2131,Producto_2131,Electrónica,289.84,82,2028-10-31
2132,Producto_2132,Electrónica,466.26,46,2028-11-01
2133,Producto_2133,Hogar,674.59,43,2028-11-02
2134,Producto_2134,Electrónica,170.56,2,2028-11-03
2135,Producto_2135,Deportes,491.58,97,2028-11-04
2136,Producto_2136,Electrónica,741.15,75,2028-11-05
2137,Producto_2137,Hogar,868.19,98,2028-11-06
2138,Producto_2138,Ropa,630.0,80,2028-11-07
2139,Producto_2139,Hogar,672.36,54,2028-11-08
2140,Producto_2140,Hogar,135.02,35,2028-11-09
2141,Producto_2141,Ropa,946.32,52,2028-11-10
2142,Producto_2142,Hogar,141.25,33,2028-11-11
2143,Producto_2143,Hogar,776.93,85,2028-11-12
2144,Producto_2144,Electrónica,272.17,84,2028-11-13
2145,Producto_2145,Electrónica,934.26,72,2028-11-14
2146,Producto_2146,Ropa,722.76,51,2028-11-15
2147,Producto_2147,Electrónica,756.28,26,2028-11-16
2148,Producto_2148,Electrónica,226.87,97,2028-11-17
2149,Producto_2149,Hogar,448.61,62,2028-11-18
2150,Producto_2150,Deportes,621.64,61,2028-11-19
2151,Producto_2151,Electrónica,772.27,26,2028-11-20
2152,Producto_2152,Deportes,112.92,37,2028-11-21
2153,Producto_2153,Electrónica,962.74,30,2028-11-22
2154,Producto_2154,Electrónica,891.32,95,2028-11-23
2155,Producto_2155,Ropa,277.65,97,2028-11-24
2156,Producto_2156,Ropa,824.53,11,2028-11-25
2157,Producto_2157,Ropa,523.14,53,2028-11-26
2158,Producto_2158,Deportes,467.19,41,2028-11-27
2159,Producto_2159,Hogar,321.29,5,2028-11-28
2160,Producto_2160,Electrónica,585.16,66,2028-11-29
2161,Producto_2161,Electrónica,732.59,13,2028-11-30
2162,Producto_2162,Electrónica,416.82,63,2028-12-01
2163,Producto_2163,Deportes,632.93,82,2028-12-02
2164,Producto_2164,Ropa,702.32,90,2028-12-03
2165,Producto_2165,Hogar,714.01,25,2028-12-04
2166,Producto_2166,Deportes,61.45,44,2028-12-05
2167,Producto_2167,Ropa,861.15,14,2028-12-06
2168,Producto_2168,Deportes,463.67,69,2028-12-07
2169,Producto_2169,Hogar,269.79,59,2028-12-08
2170,Producto_2170,Ropa,249.35,56,2028-12-09
2171,Producto_2171,Deportes,488.18,52,2028-12-10
2172,Producto_2172,Hogar,887.96,66,2028-12-11
2173,Producto_2173,Electrónica,384.56,68,2028-12-12
2174,Producto_2174,Hogar,752.23,12,2028-12-13
2175,Producto_2175,Electrónica,105.85,75,2028-12-14
2176,Producto_2176,Deportes,481.3,68,2028-12-15
2177,Producto_2177,Ropa,991.77,43,2028-12-16
2178,Producto_2178,Ropa,772.73,73,2028-12-17
2179,Producto_2179,Deportes,218.42,74,2028-12-18
2180,Producto_2180,Ropa,506.43,91,2028-12-19
2181,Producto_2181,Ropa,241.29,6,2028-12-20
2182,Producto_2182,Electrónica,415.47,15,2028-12-21
2183,Producto_2183,Deportes,782.28,42,2028-12-22
2184,Producto_2184,Hogar,773.51,31,2028-12-23
2185,Producto_2185,Electrónica,235.82,86,2028-12-24
2186,Producto_2186,Deportes,923.0,53,2028-12-25
2187,Producto_2187,Electrónica,596.64,6,2028-12-26
2188,Producto_2188,Hogar,386.13,33,2028-12-27
2189,Producto_2189,Hogar,506.92,29,2028-12-28
2190,Producto_2190,Deportes,609.02,21,2028-12-29
2191,Producto_2191,Hogar,564.29,54,2028-12-30
2192,Producto_2192,Electrónica,491.54,56,2028-12-31
2193,Producto_2193,Hogar,509.88,94,2029-01-01
2194,Producto_2194,Electrónica,184.65,21,2029-01-02
2195,Producto_2195,Electrónica,814.61,55,2029-01-03
2196,Producto_2196,Hogar,546.34,58,2029-01-04
2197,Producto_2197,Deportes,139.77,64,2029-01-05
2198,Producto_2198,Ropa,768.5,86,2029-01-06
2199,Producto_2199,Hogar,933.12,46,2029-01-07
2200,Producto_2200,Electrónica,947.83,84,2029-01-08
2201,Producto_2201,Electrónica,375.33,22,2029-01-09
2202,Producto_2202,Hogar,144.16,60,2029-01-10
2203,Producto_2203,Deportes,523.22,11,2029-01-11
2204,Producto_2204,Deportes,121.48,47,2029-01-12
2205,Producto_2205,Electrónica,934.65,31,2029-01-13
2206,Producto_2206,Electrónica,191.74,77,2029-01-14
2207,Producto_2207,Deportes,260.24,18,2029-01-15
2208,Producto_2208,Ropa,412.57,22,2029-01-16
2209,Producto_2209,Hogar,389.33,56,2029-01-17
2210,Producto_2210,Electrónica,796.72,17,2029-01-18
2211,Producto_2211,Electrónica,461.75,38,2029-01-19
2212,Producto_2212,Deportes,179.06,25,2029-01-20
2213,Producto_2213,Hogar,274.54,32,2029-01-21
2214,Producto_2214,Deportes,514.02,15,2029-01-22
2215,Producto_2215,Hogar,155.98,13,2029-01-23
2216,Producto_2216,Hogar,615.54,58,2029-01-24
2217,Producto_2217,Hogar,570.09,90,2029-01-25
2218,Producto_2218,Electrónica,717.56,50,2029-01-26
2219,Producto_2219,Ropa,938.33,11,2029-01-27
2220,Producto_2220,Deportes,913.13,13,2029-01-28
2221,Producto_2221,Ropa,946.61,97,2029-01-29
2222,Producto_2222,Deportes,252.27,50,2029-01-30
2223,Producto_2223,Hogar,140.25,38,2029-01-31
2224,Producto_2224,Electrónica,309.25,1,2029-02-01
2225,Producto_2225,Ropa,896.13,39,2029-02-02
2226,Producto_2226,Electrónica,972.33,27,2029-02-03
2227,Producto_2227,Deportes,860.73,36,2029-02-04
2228,Producto_2228,Electrónica,118.92,32,2029-02-05
2229,Producto_2229,Electrónica,947.95,41,2029-02-06
2230,Producto_2230,Ropa,429.12,15,2029-02-07
2231,Producto_2231,Hogar,19.22,31,2029-02-08
2232,Producto_2232,Electrónica,447.97,6,2029-02-09
2233,Producto_2233,Hogar,55.61,89,2029-02-10
2234,Producto_2234,Deportes,548.44,52,2029-02-11
2235,Producto_2235,Electrónica,345.17,82,2029-02-12
2236,Producto_2236,Ropa,478.7,22,2029-02-13
2237,Producto_2237,Deportes,617.04,31,2029-02-14
2238,Producto_2238,Deportes,870.11,73,2029-02-15
2239,Producto_2239,Ropa,665.28,46,2029-02-16
2240,Producto_2240,Electrónica,439.71,67,2029-02-17
2241,Producto_2241,Electrónica,821.23,97,2029-02-18
2242,Producto_2242,Deportes,906.53,91,2029-02-19
2243,Producto_2243,Electrónica,128.56,43,2029-02-20
2244,Producto_2244,Hogar,536.61,1,2029-02-21
2245,Producto_2245,Ropa,291.67,44,2029-02-22
2246,Producto_2246,Hogar,56.59,57,2029-02-23
2247,Producto_2247,Electrónica,671.86,9,2029-02-24
2248,Producto_2248,Deportes,864.14,5,2029-02-25
2249,Producto_2249,Ropa,171.27,79,2029-02-26
2250,Producto_2250,Electrónica,814.29,9,2029-02-27
2251,Producto_2251,Electrónica,854.86,45,2029-02-28
2252,Producto_2252,Deportes,915.2,92,2029-03-01
2253,Producto_2253,Deportes,272.63,77,2029-03-02
2254,Producto_2254,Hogar,904.91,24,2029-03-03
2255,Producto_2255,Ropa,327.46,74,2029-03-04
2256,Producto_2256,Ropa,556.81,42,2029-03-05
2257,Producto_2257,Deportes,60.0,22,2029-03-06
2258,Producto_2258,Hogar,53.44,60,2029-03-07
2259,Producto_2259,Ropa,723.17,86,2029-03-08
2260,Producto_2260,Deportes,450.04,37,2029-03-09
2261,Producto_2261,Electrónica,263.73,39,2029-03-10
2262,Producto_2262,Ropa,198.51,84,2029-03-11
2263,Producto_2263,Hogar,673.25,74,2029-03-12
2264,Producto_2264,Hogar,10.4,74,2029-03-13
2265,Producto_2265,Hogar,807.83,90,2029-03-14
2266,Producto_2266,Electrónica,88.46,89,2029-03-15
2267,Producto_2267,Ropa,199.57,53,2029-03-16
2268,Producto_2268,Ropa,392.37,28,2029-03-17
2269,Producto_2269,Electrónica,490.01,77,2029-03-18
2270,Producto_2270,Ropa,361.45,15,2029-03-19
2271,Producto_2271,Electrónica,327.51,60,2029-03-20
2272,Producto_2272,Electrónica,964.28,60,2029-03-21
2273,Producto_2273,Electrónica,645.16,6,2029-03-22
2274,Producto_2274,Hogar,33.2,52,2029-03-23
2275,Producto_2275,Ropa,435.87,12,2029-03-24
2276,Producto_2276,Electrónica,876.26,19,2029-03-25
2277,Producto_2277,Ropa,308.44,96,2029-03-26
2278,Producto_2278,Hogar,103.61,75,2029-03-27
2279,Producto_2279,Electrónica,760.8,97,2029-03-28
2280,Producto_2280,Deportes,609.95,2,2029-03-29
2281,Producto_2281,Hogar,574.61,55,2029-03-30
2282,Producto_2282,Deportes,63.04,15,2029-03-31
2283,Producto_2283,Ropa,149.09,64,2029-04-01
2284,Producto_2284,Ropa,626.32,69,2029-04-02
2285,Producto_2285,Hogar,215.75,15,2029-04-03
2286,Producto_2286,Ropa,509.03,43,2029-04-04
2287,Producto_2287,Deportes,549.43,74,2029-04-05
2288,Producto_2288,Electrónica,290.67,17,2029-04-06
2289,Producto_2289,Electrónica,948.94,98,2029-04-07
2290,Producto_2290,Electrónica,844.04,24,2029-04-08
2291,Producto_2291,Hogar,725.15,74,2029-04-09
2292,Producto_2292,Ropa,87.21,30,2029-04-10
2293,Producto_2293,Deportes,115.07,67,2029-04-11
2294,Producto_2294,Ropa,497.85,51,2029-04-12
2295,Producto_2295,Ropa,169.11,60,2029-04-13
2296,Producto_2296,Ropa,978.48,3,2029-04-14
2297,Producto_2297,Electrónica,166.94,5,2029-04-15
2298,Producto_2298,Deportes,492.59,28,2029-04-16
2299,Producto_2299,Deportes,370.48,78,2029-04-17
2300,Producto_2300,Ropa,642.99,11,2029-04-18
2301,Producto_2301,Electrónica,137.75,72,2029-04-19
2302,Producto_2302,Electrónica,436.01,72,2029-04-20
2303,Producto_2303,Deportes,281.96,76,2029-04-21
2304,Producto_2304,Electrónica,888.87,15,2029-04-22
2305,Producto_2305,Electrónica,50.18,83,2029-04-23
2306,Producto_2306,Electrónica,914.59,48,2029-04-24
2307,Producto_2307,Hogar,834.66,46,2029-04-25
2308,Producto_2308,Ropa,304.6,28,2029-04-26
2309,Producto_2309,Deportes,791.4,7,2029-04-27
2310,Producto_2310,Deportes,40.9,71,2029-04-28
2311,Producto_2311,Hogar,967.2,94,2029-04-29
2312,Producto_2312,Ropa,531.33,82,2029-04-30
2313,Producto_2313,Deportes,310.25,88,2029-05-01
2314,Producto_2314,Electrónica,368.96,6,2029-05-02
2315,Producto_2315,Deportes,75.74,58,2029-05-03
2316,Producto_2316,Electrónica,989.46,68,2029-05-04
2317,Producto_2317,Hogar,48.9,55,2029-05-05
2318,Producto_2318,Electrónica,658.36,67,2029-05-06
2319,Producto_2319,Deportes,448.31,49,2029-05-07
2320,Producto_2320,Deportes,949.43,51,2029-05-08
2321,Producto_2321,Deportes,253.54,59,2029-05-09
2322,Producto_2322,Hogar,536.77,6,2029-05-10
2323,Producto_2323,Hogar,487.53,90,2029-05-11
2324,Producto_2324,Ropa,705.84,51,2029-05-12
2325,Producto_2325,Deportes,77.33,38,2029-05-13
2326,Producto_2326,Electrónica,201.85,11,2029-05-14
2327,Producto_2327,Hogar,222.42,52,2029-05-15
2328,Producto_2328,Deportes,740.77,93,2029-05-16
2329,Producto_2329,Deportes,197.25,20,2029-05-17
2330,Producto_2330,Hogar,577.76,10,2029-05-18
2331,Producto_2331,Ropa,223.09,26,2029-05-19
2332,Producto_2332,Hogar,863.01,48,2029-05-20
2333,Producto_2333,Hogar,942.76,91,2029-05-21
2334,Producto_2334,Electrónica,523.31,14,2029-05-22
2335,Producto_2335,Electrónica,358.79,59,2029-05-23
2336,Producto_2336,Ropa,241.72,12,2029-05-24
2337,Producto_2337,Deportes,59.28,23,2029-05-25
2338,Producto_2338,Hogar,275.82,85,2029-05-26
2339,Producto_2339,Ropa,657.69,72,2029-05-27
2340,Producto_2340,Electrónica,538.28,39,2029-05-28
2341,Producto_2341,Hogar,944.6,9,2029-05-29
2342,Producto_2342,Deportes,402.31,88,2029-05-30
2343,Producto_2343,Electrónica,696.92,95,2029-05-31
2344,Producto_2344,Electrónica,494.43,25,2029-06-01
2345,Producto_2345,Electrónica,517.45,17,2029-06-02
2346,Producto_2346,Ropa,275.1,42,2029-06-03
2347,Producto_2347,Deportes,460.4,29,2029-06-04
2348,Producto_2348,Hogar,476.08,60,2029-06-05
2349,Producto_2349,Ropa,709.58,67,2029-06-06
2350,Producto_2350,Ropa,941.23,85,2029-06-07
2351,Producto_2351,Ropa,336.03,57,2029-06-08
2352,Producto_2352,Electrónica,51.78,72,2029-06-09
2353,Producto_2353,Deportes,501.33,14,2029-06-10
2354,Producto_2354,Ropa,549.02,39,2029-06-11
2355,Producto_2355,Hogar,176.76,16,2029-06-12
2356,Producto_2356,Deportes,762.86,18,2029-06-13
2357,Producto_2357,Hogar,985.08,95,2029-06-14
2358,Producto_2358,Deportes,946.32,75,2029-06-15
2359,Producto_2359,Hogar,205.13,20,2029-06-16
2360,Producto_2360,Electrónica,876.61,46,2029-06-17
2361,Producto_2361,Ropa,707.45,45,2029-06-18
2362,Producto_2362,Hogar,459.31,4,2029-06-19
2363,Producto_2363,Deportes,545.2,84,2029-06-20
2364,Producto_2364,Ropa,851.1,95,2029-06-21
2365,Producto_2365,Ropa,485.33,20,2029-06-22
2366,Producto_2366,Deportes,379.48,11,2029-06-23
2367,Producto_2367,Hogar,498.32,65,2029-06-24
2368,Producto_2368,Electrónica,583.34,18,2029-06-25
2369,Producto_2369,Electrónica,197.19,39,2029-06-26
2370,Producto_2370,Hogar,901.9,44,2029-06-27
2371,Producto_2371,Ropa,677.45,97,2029-06-28
2372,Producto_2372,Ropa,636.94,18,2029-06-29
2373,Producto_2373,Ropa,108.5,47,2029-06-30
2374,Producto_2374,Ropa,608.13,31,2029-07-01
2375,Producto_2375,Hogar,129.75,99,2029-07-02
2376,Producto_2376,Ropa,87.91,39,2029-07-03
2377,Producto_2377,Deportes,532.04,38,2029-07-04
2378,Producto_2378,Ropa,408.76,79,2029-07-05
2379,Producto_2379,Electrónica,592.92,47,2029-07-06
2380,Producto_2380,Ropa,98.33,70,2029-07-07
2381,Producto_2381,Hogar,436.67,8,2029-07-08
2382,Producto_2382,Electrónica,183.04,86,2029-07-09
2383,Producto_2383,Hogar,987.23,65,2029-07-10
2384,Producto_2384,Hogar,565.54,13,2029-07-11
2385,Producto_2385,Electrónica,690.56,55,2029-07-12
2386,Producto_2386,Hogar,332.16,88,2029-07-13
2387,Producto_2387,Hogar,103.79,85,2029-07-14
2388,Producto_2388,Ropa,976.11,43,2029-07-15
2389,Producto_2389,Deportes,293.4,4,2029-07-16
2390,Producto_2390,Hogar,429.57,71,2029-07-17
2391,Producto_2391,Hogar,653.37,60,2029-07-18
2392,Producto_2392,Hogar,34.45,12,2029-07-19
2393,Producto_2393,Ropa,812.16,59,2029-07-20
2394,Producto_2394,Deportes,541.21,77,2029-07-21
2395,Producto_2395,Electrónica,285.44,54,2029-07-22
2396,Producto_2396,Ropa,70.99,44,2029-07-23
2397,Producto_2397,Ropa,170.87,16,2029-07-24
2398,Producto_2398,Deportes,896.08,6,2029-07-25
2399,Producto_2399,Deportes,689.16,14,2029-07-26
2400,Producto_2400,Ropa,257.4,58,2029-07-27
2401,Producto_2401,Electrónica,74.94,31,2029-07-28
2402,Producto_2402,Ropa,693.71,41,2029-07-29
2403,Producto_2403,Deportes,576.68,35,2029-07-30
2404,Producto_2404,Electrónica,410.47,10,2029-07-31
2405,Producto_2405,Deportes,369.98,81,2029-08-01
2406,Producto_2406,Electrónica,224.65,30,2029-08-02
2407,Producto_2407,Hogar,672.92,44,2029-08-03
2408,Producto_2408,Deportes,970.96,55,2029-08-04
2409,Producto_2409,Deportes,183.96,71,2029-08-05
2410,Producto_2410,Ropa,601.15,18,2029-08-06
2411,Producto_2411,Deportes,429.94,83,2029-08-07
2412,Producto_2412,Deportes,452.22,79,2029-08-08
2413,Producto_2413,Hogar,261.61,86,2029-08-09
2414,Producto_2414,Deportes,826.88,39,2029-08-10
2415,Producto_2415,Hogar,490.4,42,2029-08-11
2416,Producto_2416,Hogar,547.97,54,2029-08-12
2417,Producto_2417,Hogar,311.71,30,2029-08-13
2418,Producto_2418,Hogar,189.99,20,2029-08-14
2419,Producto_2419,Electrónica,95.05,96,2029-08-15
2420,Producto_2420,Ropa,716.98,42,2029-08-16
2421,Producto_2421,Electrónica,204.27,89,2029-08-17
2422,Producto_2422,Deportes,693.17,87,2029-08-18
2423,Producto_2423,Electrónica,396.47,5,2029-08-19
2424,Producto_2424,Electrónica,421.62,50,2029-08-20
2425,Producto_2425,Deportes,474.49,41,2029-08-21
2426,Producto_2426,Deportes,374.03,94,2029-08-22
2427,Producto_2427,Deportes,109.61,39,2029-08-23
2428,Producto_2428,Electrónica,316.54,57,2029-08-24
2429,Producto_2429,Electrónica,667.1,91,2029-08-25
2430,Producto_2430,Deportes,669.13,57,2029-08-26
2431,Producto_2431,Ropa,293.36,37,2029-08-27
2432,Producto_2432,Ropa,465.5,7,2029-08-28
2433,Producto_2433,Hogar,201.51,5,2029-08-29
2434,Producto_2434,Deportes,218.27,79,2029-08-30
2435,Producto_2435,Hogar,32.82,51,2029-08-31
2436,Producto_2436,Ropa,897.78,8,2029-09-01
2437,Producto_2437,Hogar,218.6,56,2029-09-02
2438,Producto_2438,Deportes,235.26,73,2029-09-03
2439,Producto_2439,Deportes,286.81,11,2029-09-04
2440,Producto_2440,Deportes,136.13,22,2029-09-05
2441,Producto_2441,Electrónica,642.87,98,2029-09-06
2442,Producto_2442,Hogar,84.39,99,2029-09-07
2443,Producto_2443,Ropa,142.86,77,2029-09-08
2444,Producto_2444,Ropa,648.31,11,2029-09-09
2445,Producto_2445,Ropa,346.26,60,2029-09-10
2446,Producto_2446,Electrónica,710.87,96,2029-09-11
2447,Producto_2447,Electrónica,561.85,15,2029-09-12
2448,Producto_2448,Deportes,263.46,38,2029-09-13
2449,Producto_2449,Ropa,654.32,1,2029-09-14
2450,Producto_2450,Electrónica,125.11,46,2029-09-15
2451,Producto_2451,Deportes,541.05,88,2029-09-16
2452,Producto_2452,Ropa,442.78,43,2029-09-17
2453,Producto_2453,Hogar,275.19,22,2029-09-18
2454,Producto_2454,Deportes,607.96,3,2029-09-19
2455,Producto_2455,Electrónica,872.62,14,2029-09-20
2456,Producto_2456,Electrónica,998.92,2,2029-09-21
2457,Producto_2457,Deportes,611.69,61,2029-09-22
2458,Producto_2458,Deportes,410.66,32,2029-09-23
2459,Producto_2459,Electrónica,232.96,38,2029-09-24
2460,Producto_2460,Hogar,264.53,97,2029-09-25
2461,Producto_2461,Ropa,484.66,46,2029-09-26
2462,Producto_2462,Hogar,373.6,42,2029-09-27
2463,Producto_2463,Deportes,914.68,6,2029-09-28
2464,Producto_2464,Hogar,374.61,41,2029-09-29
2465,Producto_2465,Electrónica,379.71,25,2029-09-30
2466,Producto_2466,Deportes,389.7,98,2029-10-01
2467,Producto_2467,Ropa,838.25,11,2029-10-02
2468,Producto_2468,Electrónica,654.28,41,2029-10-03
2469,Producto_2469,Electrónica,618.03,71,2029-10-04
2470,Producto_2470,Ropa,340.8,57,2029-10-05
2471,Producto_2471,Ropa,819.73,46,2029-10-06
2472,Producto_2472,Hogar,47.98,86,2029-10-07
2473,Producto_2473,Deportes,872.09,48,2029-10-08
2474,Producto_2474,Ropa,517.62,63,2029-10-09
2475,Producto_2475,Ropa,404.27,39,2029-10-10
2476,Producto_2476,Deportes,502.2,10,2029-10-11
2477,Producto_2477,Ropa,670.74,85,2029-10-12
2478,Producto_2478,Ropa,22.64,70,2029-10-13
2479,Producto_2479,Hogar,872.84,65,2029-10-14
2480,Producto_2480,Electrónica,452.27,98,2029-10-15
2481,Producto_2481,Electrónica,349.54,59,2029-10-16
2482,Producto_2482,Electrónica,146.86,78,2029-10-17
2483,Producto_2483,Electrónica,445.07,36,2029-10-18
2484,Producto_2484,Ropa,501.36,27,2029-10-19
2485,Producto_2485,Deportes,409.61,73,2029-10-20
2486,Producto_2486,Deportes,681.87,55,2029-10-21
2487,Producto_2487,Hogar,426.69,70,2029-10-22
2488,Producto_2488,Hogar,961.8,95,2029-10-23
2489,Producto_2489,Ropa,603.28,81,2029-10-24
2490,Producto_2490,Deportes,809.4,53,2029-10-25
2491,Producto_2491,Deportes,118.26,60,2029-10-26
2492,Producto_2492,Electrónica,403.32,61,2029-10-27
2493,Producto_2493,Ropa,343.48,36,2029-10-28
2494,Producto_2494,Ropa,573.79,85,2029-10-29
2495,Producto_2495,Electrónica,862.5,27,2029-10-30
2496,Producto_2496,Ropa,87.55,41,2029-10-31
2497,Producto_2497,Ropa,81.85,28,2029-11-01
2498,Producto_2498,Hogar,851.81,16,2029-11-02
2499,Producto_2499,Deportes,220.72,35,2029-11-03
2500,Producto_2500,Ropa,672.07,36,2029-11-04
2501,Producto_2501,Hogar,547.45,56,2029-11-05
2502,Producto_2502,Deportes,834.56,99,2029-11-06
2503,Producto_2503,Electrónica,133.84,19,2029-11-07
2504,Producto_2504,Hogar,138.49,57,2029-11-08
2505,Producto_2505,Hogar,561.25,85,2029-11-09
2506,Producto_2506,Deportes,946.91,33,2029-11-10
2507,Producto_2507,Electrónica,420.85,23,2029-11-11
2508,Producto_2508,Hogar,333.67,63,2029-11-12
2509,Producto_2509,Ropa,610.62,70,2029-11-13
2510,Producto_2510,Ropa,931.14,96,2029-11-14
2511,Producto_2511,Ropa,838.56,22,2029-11-15
2512,Producto_2512,Electrónica,995.53,67,2029-11-16
2513,Producto_2513,Hogar,32.34,99,2029-11-17
2514,Producto_2514,Ropa,121.73,80,2029-11-18
2515,Producto_2515,Electrónica,613.37,59,2029-11-19
2516,Producto_2516,Ropa,822.37,25,2029-11-20
2517,Producto_2517,Deportes,292.39,17,2029-11-21
2518,Producto_2518,Hogar,246.82,39,2029-11-22
2519,Producto_2519,Hogar,789.11,77,2029-11-23
2520,Producto_2520,Electrónica,65.82,92,2029-11-24
2521,Producto_2521,Electrónica,375.69,75,2029-11-25
2522,Producto_2522,Hogar,510.75,74,2029-11-26
2523,Producto_2523,Ropa,564.75,39,2029-11-27
2524,Producto_2524,Ropa,731.33,24,2029-11-28
2525,Producto_2525,Deportes,361.3,38,2029-11-29
2526,Producto_2526,Ropa,616.56,88,2029-11-30
2527,Producto_2527,Electrónica,589.52,97,2029-12-01
2528,Producto_2528,Electrónica,552.14,81,2029-12-02
2529,Producto_2529,Ropa,644.08,57,2029-12-03
2530,Producto_2530,Electrónica,266.85,44,2029-12-04
2531,Producto_2531,Hogar,93.8,36,2029-12-05
2532,Producto_2532,Hogar,128.08,99,2029-12-06
2533,Producto_2533,Ropa,232.34,70,2029-12-07
2534,Producto_2534,Hogar,505.2,80,2029-12-08
2535,Producto_2535,Hogar,842.04,45,2029-12-09
2536,Producto_2536,Deportes,704.28,92,2029-12-10
2537,Producto_2537,Deportes,791.15,96,2029-12-11
2538,Producto_2538,Hogar,357.47,26,2029-12-12
2539,Producto_2539,Ropa,410.61,11,2029-12-13
2540,Producto_2540,Deportes,399.75,52,2029-12-14
2541,Producto_2541,Electrónica,199.95,25,2029-12-15
2542,Producto_2542,Electrónica,70.6,31,2029-12-16
2543,Producto_2543,Electrónica,595.01,85,2029-12-17
2544,Producto_2544,Ropa,989.32,45,2029-12-18
2545,Producto_2545,Hogar,175.16,67,2029-12-19
2546,Producto_2546,Electrónica,56.22,76,2029-12-20
2547,Producto_2547,Ropa,781.74,40,2029-12-21
2548,Producto_2548,Deportes,260.06,46,2029-12-22
2549,Producto_2549,Hogar,831.35,54,2029-12-23
2550,Producto_2550,Deportes,706.9,41,2029-12-24
2551,Producto_2551,Ropa,946.22,89,2029-12-25
2552,Producto_2552,Electrónica,414.84,81,2029-12-26
2553,Producto_2553,Electrónica,665.35,38,2029-12-27
2554,Producto_2554,Ropa,470.21,36,2029-12-28
2555,Producto_2555,Electrónica,634.28,83,2029-12-29
2556,Producto_2556,Hogar,455.1,44,2029-12-30
2557,Producto_2557,Ropa,196.75,57,2029-12-31
2558,Producto_2558,Deportes,512.82,66,2030-01-01
2559,Producto_2559,Ropa,533.3,81,2030-01-02
2560,Producto_2560,Hogar,812.5,30,2030-01-03
2561,Producto_2561,Hogar,738.17,10,2030-01-04
2562,Producto_2562,Ropa,667.15,99,2030-01-05
2563,Producto_2563,Ropa,122.25,61,2030-01-06
2564,Producto_2564,Electrónica,723.41,63,2030-01-07
2565,Producto_2565,Hogar,505.3,36,2030-01-08
2566,Producto_2566,Ropa,895.16,54,2030-01-09
2567,Producto_2567,Ropa,920.67,97,2030-01-10
2568,Producto_2568,Hogar,64.61,65,2030-01-11
2569,Producto_2569,Ropa,822.44,82,2030-01-12
2570,Producto_2570,Electrónica,47.32,4,2030-01-13
2571,Producto_2571,Hogar,373.5,55,2030-01-14
2572,Producto_2572,Electrónica,546.88,54,2030-01-15
2573,Producto_2573,Electrónica,156.62,91,2030-01-16
2574,Producto_2574,Electrónica,748.85,89,2030-01-17
2575,Producto_2575,Electrónica,18.27,64,2030-01-18
2576,Producto_2576,Hogar,176.91,92,2030-01-19
2577,Producto_2577,Electrónica,584.99,22,2030-01-20
2578,Producto_2578,Electrónica,717.24,25,2030-01-21
2579,Producto_2579,Ropa,917.48,81,2030-01-22
2580,Producto_2580,Hogar,708.44,59,2030-01-23
2581,Producto_2581,Hogar,675.06,57,2030-01-24
2582,Producto_2582,Deportes,400.4,54,2030-01-25
2583,Producto_2583,Hogar,11.27,44,2030-01-26
2584,Producto_2584,Hogar,128.96,52,2030-01-27
2585,Producto_2585,Deportes,539.21,76,2030-01-28
2586,Producto_2586,Hogar,678.38,16,2030-01-29
2587,Producto_2587,Hogar,423.27,16,2030-01-30
2588,Producto_2588,Hogar,733.37,81,2030-01-31
2589,Producto_2589,Hogar,526.64,55,2030-02-01
2590,Producto_2590,Deportes,83.43,61,2030-02-02
2591,Producto_2591,Hogar,200.1,95,2030-02-03
2592,Producto_2592,Hogar,841.6,79,2030-02-04
2593,Producto_2593,Deportes,727.66,77,2030-02-05
2594,Producto_2594,Ropa,895.81,40,2030-02-06
2595,Producto_2595,Electrónica,126.38,91,2030-02-07
2596,Producto_2596,Ropa,990.32,21,2030-02-08
2597,Producto_2597,Deportes,217.31,66,2030-02-09
2598,Producto_2598,Electrónica,21.66,8,2030-02-10
2599,Producto_2599,Deportes,997.45,71,2030-02-11
2600,Producto_2600,Deportes,288.26,10,2030-02-12
2601,Producto_2601,Hogar,671.34,57,2030-02-13
2602,Producto_2602,Electrónica,184.92,4,2030-02-14
2603,Producto_2603,Hogar,584.43,43,2030-02-15
2604,Producto_2604,Electrónica,904.99,99,2030-02-16
2605,Producto_2605,Deportes,326.98,63,2030-02-17
2606,Producto_2606,Deportes,673.55,43,2030-02-18
2607,Producto_2607,Ropa,196.02,67,2030-02-19
2608,Producto_2608,Electrónica,628.55,82,2030-02-20
2609,Producto_2609,Hogar,343.09,51,2030-02-21
2610,Producto_2610,Ropa,219.1,56,2030-02-22
2611,Producto_2611,Ropa,320.05,43,2030-02-23
2612,Producto_2612,Ropa,187.05,24,2030-02-24
2613,Producto_2613,Hogar,902.9,96,2030-02-25
2614,Producto_2614,Ropa,403.22,34,2030-02-26
2615,Producto_2615,Hogar,252.83,59,2030-02-27
2616,Producto_2616,Ropa,453.92,2,2030-02-28
2617,Producto_2617,Hogar,327.33,2,2030-03-01
2618,Producto_2618,Deportes,746.98,10,2030-03-02
2619,Producto_2619,Deportes,971.51,23,2030-03-03
2620,Producto_2620,Deportes,443.65,15,2030-03-04
2621,Producto_2621,Deportes,862.42,76,2030-03-05
2622,Producto_2622,Deportes,570.2,17,2030-03-06
2623,Producto_2623,Ropa,165.66,82,2030-03-07
2624,Producto_2624,Ropa,693.72,14,2030-03-08
2625,Producto_2625,Ropa,518.3,81,2030-03-09
2626,Producto_2626,Hogar,654.1,79,2030-03-10
2627,Producto_2627,Hogar,890.79,76,2030-03-11
2628,Producto_2628,Hogar,446.03,16,2030-03-12
2629,Producto_2629,Hogar,902.17,32,2030-03-13
2630,Producto_2630,Deportes,753.16,23,2030-03-14
2631,Producto_2631,Deportes,493.72,34,2030-03-15
2632,Producto_2632,Deportes,607.19,98,2030-03-16
2633,Producto_2633,Electrónica,332.33,16,2030-03-17
2634,Producto_2634,Ropa,983.76,34,2030-03-18
2635,Producto_2635,Hogar,670.68,71,2030-03-19
2636,Producto_2636,Hogar,53.41,33,2030-03-20
2637,Producto_2637,Deportes,333.36,68,2030-03-21
2638,Producto_2638,Hogar,627.08,43,2030-03-22
2639,Producto_2639,Hogar,65.77,64,2030-03-23
2640,Producto_2640,Ropa,33.65,71,2030-03-24
2641,Producto_2641,Deportes,455.52,18,2030-03-25
2642,Producto_2642,Ropa,339.36,68,2030-03-26
2643,Producto_2643,Electrónica,443.92,61,2030-03-27
2644,Producto_2644,Electrónica,270.07,75,2030-03-28
2645,Producto_2645,Electrónica,173.07,20,2030-03-29
2646,Producto_2646,Deportes,692.25,11,2030-03-30
2647,Producto_2647,Hogar,519.43,79,2030-03-31
2648,Producto_2648,Deportes,208.15,46,2030-04-01
2649,Producto_2649,Deportes,326.39,64,2030-04-02
2650,Producto_2650,Hogar,595.89,81,2030-04-03
2651,Producto_2651,Ropa,81.51,98,2030-04-04
2652,Producto_2652,Electrónica,155.98,76,2030-04-05
2653,Producto_2653,Ropa,82.51,28,2030-04-06
2654,Producto_2654,Electrónica,814.19,48,2030-04-07
2655,Producto_2655,Deportes,754.89,35,2030-04-08
2656,Producto_2656,Electrónica,755.78,8,2030-04-09
2657,Producto_2657,Deportes,719.16,91,2030-04-10
2658,Producto_2658,Ropa,672.69,22,2030-04-11
2659,Producto_2659,Deportes,482.22,24,2030-04-12
2660,Producto_2660,Ropa,645.86,66,2030-04-13
2661,Producto_2661,Hogar,47.98,95,2030-04-14
2662,Producto_2662,Hogar,625.25,86,2030-04-15
2663,Producto_2663,Hogar,780.1,64,2030-04-16
2664,Producto_2664,Deportes,505.35,65,2030-04-17
2665,Producto_2665,Hogar,363.94,14,2030-04-18
2666,Producto_2666,Electrónica,284.65,25,2030-04-19
2667,Producto_2667,Ropa,646.37,3,2030-04-20
2668,Producto_2668,Ropa,695.87,5,2030-04-21
2669,Producto_2669,Electrónica,872.26,65,2030-04-22
2670,Producto_2670,Deportes,348.91,54,2030-04-23
2671,Producto_2671,Deportes,772.07,19,2030-04-24
2672,Producto_2672,Ropa,565.74,97,2030-04-25
2673,Producto_2673,Hogar,884.01,54,2030-04-26
2674,Producto_2674,Deportes,532.53,94,2030-04-27
2675,Producto_2675,Deportes,522.45,76,2030-04-28
2676,Producto_2676,Electrónica,582.1,10,2030-04-29
2677,Producto_2677,Electrónica,751.82,98,2030-04-30
2678,Producto_2678,Hogar,965.04,16,2030-05-01
2679,Producto_2679,Deportes,82.83,46,2030-05-02
2680,Producto_2680,Deportes,62.9,29,2030-05-03
2681,Producto_2681,Electrónica,938.17,15,2030-05-04
2682,Producto_2682,Deportes,534.58,48,2030-05-05
2683,Producto_2683,Ropa,618.75,11,2030-05-06
2684,Producto_2684,Electrónica,487.6,34,2030-05-07
2685,Producto_2685,Hogar,102.72,36,2030-05-08
2686,Producto_2686,Electrónica,770.41,30,2030-05-09
2687,Producto_2687,Deportes,749.75,99,2030-05-10
2688,Producto_2688,Hogar,318.59,73,2030-05-11
2689,Producto_2689,Electrónica,313.18,82,2030-05-12
2690,Producto_2690,Ropa,839.46,19,2030-05-13
2691,Producto_2691,Ropa,81.63,68,2030-05-14
2692,Producto_2692,Electrónica,882.29,70,2030-05-15
2693,Producto_2693,Ropa,264.1,33,2030-05-16
2694,Producto_2694,Ropa,597.05,96,2030-05-17
2695,Producto_2695,Ropa,936.63,80,2030-05-18
2696,Producto_2696,Hogar,681.34,75,2030-05-19
2697,Producto_2697,Ropa,420.29,22,2030-05-20
2698,Producto_2698,Ropa,692.64,36,2030-05-21
2699,Producto_2699,Ropa,350.54,23,2030-05-22
2700,Producto_2700,Hogar,284.49,63,2030-05-23
2701,Producto_2701,Electrónica,996.72,26,2030-05-24
2702,Producto_2702,Deportes,753.28,60,2030-05-25
2703,Producto_2703,Ropa,648.27,95,2030-05-26
2704,Producto_2704,Electrónica,361.74,93,2030-05-27
2705,Producto_2705,Ropa,58.67,5,2030-05-28
2706,Producto_2706,Hogar,40.75,54,2030-05-29
2707,Producto_2707,Electrónica,558.64,38,2030-05-30
2708,Producto_2708,Hogar,764.41,62,2030-05-31
2709,Producto_2709,Ropa,542.01,25,2030-06-01
2710,Producto_2710,Ropa,842.38,98,2030-06-02
2711,Producto_2711,Hogar,43.09,12,2030-06-03
2712,Producto_2712,Deportes,373.08,22,2030-06-04
2713,Producto_2713,Hogar,244.7,9,2030-06-05
2714,Producto_2714,Ropa,452.8,84,2030-06-06
2715,Producto_2715,Hogar,81.65,29,2030-06-07
2716,Producto_2716,Deportes,954.59,44,2030-06-08
2717,Producto_2717,Hogar,231.02,93,2030-06-09
2718,Producto_2718,Deportes,923.08,27,2030-06-10
2719,Producto_2719,Deportes,431.63,55,2030-06-11
2720,Producto_2720,Hogar,985.67,81,2030-06-12
2721,Producto_2721,Hogar,558.52,5,2030-06-13
2722,Producto_2722,Electrónica,931.52,52,2030-06-14
2723,Producto_2723,Ropa,15.3,13,2030-06-15
2724,Producto_2724,Deportes,750.76,42,2030-06-16
2725,Producto_2725,Electrónica,904.02,15,2030-06-17
2726,Producto_2726,Hogar,148.32,79,2030-06-18
2727,Producto_2727,Ropa,105.16,18,2030-06-19
2728,Producto_2728,Electrónica,430.33,50,2030-06-20
2729,Producto_2729,Deportes,934.34,2,2030-06-21
2730,Producto_2730,Electrónica,546.96,87,2030-06-22
2731,Producto_2731,Deportes,532.18,13,2030-06-23
2732,Producto_2732,Hogar,149.71,68,2030-06-24
2733,Producto_2733,Ropa,10.78,47,2030-06-25
2734,Producto_2734,Ropa,812.04,89,2030-06-26
2735,Producto_2735,Ropa,96.7,75,2030-06-27
2736,Producto_2736,Hogar,637.51,50,2030-06-28
2737,Producto_2737,Deportes,915.47,12,2030-06-29
2738,Producto_2738,Hogar,216.57,13,2030-06-30
2739,Producto_2739,Ropa,668.62,9,2030-07-01
2740,Producto_2740,Hogar,87.91,59,2030-07-02
2741,Producto_2741,Hogar,607.72,45,2030-07-03
2742,Producto_2742,Hogar,172.29,70,2030-07-04
2743,Producto_2743,Deportes,738.59,43,2030-07-05
2744,Producto_2744,Electrónica,308.22,74,2030-07-06
2745,Producto_2745,Electrónica,468.76,23,2030-07-07
2746,Producto_2746,Hogar,603.44,79,2030-07-08
2747,Producto_2747,Electrónica,179.56,45,2030-07-09
2748,Producto_2748,Electrónica,744.22,23,2030-07-10
2749,Producto_2749,Hogar,309.61,34,2030-07-11
2750,Producto_2750,Hogar,665.75,16,2030-07-12
2751,Producto_2751,Ropa,166.7,63,2030-07-13
2752,Producto_2752,Electrónica,691.24,51,2030-07-14
2753,Producto_2753,Deportes,136.91,32,2030-07-15
2754,Producto_2754,Hogar,431.1,38,2030-07-16
2755,Producto_2755,Ropa,254.73,56,2030-07-17
2756,Producto_2756,Deportes,750.89,69,2030-07-18
2757,Producto_2757,Electrónica,269.41,17,2030-07-19
2758,Producto_2758,Ropa,882.9,86,2030-07-20
2759,Producto_2759,Hogar,892.9,39,2030-07-21
2760,Producto_2760,Deportes,204.48,41,2030-07-22
2761,Producto_2761,Hogar,617.71,48,2030-07-23
2762,Producto_2762,Electrónica,96.84,82,2030-07-24
2763,Producto_2763,Deportes,397.62,28,2030-07-25
2764,Producto_2764,Electrónica,716.19,77,2030-07-26
2765,Producto_2765,Electrónica,662.83,50,2030-07-27
2766,Producto_2766,Ropa,628.45,1,2030-07-28
2767,Producto_2767,Hogar,289.72,50,2030-07-29
2768,Producto_2768,Deportes,384.24,19,2030-07-30
2769,Producto_2769,Electrónica,111.92,98,2030-07-31
2770,Producto_2770,Electrónica,721.83,59,2030-08-01
2771,Producto_2771,Deportes,508.85,68,2030-08-02
2772,Producto_2772,Electrónica,711.68,67,2030-08-03
2773,Producto_2773,Ropa,256.45,41,2030-08-04
2774,Producto_2774,Ropa,331.19,10,2030-08-05
2775,Producto_2775,Ropa,340.87,28,2030-08-06
2776,Producto_2776,Ropa,35.48,34,2030-08-07
2777,Producto_2777,Electrónica,347.64,39,2030-08-08
2778,Producto_2778,Deportes,805.27,83,2030-08-09
2779,Producto_2779,Deportes,898.33,56,2030-08-10
2780,Producto_2780,Deportes,523.04,52,2030-08-11
2781,Producto_2781,Deportes,460.95,3,2030-08-12
2782,Producto_2782,Hogar,40.52,23,2030-08-13
2783,Producto_2783,Deportes,880.41,17,2030-08-14
2784,Producto_2784,Hogar,22.88,71,2030-08-15
2785,Producto_2785,Hogar,945.3,26,2030-08-16
2786,Producto_2786,Ropa,494.32,18,2030-08-17
2787,Producto_2787,Hogar,348.52,46,2030-08-18
2788,Producto_2788,Electrónica,924.98,70,2030-08-19
2789,Producto_2789,Hogar,34.15,31,2030-08-20
2790,Producto_2790,Ropa,585.61,93,2030-08-21
2791,Producto_2791,Hogar,553.44,9,2030-08-22
2792,Producto_2792,Electrónica,227.13,35,2030-08-23
2793,Producto_2793,Electrónica,434.6,81,2030-08-24
2794,Producto_2794,Electrónica,655.74,60,2030-08-25
2795,Producto_2795,Ropa,729.86,76,2030-08-26
2796,Producto_2796,Ropa,10.71,63,2030-08-27
2797,Producto_2797,Deportes,937.48,52,2030-08-28
2798,Producto_2798,Ropa,172.88,48,2030-08-29
2799,Producto_2799,Electrónica,241.24,61,2030-08-30
2800,Producto_2800,Electrónica,270.84,24,2030-08-31
2801,Producto_2801,Ropa,47.44,74,2030-09-01
2802,Producto_2802,Hogar,131.82,58,2030-09-02
2803,Producto_2803,Ropa,986.49,64,2030-09-03
2804,Producto_2804,Ropa,322.06,30,2030-09-04
2805,Producto_2805,Electrónica,124.15,29,2030-09-05
2806,Producto_2806,Deportes,115.92,10,2030-09-06
2807,Producto_2807,Electrónica,722.27,39,2030-09-07
2808,Producto_2808,Deportes,856.02,55,2030-09-08
2809,Producto_2809,Electrónica,264.38,28,2030-09-09
2810,Producto_2810,Ropa,30.7,18,2030-09-10
2811,Producto_2811,Electrónica,230.86,41,2030-09-11
2812,Producto_2812,Electrónica,65.95,81,2030-09-12
2813,Producto_2813,Electrónica,112.36,75,2030-09-13
2814,Producto_2814,Ropa,437.19,65,2030-09-14
2815,Producto_2815,Ropa,237.62,81,2030-09-15
2816,Producto_2816,Ropa,520.79,46,2030-09-16
2817,Producto_2817,Ropa,260.96,60,2030-09-17
2818,Producto_2818,Deportes,941.13,9,2030-09-18
2819,Producto_2819,Deportes,906.88,45,2030-09-19
2820,Producto_2820,Hogar,571.14,60,2030-09-20
2821,Producto_2821,Ropa,360.88,28,2030-09-21
2822,Producto_2822,Deportes,387.34,97,2030-09-22
2823,Producto_2823,Electrónica,417.73,3,2030-09-23
2824,Producto_2824,Ropa,730.3,51,2030-09-24
2825,Producto_2825,Hogar,457.12,8,2030-09-25
2826,Producto_2826,Hogar,858.16,70,2030-09-26
2827,Producto_2827,Hogar,944.65,59,2030-09-27
2828,Producto_2828,Electrónica,342.59,61,2030-09-28
2829,Producto_2829,Deportes,565.09,58,2030-09-29
2830,Producto_2830,Electrónica,104.11,70,2030-09-30
2831,Producto_2831,Ropa,208.46,93,2030-10-01
2832,Producto_2832,Hogar,419.33,12,2030-10-02
2833,Producto_2833,Electrónica,214.14,9,2030-10-03
2834,Producto_2834,Electrónica,877.79,49,2030-10-04
2835,Producto_2835,Deportes,166.7,83,2030-10-05
2836,Producto_2836,Deportes,461.1,17,2030-10-06
2837,Producto_2837,Hogar,609.64,54,2030-10-07
2838,Producto_2838,Electrónica,694.95,44,2030-10-08
2839,Producto_2839,Electrónica,389.24,32,2030-10-09
2840,Producto_2840,Deportes,870.41,35,2030-10-10
2841,Producto_2841,Electrónica,572.64,78,2030-10-11
2842,Producto_2842,Electrónica,445.11,49,2030-10-12
2843,Producto_2843,Electrónica,76.57,54,2030-10-13
2844,Producto_2844,Deportes,470.04,16,2030-10-14
2845,Producto_2845,Hogar,822.53,85,2030-10-15
2846,Producto_2846,Ropa,618.4,12,2030-10-16
2847,Producto_2847,Hogar,833.84,88,2030-10-17
2848,Producto_2848,Ropa,499.07,98,2030-10-18
2849,Producto_2849,Electrónica,127.28,8,2030-10-19
2850,Producto_2850,Hogar,23.5,21,2030-10-20
2851,Producto_2851,Ropa,310.19,48,2030-10-21
2852,Producto_2852,Deportes,701.01,8,2030-10-22
2853,Producto_2853,Deportes,792.36,28,2030-10-23
2854,Producto_2854,Hogar,302.8,80,2030-10-24
2855,Producto_2855,Hogar,500.7,10,2030-10-25
2856,Producto_2856,Electrónica,426.91,52,2030-10-26
2857,Producto_2857,Hogar,416.42,15,2030-10-27
2858,Producto_2858,Electrónica,239.04,4,2030-10-28
2859,Producto_2859,Electrónica,145.01,90,2030-10-29
2860,Producto_2860,Deportes,204.72,79,2030-10-30
2861,Producto_2861,Deportes,64.78,96,2030-10-31
2862,Producto_2862,Ropa,206.15,62,2030-11-01
2863,Producto_2863,Deportes,19.11,4,2030-11-02
2864,Producto_2864,Deportes,630.99,41,2030-11-03
2865,Producto_2865,Hogar,323.21,73,2030-11-04
2866,Producto_2866,Deportes,973.41,99,2030-11-05
2867,Producto_2867,Ropa,201.78,55,2030-11-06
2868,Producto_2868,Hogar,352.37,28,2030-11-07
2869,Producto_2869,Ropa,364.26,47,2030-11-08
2870,Producto_2870,Deportes,18.37,9,2030-11-09
2871,Producto_2871,Ropa,840.82,2,2030-11-10
2872,Producto_2872,Hogar,41.67,67,2030-11-11
2873,Producto_2873,Electrónica,940.78,48,2030-11-12
2874,Producto_2874,Ropa,893.15,69,2030-11-13
2875,Producto_2875,Ropa,540.17,74,2030-11-14
2876,Producto_2876,Hogar,548.16,28,2030-11-15
2877,Producto_2877,Hogar,657.24,79,2030-11-16
2878,Producto_2878,Ropa,393.18,14,2030-11-17
2879,Producto_2879,Deportes,650.75,46,2030-11-18
2880,Producto_2880,Ropa,54.32,87,2030-11-19
2881,Producto_2881,Hogar,63.51,13,2030-11-20
2882,Producto_2882,Electrónica,462.66,16,2030-11-21
2883,Producto_2883,Electrónica,554.13,94,2030-11-22
2884,Producto_2884,Deportes,888.94,40,2030-11-23
2885,Producto_2885,Ropa,113.61,72,2030-11-24
2886,Producto_2886,Electrónica,824.42,81,2030-11-25
2887,Producto_2887,Ropa,217.95,30,2030-11-26
2888,Producto_2888,Hogar,400.14,81,2030-11-27
2889,Producto_2889,Electrónica,323.44,99,2030-11-28
2890,Producto_2890,Deportes,406.15,65,2030-11-29
2891,Producto_2891,Hogar,158.99,58,2030-11-30
2892,Producto_2892,Deportes,508.53,88,2030-12-01
2893,Producto_2893,Hogar,803.63,48,2030-12-02
2894,Producto_2894,Electrónica,447.12,49,2030-12-03
2895,Producto_2895,Deportes,495.71,89,2030-12-04
2896,Producto_2896,Deportes,850.28,2,2030-12-05
2897,Producto_2897,Hogar,709.0,89,2030-12-06
2898,Producto_2898,Deportes,495.55,14,2030-12-07
2899,Producto_2899,Hogar,265.12,97,2030-12-08
2900,Producto_2900,Hogar,886.08,17,2030-12-09
2901,Producto_2901,Hogar,581.25,31,2030-12-10
2902,Producto_2902,Hogar,228.94,10,2030-12-11
2903,Producto_2903,Electrónica,276.43,70,2030-12-12
2904,Producto_2904,Hogar,805.1,89,2030-12-13
2905,Producto_2905,Ropa,53.7,37,2030-12-14
2906,Producto_2906,Deportes,992.17,64,2030-12-15
2907,Producto_2907,Ropa,139.05,30,2030-12-16
2908,Producto_2908,Electrónica,798.11,34,2030-12-17
2909,Producto_2909,Ropa,400.83,18,2030-12-18
2910,Producto_2910,Deportes,497.29,88,2030-12-19
2911,Producto_2911,Ropa,881.84,63,2030-12-20
2912,Producto_2912,Electrónica,418.78,49,2030-12-21
2913,Producto_2913,Hogar,542.12,56,2030-12-22
2914,Producto_2914,Ropa,58.81,91,2030-12-23
2915,Producto_2915,Electrónica,12.32,58,2030-12-24
2916,Producto_2916,Electrónica,252.35,27,2030-12-25
2917,Producto_2917,Deportes,683.78,55,2030-12-26
2918,Producto_2918,Deportes,130.05,85,2030-12-27
2919,Producto_2919,Ropa,122.62,19,2030-12-28
2920,Producto_2920,Hogar,416.85,23,2030-12-29
2921,Producto_2921,Electrónica,651.36,47,2030-12-30
2922,Producto_2922,Ropa,714.95,79,2030-12-31
2923,Producto_2923,Electrónica,186.67,66,2031-01-01
2924,Producto_2924,Electrónica,88.79,99,2031-01-02
2925,Producto_2925,Hogar,940.99,51,2031-01-03
2926,Producto_2926,Hogar,268.06,84,2031-01-04
2927,Producto_2927,Ropa,854.81,28,2031-01-05
2928,Producto_2928,Hogar,864.86,57,2031-01-06
2929,Producto_2929,Hogar,774.8,58,2031-01-07
2930,Producto_2930,Ropa,177.15,15,2031-01-08
2931,Producto_2931,Hogar,823.58,16,2031-01-09
2932,Producto_2932,Deportes,771.56,97,2031-01-10
2933,Producto_2933,Electrónica,600.76,47,2031-01-11
2934,Producto_2934,Electrónica,343.83,63,2031-01-12
2935,Producto_2935,Electrónica,269.88,12,2031-01-13
2936,Producto_2936,Electrónica,130.67,43,2031-01-14
2937,Producto_2937,Ropa,514.66,84,2031-01-15
2938,Producto_2938,Electrónica,589.41,29,2031-01-16
2939,Producto_2939,Electrónica,365.75,49,2031-01-17
2940,Producto_2940,Electrónica,480.61,3,2031-01-18
2941,Producto_2941,Electrónica,369.88,69,2031-01-19
2942,Producto_2942,Deportes,644.6,60,2031-01-20
2943,Producto_2943,Electrónica,902.25,66,2031-01-21
2944,Producto_2944,Deportes,172.28,87,2031-01-22
2945,Producto_2945,Ropa,387.59,90,2031-01-23
2946,Producto_2946,Hogar,149.46,26,2031-01-24
2947,Producto_2947,Electrónica,628.69,71,2031-01-25
2948,Producto_2948,Hogar,731.58,74,2031-01-26
2949,Producto_2949,Hogar,932.59,69,2031-01-27
2950,Producto_2950,Ropa,286.08,47,2031-01-28
2951,Producto_2951,Hogar,950.71,76,2031-01-29
2952,Producto_2952,Deportes,72.63,96,2031-01-30
2953,Producto_2953,Hogar,606.98,42,2031-01-31
2954,Producto_2954,Hogar,66.56,31,2031-02-01
2955,Producto_2955,Hogar,894.84,22,2031-02-02
2956,Producto_2956,Electrónica,534.51,17,2031-02-03
2957,Producto_2957,Electrónica,672.65,84,2031-02-04
2958,Producto_2958,Deportes,833.26,20,2031-02-05
2959,Producto_2959,Deportes,158.81,8,2031-02-06
2960,Producto_2960,Electrónica,48.21,98,2031-02-07
2961,Producto_2961,Deportes,880.09,49,2031-02-08
2962,Producto_2962,Electrónica,321.78,87,2031-02-09
2963,Producto_2963,Ropa,137.69,38,2031-02-10
2964,Producto_2964,Hogar,473.78,53,2031-02-11
2965,Producto_2965,Hogar,602.32,28,2031-02-12
2966,Producto_2966,Deportes,40.66,77,2031-02-13
2967,Producto_2967,Electrónica,282.15,29,2031-02-14
2968,Producto_2968,Electrónica,42.47,72,2031-02-15
2969,Producto_2969,Deportes,426.13,11,2031-02-16
2970,Producto_2970,Electrónica,896.15,47,2031-02-17
2971,Producto_2971,Ropa,982.83,45,2031-02-18
2972,Producto_2972,Hogar,640.68,18,2031-02-19
2973,Producto_2973,Deportes,170.02,50,2031-02-20
2974,Producto_2974,Deportes,906.79,89,2031-02-21
2975,Producto_2975,Electrónica,521.09,49,2031-02-22
2976,Producto_2976,Deportes,162.21,22,2031-02-23
2977,Producto_2977,Ropa,922.51,45,2031-02-24
2978,Producto_2978,Electrónica,759.89,61,2031-02-25
2979,Producto_2979,Electrónica,734.39,99,2031-02-26
2980,Producto_2980,Electrónica,712.09,93,2031-02-27
2981,Producto_2981,Electrónica,208.34,21,2031-02-28
2982,Producto_2982,Ropa,218.9,71,2031-03-01
2983,Producto_2983,Electrónica,691.41,61,2031-03-02
2984,Producto_2984,Deportes,227.53,76,2031-03-03
2985,Producto_2985,Ropa,444.28,36,2031-03-04
2986,Producto_2986,Hogar,784.18,24,2031-03-05
2987,Producto_2987,Hogar,786.11,32,2031-03-06
2988,Producto_2988,Deportes,458.73,91,2031-03-07
2989,Producto_2989,Deportes,794.27,96,2031-03-08
2990,Producto_2990,Ropa,840.24,59,2031-03-09
2991,Producto_2991,Hogar,658.23,96,2031-03-10
2992,Producto_2992,Hogar,236.14,96,2031-03-11
2993,Producto_2993,Hogar,281.27,90,2031-03-12
2994,Producto_2994,Hogar,321.69,75,2031-03-13
2995,Producto_2995,Hogar,125.64,82,2031-03-14
2996,Producto_2996,Electrónica,280.43,5,2031-03-15
2997,Producto_2997,Deportes,217.42,16,2031-03-16
2998,Producto_2998,Electrónica,460.78,11,2031-03-17
2999,Producto_2999,Hogar,909.35,35,2031-03-18
3000,Producto_3000,Ropa,113.44,75,2031-03-19
3001,Producto_3001,Ropa,723.07,42,2031-03-20
3002,Producto_3002,Hogar,690.41,87,2031-03-21
3003,Producto_3003,Hogar,104.8,98,2031-03-22
3004,Producto_3004,Ropa,923.35,81,2031-03-23
3005,Producto_3005,Electrónica,572.79,10,2031-03-24
3006,Producto_3006,Electrónica,370.09,82,2031-03-25
3007,Producto_3007,Hogar,758.97,8,2031-03-26
3008,Producto_3008,Electrónica,264.79,26,2031-03-27
3009,Producto_3009,Ropa,696.57,3,2031-03-28
3010,Producto_3010,Electrónica,49.31,59,2031-03-29
3011,Producto_3011,Hogar,841.01,88,2031-03-30
3012,Producto_3012,Ropa,453.69,3,2031-03-31
3013,Producto_3013,Electrónica,640.33,38,2031-04-01
3014,Producto_3014,Deportes,229.03,2,2031-04-02
3015,Producto_3015,Ropa,680.3,99,2031-04-03
3016,Producto_3016,Ropa,774.52,17,2031-04-04
3017,Producto_3017,Deportes,478.48,73,2031-04-05
3018,Producto_3018,Deportes,621.55,36,2031-04-06
3019,Producto_3019,Ropa,461.76,86,2031-04-07
3020,Producto_3020,Deportes,895.15,95,2031-04-08
3021,Producto_3021,Hogar,502.89,98,2031-04-09
3022,Producto_3022,Hogar,843.39,88,2031-04-10
3023,Producto_3023,Hogar,803.34,73,2031-04-11
3024,Producto_3024,Ropa,416.4,2,2031-04-12
3025,Producto_3025,Deportes,237.78,85,2031-04-13
3026,Producto_3026,Deportes,412.02,34,2031-04-14
3027,Producto_3027,Electrónica,827.96,27,2031-04-15
3028,Producto_3028,Electrónica,235.36,37,2031-04-16
3029,Producto_3029,Deportes,529.19,71,2031-04-17
3030,Producto_3030,Deportes,808.04,22,2031-04-18
3031,Producto_3031,Deportes,359.94,68,2031-04-19
3032,Producto_3032,Ropa,645.79,14,2031-04-20
3033,Producto_3033,Deportes,253.18,98,2031-04-21
3034,Producto_3034,Electrónica,118.19,23,2031-04-22
3035,Producto_3035,Ropa,796.44,44,2031-04-23
3036,Producto_3036,Deportes,107.98,89,2031-04-24
3037,Producto_3037,Electrónica,278.67,65,2031-04-25
3038,Producto_3038,Ropa,856.56,79,2031-04-26
3039,Producto_3039,Deportes,353.0,96,2031-04-27
3040,Producto_3040,Deportes,973.31,78,2031-04-28
3041,Producto_3041,Deportes,979.94,61,2031-04-29
3042,Producto_3042,Ropa,275.59,85,2031-04-30
3043,Producto_3043,Electrónica,50.57,55,2031-05-01
3044,Producto_3044,Electrónica,708.01,71,2031-05-02
3045,Producto_3045,Hogar,456.48,85,2031-05-03
3046,Producto_3046,Deportes,109.75,50,2031-05-04
3047,Producto_3047,Hogar,710.45,12,2031-05-05
3048,Producto_3048,Hogar,40.86,79,2031-05-06
3049,Producto_3049,Electrónica,871.49,15,2031-05-07
3050,Producto_3050,Ropa,147.27,17,2031-05-08
3051,Producto_3051,Ropa,136.04,34,2031-05-09
3052,Producto_3052,Electrónica,183.92,35,2031-05-10
3053,Producto_3053,Ropa,960.66,39,2031-05-11
3054,Producto_3054,Hogar,696.24,78,2031-05-12
3055,Producto_3055,Deportes,803.36,55,2031-05-13
3056,Producto_3056,Electrónica,403.66,59,2031-05-14
3057,Producto_3057,Deportes,342.95,5,2031-05-15
3058,Producto_3058,Ropa,242.14,30,2031-05-16
3059,Producto_3059,Deportes,485.84,4,2031-05-17
3060,Producto_3060,Ropa,556.31,15,2031-05-18
3061,Producto_3061,Ropa,635.46,35,2031-05-19
3062,Producto_3062,Hogar,264.55,74,2031-05-20
3063,Producto_3063,Ropa,949.17,55,2031-05-21
3064,Producto_3064,Hogar,178.06,66,2031-05-22
3065,Producto_3065,Hogar,966.0,60,2031-05-23
3066,Producto_3066,Hogar,24.71,24,2031-05-24
3067,Producto_3067,Electrónica,486.31,92,2031-05-25
3068,Producto_3068,Electrónica,340.03,22,2031-05-26
3069,Producto_3069,Ropa,454.63,44,2031-05-27
3070,Producto_3070,Hogar,574.96,32,2031-05-28
3071,Producto_3071,Electrónica,441.23,95,2031-05-29
3072,Producto_3072,Hogar,420.7,83,2031-05-30
3073,Producto_3073,Deportes,735.4,51,2031-05-31
3074,Producto_3074,Deportes,689.02,85,2031-06-01
3075,Producto_3075,Deportes,834.94,3,2031-06-02
3076,Producto_3076,Ropa,257.46,70,2031-06-03
3077,Producto_3077,Hogar,613.43,32,2031-06-04
3078,Producto_3078,Deportes,589.34,2,2031-06-05
3079,Producto_3079,Electrónica,376.04,88,2031-06-06
3080,Producto_3080,Deportes,491.2,59,2031-06-07
3081,Producto_3081,Deportes,320.64,91,2031-06-08
3082,Producto_3082,Deportes,150.43,73,2031-06-09
3083,Producto_3083,Ropa,221.66,77,2031-06-10
3084,Producto_3084,Electrónica,114.46,14,2031-06-11
3085,Producto_3085,Hogar,686.24,51,2031-06-12
3086,Producto_3086,Electrónica,664.12,11,2031-06-13
3087,Producto_3087,Hogar,951.1,78,2031-06-14
3088,Producto_3088,Ropa,732.38,80,2031-06-15
3089,Producto_3089,Ropa,61.53,10,2031-06-16
3090,Producto_3090,Ropa,885.4,84,2031-06-17
3091,Producto_3091,Ropa,864.05,80,2031-06-18
3092,Producto_3092,Hogar,448.89,58,2031-06-19
3093,Producto_3093,Deportes,590.0,34,2031-06-20
3094,Producto_3094,Hogar,976.32,80,2031-06-21
3095,Producto_3095,Electrónica,536.98,78,2031-06-22
3096,Producto_3096,Ropa,906.27,53,2031-06-23
3097,Producto_3097,Ropa,92.21,28,2031-06-24
3098,Producto_3098,Electrónica,199.14,18,2031-06-25
3099,Producto_3099,Hogar,446.35,26,2031-06-26
3100,Producto_3100,Deportes,588.91,7,2031-06-27
3101,Producto_3101,Deportes,818.07,45,2031-06-28
3102,Producto_3102,Electrónica,988.38,98,2031-06-29
3103,Producto_3103,Deportes,394.96,45,2031-06-30
3104,Producto_3104,Hogar,56.94,71,2031-07-01
3105,Producto_3105,Hogar,803.16,97,2031-07-02
3106,Producto_3106,Electrónica,608.34,35,2031-07-03
3107,Producto_3107,Hogar,206.56,52,2031-07-04
3108,Producto_3108,Ropa,499.88,21,2031-07-05
3109,Producto_3109,Electrónica,744.89,28,2031-07-06
3110,Producto_3110,Hogar,772.71,96,2031-07-07
3111,Producto_3111,Electrónica,504.62,44,2031-07-08
3112,Producto_3112,Deportes,312.16,80,2031-07-09
3113,Producto_3113,Hogar,974.01,56,2031-07-10
3114,Producto_3114,Ropa,666.73,10,2031-07-11
3115,Producto_3115,Hogar,414.16,23,2031-07-12
3116,Producto_3116,Electrónica,287.66,48,2031-07-13
3117,Producto_3117,Electrónica,733.79,52,2031-07-14
3118,Producto_3118,Hogar,249.76,15,2031-07-15
3119,Producto_3119,Ropa,179.99,55,2031-07-16
3120,Producto_3120,Ropa,534.54,43,2031-07-17
3121,Producto_3121,Ropa,297.09,50,2031-07-18
3122,Producto_3122,Electrónica,632.62,6,2031-07-19
3123,Producto_3123,Hogar,126.76,33,2031-07-20
3124,Producto_3124,Deportes,658.39,62,2031-07-21
3125,Producto_3125,Electrónica,290.46,55,2031-07-22
3126,Producto_3126,Ropa,10.24,39,2031-07-23
3127,Producto_3127,Hogar,135.67,12,2031-07-24
3128,Producto_3128,Ropa,934.28,31,2031-07-25
3129,Producto_3129,Deportes,868.68,74,2031-07-26
3130,Producto_3130,Ropa,241.27,53,2031-07-27
3131,Producto_3131,Ropa,780.59,34,2031-07-28
3132,Producto_3132,Deportes,612.49,41,2031-07-29
3133,Producto_3133,Hogar,971.2,10,2031-07-30
3134,Producto_3134,Electrónica,379.87,52,2031-07-31
3135,Producto_3135,Hogar,684.65,75,2031-08-01
3136,Producto_3136,Deportes,72.9,57,2031-08-02
3137,Producto_3137,Ropa,402.28,78,2031-08-03
3138,Producto_3138,Hogar,964.18,3,2031-08-04
3139,Producto_3139,Electrónica,543.59,57,2031-08-05
3140,Producto_3140,Deportes,295.0,33,2031-08-06
3141,Producto_3141,Hogar,129.07,7,2031-08-07
3142,Producto_3142,Electrónica,706.49,4,2031-08-08
3143,Producto_3143,Deportes,648.41,39,2031-08-09
3144,Producto_3144,Electrónica,380.2,48,2031-08-10
3145,Producto_3145,Deportes,951.43,74,2031-08-11
3146,Producto_3146,Ropa,31.98,79,2031-08-12
3147,Producto_3147,Hogar,310.69,16,2031-08-13
3148,Producto_3148,Electrónica,921.86,38,2031-08-14
3149,Producto_3149,Deportes,327.73,4,2031-08-15
3150,Producto_3150,Electrónica,259.73,4,2031-08-16
3151,Producto_3151,Electrónica,538.88,27,2031-08-17
3152,Producto_3152,Hogar,825.56,86,2031-08-18
3153,Producto_3153,Ropa,112.12,86,2031-08-19
3154,Producto_3154,Electrónica,943.59,17,2031-08-20
3155,Producto_3155,Deportes,797.12,98,2031-08-21
3156,Producto_3156,Deportes,189.44,96,2031-08-22
3157,Producto_3157,Ropa,714.89,70,2031-08-23
3158,Producto_3158,Deportes,391.11,54,2031-08-24
3159,Producto_3159,Ropa,408.27,97,2031-08-25
3160,Producto_3160,Deportes,785.46,8,2031-08-26
3161,Producto_3161,Hogar,963.16,53,2031-08-27
3162,Producto_3162,Electrónica,135.39,5,2031-08-28
3163,Producto_3163,Hogar,426.42,69,2031-08-29
3164,Producto_3164,Electrónica,486.13,47,2031-08-30
3165,Producto_3165,Electrónica,382.55,74,2031-08-31
3166,Producto_3166,Electrónica,369.56,40,2031-09-01
3167,Producto_3167,Hogar,61.75,7,2031-09-02
3168,Producto_3168,Electrónica,688.68,12,2031-09-03
3169,Producto_3169,Hogar,441.85,94,2031-09-04
3170,Producto_3170,Ropa,202.85,25,2031-09-05
3171,Producto_3171,Deportes,817.87,28,2031-09-06
3172,Producto_3172,Deportes,804.54,43,2031-09-07
3173,Producto_3173,Electrónica,491.53,77,2031-09-08
3174,Producto_3174,Hogar,305.47,47,2031-09-09
3175,Producto_3175,Deportes,641.71,49,2031-09-10
3176,Producto_3176,Hogar,295.27,86,2031-09-11
3177,Producto_3177,Hogar,243.65,54,2031-09-12
3178,Producto_3178,Electrónica,733.21,18,2031-09-13
3179,Producto_3179,Deportes,49.92,27,2031-09-14
3180,Producto_3180,Electrónica,103.82,72,2031-09-15
3181,Producto_3181,Electrónica,16.72,6,2031-09-16
3182,Producto_3182,Deportes,161.41,75,2031-09-17
3183,Producto_3183,Deportes,78.3,93,2031-09-18
3184,Producto_3184,Ropa,995.84,69,2031-09-19
3185,Producto_3185,Ropa,295.92,71,2031-09-20
3186,Producto_3186,Hogar,157.78,22,2031-09-21
3187,Producto_3187,Deportes,248.59,59,2031-09-22
3188,Producto_3188,Ropa,936.76,47,2031-09-23
3189,Producto_3189,Hogar,524.96,68,2031-09-24
3190,Producto_3190,Hogar,371.17,32,2031-09-25
3191,Producto_3191,Hogar,874.66,83,2031-09-26
3192,Producto_3192,Ropa,401.04,97,2031-09-27
3193,Producto_3193,Deportes,341.66,1,2031-09-28
3194,Producto_3194,Electrónica,215.21,54,2031-09-29
3195,Producto_3195,Hogar,384.02,46,2031-09-30
3196,Producto_3196,Ropa,323.52,41,2031-10-01
3197,Producto_3197,Ropa,680.53,41,2031-10-02
3198,Producto_3198,Electrónica,296.69,8,2031-10-03
3199,Producto_3199,Electrónica,581.43,32,2031-10-04
3200,Producto_3200,Ropa,75.23,30,2031-10-05
3201,Producto_3201,Deportes,199.38,46,2031-10-06
3202,Producto_3202,Electrónica,413.33,92,2031-10-07
3203,Producto_3203,Ropa,937.58,52,2031-10-08
3204,Producto_3204,Electrónica,383.48,96,2031-10-09
3205,Producto_3205,Deportes,667.43,89,2031-10-10
3206,Producto_3206,Hogar,262.54,98,2031-10-11
3207,Producto_3207,Electrónica,135.76,61,2031-10-12
3208,Producto_3208,Deportes,67.95,97,2031-10-13
3209,Producto_3209,Ropa,312.36,13,2031-10-14
3210,Producto_3210,Electrónica,166.08,89,2031-10-15
3211,Producto_3211,Electrónica,182.27,40,2031-10-16
3212,Producto_3212,Ropa,763.15,61,2031-10-17
3213,Producto_3213,Hogar,25.68,44,2031-10-18
3214,Producto_3214,Ropa,562.23,62,2031-10-19
3215,Producto_3215,Electrónica,385.67,44,2031-10-20
3216,Producto_3216,Ropa,511.48,48,2031-10-21
3217,Producto_3217,Deportes,567.2,74,2031-10-22
3218,Producto_3218,Ropa,320.23,59,2031-10-23
3219,Producto_3219,Electrónica,302.16,57,2031-10-24
3220,Producto_3220,Ropa,736.07,95,2031-10-25
3221,Producto_3221,Hogar,872.56,11,2031-10-26
3222,Producto_3222,Ropa,200.66,25,2031-10-27
3223,Producto_3223,Hogar,106.64,61,2031-10-28
3224,Producto_3224,Deportes,898.82,46,2031-10-29
3225,Producto_3225,Hogar,356.4,54,2031-10-30
3226,Producto_3226,Ropa,555.8,34,2031-10-31
3227,Producto_3227,Electrónica,365.95,84,2031-11-01
3228,Producto_3228,Hogar,134.54,7,2031-11-02
3229,Producto_3229,Deportes,593.44,97,2031-11-03
3230,Producto_3230,Hogar,529.89,62,2031-11-04
3231,Producto_3231,Hogar,210.96,57,2031-11-05
3232,Producto_3232,Hogar,457.35,99,2031-11-06
3233,Producto_3233,Deportes,798.98,93,2031-11-07
3234,Producto_3234,Ropa,594.52,76,2031-11-08
3235,Producto_3235,Hogar,105.95,5,2031-11-09
3236,Producto_3236,Hogar,552.54,76,2031-11-10
3237,Producto_3237,Electrónica,705.71,93,2031-11-11
3238,Producto_3238,Deportes,794.78,35,2031-11-12
3239,Producto_3239,Hogar,632.83,84,2031-11-13
3240,Producto_3240,Deportes,161.13,37,2031-11-14
3241,Producto_3241,Hogar,713.07,60,2031-11-15
3242,Producto_3242,Ropa,680.57,65,2031-11-16
3243,Producto_3243,Ropa,34.18,16,2031-11-17
3244,Producto_3244,Hogar,417.63,30,2031-11-18
3245,Producto_3245,Ropa,339.62,73,2031-11-19
3246,Producto_3246,Hogar,672.72,42,2031-11-20
3247,Producto_3247,Ropa,223.97,61,2031-11-21
3248,Producto_3248,Electrónica,594.96,74,2031-11-22
3249,Producto_3249,Electrónica,914.07,77,2031-11-23
3250,Producto_3250,Electrónica,799.82,48,2031-11-24
3251,Producto_3251,Deportes,922.24,62,2031-11-25
3252,Producto_3252,Deportes,978.72,84,2031-11-26
3253,Producto_3253,Electrónica,20.56,93,2031-11-27
3254,Producto_3254,Deportes,626.51,64,2031-11-28
3255,Producto_3255,Ropa,418.71,57,2031-11-29
3256,Producto_3256,Hogar,861.26,68,2031-11-30
3257,Producto_3257,Hogar,259.3,46,2031-12-01
3258,Producto_3258,Hogar,981.22,28,2031-12-02
3259,Producto_3259,Electrónica,617.57,77,2031-12-03
3260,Producto_3260,Deportes,795.6,3,2031-12-04
3261,Producto_3261,Ropa,94.74,37,2031-12-05
3262,Producto_3262,Ropa,191.62,48,2031-12-06
3263,Producto_3263,Electrónica,760.82,19,2031-12-07
3264,Producto_3264,Ropa,31.77,92,2031-12-08
3265,Producto_3265,Ropa,818.71,83,2031-12-09
3266,Producto_3266,Ropa,23.81,17,2031-12-10
3267,Producto_3267,Ropa,660.55,82,2031-12-11
3268,Producto_3268,Deportes,371.44,82,2031-12-12
3269,Producto_3269,Ropa,615.38,87,2031-12-13
3270,Producto_3270,Hogar,699.07,40,2031-12-14
3271,Producto_3271,Electrónica,349.05,50,2031-12-15
3272,Producto_3272,Deportes,116.88,73,2031-12-16
3273,Producto_3273,Ropa,78.95,29,2031-12-17
3274,Producto_3274,Deportes,593.05,51,2031-12-18
3275,Producto_3275,Ropa,525.45,42,2031-12-19
3276,Producto_3276,Hogar,744.78,29,2031-12-20
3277,Producto_3277,Electrónica,514.64,66,2031-12-21
3278,Producto_3278,Ropa,428.22,17,2031-12-22
3279,Producto_3279,Ropa,404.11,31,2031-12-23
3280,Producto_3280,Ropa,36.18,92,2031-12-24
3281,Producto_3281,Ropa,342.2,52,2031-12-25
3282,Producto_3282,Electrónica,976.26,39,2031-12-26
3283,Producto_3283,Electrónica,874.82,60,2031-12-27
3284,Producto_3284,Hogar,336.08,94,2031-12-28
3285,Producto_3285,Electrónica,591.92,99,2031-12-29
3286,Producto_3286,Ropa,848.82,51,2031-12-30
3287,Producto_3287,Hogar,446.86,84,2031-12-31
3288,Producto_3288,Hogar,27.78,16,2032-01-01
3289,Producto_3289,Hogar,83.77,98,2032-01-02
3290,Producto_3290,Ropa,515.29,14,2032-01-03
3291,Producto_3291,Deportes,969.74,90,2032-01-04
3292,Producto_3292,Ropa,696.28,84,2032-01-05
3293,Producto_3293,Electrónica,80.21,42,2032-01-06
3294,Producto_3294,Electrónica,197.47,51,2032-01-07
3295,Producto_3295,Ropa,773.61,24,2032-01-08
3296,Producto_3296,Ropa,843.03,82,2032-01-09
3297,Producto_3297,Hogar,621.52,43,2032-01-10
3298,Producto_3298,Ropa,647.98,73,2032-01-11
3299,Producto_3299,Hogar,38.05,19,2032-01-12
3300,Producto_3300,Electrónica,830.24,84,2032-01-13
3301,Producto_3301,Hogar,790.39,61,2032-01-14
3302,Producto_3302,Ropa,266.44,94,2032-01-15
3303,Producto_3303,Electrónica,711.59,63,2032-01-16
3304,Producto_3304,Deportes,222.71,26,2032-01-17
3305,Producto_3305,Hogar,49.93,95,2032-01-18
3306,Producto_3306,Electrónica,209.13,35,2032-01-19
3307,Producto_3307,Hogar,186.84,67,2032-01-20
3308,Producto_3308,Electrónica,344.37,56,2032-01-21
3309,Producto_3309,Electrónica,424.27,40,2032-01-22
3310,Producto_3310,Hogar,513.45,29,2032-01-23
3311,Producto_3311,Deportes,481.99,6,2032-01-24
3312,Producto_3312,Electrónica,277.97,52,2032-01-25
3313,Producto_3313,Electrónica,38.88,1,2032-01-26
3314,Producto_3314,Electrónica,609.05,52,2032-01-27
3315,Producto_3315,Deportes,401.79,24,2032-01-28
3316,Producto_3316,Deportes,305.69,34,2032-01-29
3317,Producto_3317,Ropa,868.27,7,2032-01-30
3318,Producto_3318,Hogar,749.28,75,2032-01-31
3319,Producto_3319,Deportes,859.19,11,2032-02-01
3320,Producto_3320,Hogar,500.03,36,2032-02-02
3321,Producto_3321,Ropa,139.62,20,2032-02-03
3322,Producto_3322,Hogar,699.26,63,2032-02-04
3323,Producto_3323,Deportes,214.01,80,2032-02-05
3324,Producto_3324,Hogar,446.82,63,2032-02-06
3325,Producto_3325,Deportes,74.35,69,2032-02-07
3326,Producto_3326,Hogar,827.06,88,2032-02-08
3327,Producto_3327,Deportes,134.68,30,2032-02-09
3328,Producto_3328,Deportes,904.07,30,2032-02-10
3329,Producto_3329,Hogar,865.59,97,2032-02-11
3330,Producto_3330,Ropa,469.94,84,2032-02-12
3331,Producto_3331,Electrónica,746.92,22,2032-02-13
3332,Producto_3332,Ropa,623.25,61,2032-02-14
3333,Producto_3333,Hogar,805.04,21,2032-02-15
3334,Producto_3334,Ropa,437.49,37,2032-02-16
3335,Producto_3335,Deportes,787.95,27,2032-02-17
3336,Producto_3336,Electrónica,467.83,35,2032-02-18
3337,Producto_3337,Hogar,941.56,38,2032-02-19
3338,Producto_3338,Hogar,491.51,60,2032-02-20
3339,Producto_3339,Hogar,467.99,70,2032-02-21
3340,Producto_3340,Electrónica,787.22,32,2032-02-22
3341,Producto_3341,Deportes,823.36,80,2032-02-23
3342,Producto_3342,Hogar,558.94,92,2032-02-24
3343,Producto_3343,Ropa,188.0,80,2032-02-25
3344,Producto_3344,Hogar,473.08,27,2032-02-26
3345,Producto_3345,Hogar,968.39,3,2032-02-27
3346,Producto_3346,Hogar,755.46,49,2032-02-28
3347,Producto_3347,Hogar,813.05,85,2032-02-29
3348,Producto_3348,Deportes,42.5,30,2032-03-01
3349,Producto_3349,Ropa,473.18,22,2032-03-02
3350,Producto_3350,Deportes,650.15,19,2032-03-03
3351,Producto_3351,Ropa,831.73,31,2032-03-04
3352,Producto_3352,Hogar,58.78,20,2032-03-05
3353,Producto_3353,Electrónica,853.91,19,2032-03-06
3354,Producto_3354,Deportes,552.92,2,2032-03-07
3355,Producto_3355,Electrónica,205.34,40,2032-03-08
3356,Producto_3356,Deportes,324.08,39,2032-03-09
3357,Producto_3357,Hogar,289.11,91,2032-03-10
3358,Producto_3358,Deportes,535.55,72,2032-03-11
3359,Producto_3359,Hogar,61.17,54,2032-03-12
3360,Producto_3360,Deportes,166.95,27,2032-03-13
3361,Producto_3361,Hogar,814.57,79,2032-03-14
3362,Producto_3362,Hogar,141.28,12,2032-03-15
3363,Producto_3363,Ropa,241.06,78,2032-03-16
3364,Producto_3364,Hogar,458.84,71,2032-03-17
3365,Producto_3365,Ropa,521.95,17,2032-03-18
3366,Producto_3366,Hogar,765.97,90,2032-03-19
3367,Producto_3367,Electrónica,452.86,84,2032-03-20
3368,Producto_3368,Hogar,791.97,10,2032-03-21
3369,Producto_3369,Electrónica,622.16,19,2032-03-22
3370,Producto_3370,Electrónica,121.97,82,2032-03-23
3371,Producto_3371,Hogar,164.77,30,2032-03-24
3372,Producto_3372,Electrónica,442.66,30,2032-03-25
3373,Producto_3373,Ropa,402.92,25,2032-03-26
3374,Producto_3374,Deportes,746.11,88,2032-03-27
3375,Producto_3375,Hogar,584.93,74,2032-03-28
3376,Producto_3376,Electrónica,394.25,66,2032-03-29
3377,Producto_3377,Hogar,179.05,96,2032-03-30
3378,Producto_3378,Ropa,234.57,35,2032-03-31
3379,Producto_3379,Hogar,579.75,51,2032-04-01
3380,Producto_3380,Hogar,429.2,71,2032-04-02
3381,Producto_3381,Electrónica,519.78,71,2032-04-03
3382,Producto_3382,Ropa,178.97,27,2032-04-04
3383,Producto_3383,Deportes,666.28,10,2032-04-05
3384,Producto_3384,Deportes,854.01,97,2032-04-06
3385,Producto_3385,Electrónica,265.36,43,2032-04-07
3386,Producto_3386,Hogar,496.6,55,2032-04-08
3387,Producto_3387,Electrónica,975.77,71,2032-04-09
3388,Producto_3388,Electrónica,339.91,6,2032-04-10
3389,Producto_3389,Electrónica,599.1,6,2032-04-11
3390,Producto_3390,Hogar,99.29,77,2032-04-12
3391,Producto_3391,Ropa,609.95,48,2032-04-13
3392,Producto_3392,Electrónica,98.74,77,2032-04-14
3393,Producto_3393,Hogar,959.64,2,2032-04-15
3394,Producto_3394,Ropa,718.51,83,2032-04-16
3395,Producto_3395,Electrónica,790.28,51,2032-04-17
3396,Producto_3396,Deportes,707.06,61,2032-04-18
3397,Producto_3397,Ropa,593.83,19,2032-04-19
3398,Producto_3398,Electrónica,455.41,2,2032-04-20
3399,Producto_3399,Ropa,859.79,51,2032-04-21
3400,Producto_3400,Ropa,957.27,26,2032-04-22
3401,Producto_3401,Ropa,504.05,70,2032-04-23
3402,Producto_3402,Ropa,932.22,20,2032-04-24
3403,Producto_3403,Ropa,587.5,23,2032-04-25
3404,Producto_3404,Ropa,543.0,54,2032-04-26
3405,Producto_3405,Electrónica,459.94,15,2032-04-27
3406,Producto_3406,Deportes,217.19,6,2032-04-28
3407,Producto_3407,Hogar,13.68,92,2032-04-29
3408,Producto_3408,Ropa,249.09,35,2032-04-30
3409,Producto_3409,Hogar,514.63,75,2032-05-01
3410,Producto_3410,Electrónica,386.16,8,2032-05-02
3411,Producto_3411,Ropa,454.0,57,2032-05-03
3412,Producto_3412,Deportes,980.84,50,2032-05-04
3413,Producto_3413,Hogar,356.77,49,2032-05-05
3414,Producto_3414,Ropa,457.66,88,2032-05-06
3415,Producto_3415,Electrónica,142.18,21,2032-05-07
3416,Producto_3416,Deportes,57.48,36,2032-05-08
3417,Producto_3417,Hogar,777.66,71,2032-05-09
3418,Producto_3418,Hogar,574.98,69,2032-05-10
3419,Producto_3419,Ropa,763.1,58,2032-05-11
3420,Producto_3420,Deportes,158.36,63,2032-05-12
3421,Producto_3421,Deportes,576.11,93,2032-05-13
3422,Producto_3422,Deportes,261.11,16,2032-05-14
3423,Producto_3423,Deportes,235.78,6,2032-05-15
3424,Producto_3424,Electrónica,21.41,78,2032-05-16
3425,Producto_3425,Deportes,139.04,52,2032-05-17
3426,Producto_3426,Hogar,316.18,2,2032-05-18
3427,Producto_3427,Hogar,125.71,89,2032-05-19
3428,Producto_3428,Electrónica,986.0,95,2032-05-20
3429,Producto_3429,Hogar,315.55,77,2032-05-21
3430,Producto_3430,Hogar,139.02,18,2032-05-22
3431,Producto_3431,Deportes,207.09,81,2032-05-23
3432,Producto_3432,Hogar,591.83,92,2032-05-24
3433,Producto_3433,Electrónica,73.4,76,2032-05-25
3434,Producto_3434,Deportes,863.81,35,2032-05-26
3435,Producto_3435,Ropa,961.88,86,2032-05-27
3436,Producto_3436,Deportes,254.28,39,2032-05-28
3437,Producto_3437,Electrónica,455.59,1,2032-05-29
3438,Producto_3438,Deportes,31.91,37,2032-05-30
3439,Producto_3439,Deportes,644.3,21,2032-05-31
3440,Producto_3440,Electrónica,419.79,1,2032-06-01
3441,Producto_3441,Deportes,277.36,4,2032-06-02
3442,Producto_3442,Electrónica,214.77,96,2032-06-03
3443,Producto_3443,Electrónica,657.48,58,2032-06-04
3444,Producto_3444,Ropa,422.05,1,2032-06-05
3445,Producto_3445,Hogar,187.86,13,2032-06-06
3446,Producto_3446,Hogar,692.22,46,2032-06-07
3447,Producto_3447,Deportes,569.42,47,2032-06-08
3448,Producto_3448,Deportes,860.09,81,2032-06-09
3449,Producto_3449,Ropa,126.3,76,2032-06-10
3450,Producto_3450,Ropa,787.81,7,2032-06-11
3451,Producto_3451,Ropa,676.78,51,2032-06-12
3452,Producto_3452,Electrónica,123.86,3,2032-06-13
3453,Producto_3453,Ropa,697.87,50,2032-06-14
3454,Producto_3454,Ropa,447.13,26,2032-06-15
3455,Producto_3455,Deportes,945.53,31,2032-06-16
3456,Producto_3456,Ropa,150.2,62,2032-06-17
3457,Producto_3457,Electrónica,646.41,26,2032-06-18
3458,Producto_3458,Electrónica,388.16,67,2032-06-19
3459,Producto_3459,Deportes,957.25,55,2032-06-20
3460,Producto_3460,Ropa,336.68,28,2032-06-21
3461,Producto_3461,Ropa,962.56,44,2032-06-22
3462,Producto_3462,Electrónica,902.47,81,2032-06-23
3463,Producto_3463,Ropa,277.68,38,2032-06-24
3464,Producto_3464,Ropa,805.51,30,2032-06-25
3465,Producto_3465,Ropa,995.65,66,2032-06-26
3466,Producto_3466,Hogar,260.14,8,2032-06-27
3467,Producto_3467,Deportes,442.41,14,2032-06-28
3468,Producto_3468,Hogar,524.98,99,2032-06-29
3469,Producto_3469,Deportes,301.98,62,2032-06-30
3470,Producto_3470,Electrónica,25.11,75,2032-07-01
3471,Producto_3471,Ropa,227.93,63,2032-07-02
3472,Producto_3472,Deportes,289.12,79,2032-07-03
3473,Producto_3473,Hogar,449.16,66,2032-07-04
3474,Producto_3474,Ropa,179.39,96,2032-07-05
3475,Producto_3475,Electrónica,874.52,40,2032-07-06
3476,Producto_3476,Deportes,707.86,13,2032-07-07
3477,Producto_3477,Deportes,94.35,17,2032-07-08
3478,Producto_3478,Deportes,653.59,15,2032-07-09
3479,Producto_3479,Ropa,657.12,33,2032-07-10
3480,Producto_3480,Hogar,956.66,16,2032-07-11
3481,Producto_3481,Hogar,12.99,13,2032-07-12
3482,Producto_3482,Deportes,255.45,86,2032-07-13
3483,Producto_3483,Electrónica,928.51,23,2032-07-14
3484,Producto_3484,Electrónica,932.81,36,2032-07-15
3485,Producto_3485,Hogar,723.38,43,2032-07-16
3486,Producto_3486,Electrónica,768.11,50,2032-07-17
3487,Producto_3487,Hogar,100.57,74,2032-07-18
3488,Producto_3488,Deportes,518.74,81,2032-07-19
3489,Producto_3489,Hogar,239.27,94,2032-07-20
3490,Producto_3490,Hogar,189.41,13,2032-07-21
3491,Producto_3491,Deportes,812.2,30,2032-07-22
3492,Producto_3492,Electrónica,143.69,57,2032-07-23
3493,Producto_3493,Hogar,473.97,30,2032-07-24
3494,Producto_3494,Hogar,939.19,71,2032-07-25
3495,Producto_3495,Deportes,193.97,10,2032-07-26
3496,Producto_3496,Electrónica,978.21,99,2032-07-27
3497,Producto_3497,Hogar,994.35,66,2032-07-28
3498,Producto_3498,Deportes,560.06,94,2032-07-29
3499,Producto_3499,Hogar,178.44,83,2032-07-30
3500,Producto_3500,Ropa,322.94,39,2032-07-31
3501,Producto_3501,Deportes,430.25,37,2032-08-01
3502,Producto_3502,Electrónica,316.23,3,2032-08-02
3503,Producto_3503,Electrónica,287.83,89,2032-08-03
3504,Producto_3504,Electrónica,972.51,34,2032-08-04
3505,Producto_3505,Electrónica,161.83,86,2032-08-05
3506,Producto_3506,Hogar,735.99,38,2032-08-06
3507,Producto_3507,Hogar,10.41,14,2032-08-07
3508,Producto_3508,Electrónica,600.22,64,2032-08-08
3509,Producto_3509,Electrónica,916.78,39,2032-08-09
3510,Producto_3510,Electrónica,295.05,54,2032-08-10
3511,Producto_3511,Hogar,193.67,2,2032-08-11
3512,Producto_3512,Electrónica,655.16,96,2032-08-12
3513,Producto_3513,Electrónica,715.48,43,2032-08-13
3514,Producto_3514,Ropa,691.15,53,2032-08-14
3515,Producto_3515,Ropa,326.12,3,2032-08-15
3516,Producto_3516,Electrónica,259.68,41,2032-08-16
3517,Producto_3517,Deportes,956.36,8,2032-08-17
3518,Producto_3518,Electrónica,924.07,90,2032-08-18
3519,Producto_3519,Ropa,462.74,96,2032-08-19
3520,Producto_3520,Deportes,847.73,75,2032-08-20
3521,Producto_3521,Deportes,457.8,63,2032-08-21
3522,Producto_3522,Electrónica,430.15,65,2032-08-22
3523,Producto_3523,Ropa,165.2,79,2032-08-23
3524,Producto_3524,Ropa,432.14,4,2032-08-24
3525,Producto_3525,Deportes,542.04,68,2032-08-25
3526,Producto_3526,Electrónica,32.28,92,2032-08-26
3527,Producto_3527,Hogar,449.67,10,2032-08-27
3528,Producto_3528,Hogar,783.54,75,2032-08-28
3529,Producto_3529,Ropa,683.25,50,2032-08-29
3530,Producto_3530,Hogar,638.81,23,2032-08-30
3531,Producto_3531,Ropa,910.46,61,2032-08-31
3532,Producto_3532,Ropa,27.85,47,2032-09-01
3533,Producto_3533,Ropa,561.48,3,2032-09-02
3534,Producto_3534,Hogar,789.48,17,2032-09-03
3535,Producto_3535,Ropa,545.92,22,2032-09-04
3536,Producto_3536,Deportes,330.66,91,2032-09-05
3537,Producto_3537,Electrónica,144.89,16,2032-09-06
3538,Producto_3538,Electrónica,888.69,80,2032-09-07
3539,Producto_3539,Ropa,476.05,3,2032-09-08
3540,Producto_3540,Electrónica,879.33,52,2032-09-09
3541,Producto_3541,Hogar,589.99,33,2032-09-10
3542,Producto_3542,Hogar,677.45,42,2032-09-11
3543,Producto_3543,Electrónica,806.22,2,2032-09-12
3544,Producto_3544,Hogar,662.56,39,2032-09-13
3545,Producto_3545,Electrónica,404.07,46,2032-09-14
3546,Producto_3546,Electrónica,518.5,48,2032-09-15
3547,Producto_3547,Electrónica,805.02,27,2032-09-16
3548,Producto_3548,Ropa,379.91,15,2032-09-17
3549,Producto_3549,Electrónica,394.24,7,2032-09-18
3550,Producto_3550,Ropa,104.73,57,2032-09-19
3551,Producto_3551,Electrónica,915.44,42,2032-09-20
3552,Producto_3552,Electrónica,100.13,9,2032-09-21
3553,Producto_3553,Electrónica,651.73,6,2032-09-22
3554,Producto_3554,Hogar,419.06,57,2032-09-23
3555,Producto_3555,Ropa,411.56,76,2032-09-24
3556,Producto_3556,Ropa,682.76,30,2032-09-25
3557,Producto_3557,Electrónica,76.42,55,2032-09-26
3558,Producto_3558,Electrónica,597.77,84,2032-09-27
3559,Producto_3559,Hogar,774.31,84,2032-09-28
3560,Producto_3560,Hogar,829.93,54,2032-09-29
3561,Producto_3561,Hogar,178.83,27,2032-09-30
3562,Producto_3562,Ropa,898.44,84,2032-10-01
3563,Producto_3563,Ropa,659.58,59,2032-10-02
3564,Producto_3564,Ropa,883.04,7,2032-10-03
3565,Producto_3565,Electrónica,490.43,40,2032-10-04
3566,Producto_3566,Ropa,546.61,94,2032-10-05
3567,Producto_3567,Deportes,919.85,72,2032-10-06
3568,Producto_3568,Deportes,900.91,2,2032-10-07
3569,Producto_3569,Hogar,453.68,14,2032-10-08
3570,Producto_3570,Ropa,281.67,10,2032-10-09
3571,Producto_3571,Deportes,399.24,50,2032-10-10
3572,Producto_3572,Hogar,393.89,18,2032-10-11
3573,Producto_3573,Ropa,294.0,18,2032-10-12
3574,Producto_3574,Electrónica,275.89,16,2032-10-13
3575,Producto_3575,Deportes,862.45,52,2032-10-14
3576,Producto_3576,Electrónica,79.16,69,2032-10-15
3577,Producto_3577,Ropa,680.84,52,2032-10-16
3578,Producto_3578,Deportes,181.09,31,2032-10-17
3579,Producto_3579,Ropa,351.06,84,2032-10-18
3580,Producto_3580,Electrónica,70.93,23,2032-10-19
3581,Producto_3581,Deportes,277.27,96,2032-10-20
3582,Producto_3582,Electrónica,770.74,42,2032-10-21
3583,Producto_3583,Ropa,886.17,81,2032-10-22
3584,Producto_3584,Ropa,229.31,62,2032-10-23
3585,Producto_3585,Electrónica,468.91,77,2032-10-24
3586,Producto_3586,Deportes,475.62,50,2032-10-25
3587,Producto_3587,Electrónica,874.84,77,2032-10-26
3588,Producto_3588,Ropa,765.17,81,2032-10-27
3589,Producto_3589,Electrónica,517.95,15,2032-10-28
3590,Producto_3590,Ropa,674.04,90,2032-10-29
3591,Producto_3591,Electrónica,848.88,44,2032-10-30
3592,Producto_3592,Deportes,19.44,92,2032-10-31
3593,Producto_3593,Deportes,408.86,42,2032-11-01
3594,Producto_3594,Electrónica,908.17,45,2032-11-02
3595,Producto_3595,Electrónica,742.91,94,2032-11-03
3596,Producto_3596,Deportes,547.41,35,2032-11-04
3597,Producto_3597,Ropa,534.35,22,2032-11-05
3598,Producto_3598,Deportes,354.29,74,2032-11-06
3599,Producto_3599,Ropa,525.32,75,2032-11-07
3600,Producto_3600,Electrónica,658.83,38,2032-11-08
3601,Producto_3601,Electrónica,424.18,97,2032-11-09
3602,Producto_3602,Ropa,717.01,70,2032-11-10
3603,Producto_3603,Electrónica,862.62,64,2032-11-11
3604,Producto_3604,Ropa,163.14,7,2032-11-12
3605,Producto_3605,Hogar,457.03,44,2032-11-13
3606,Producto_3606,Deportes,413.94,76,2032-11-14
3607,Producto_3607,Hogar,690.59,7,2032-11-15
3608,Producto_3608,Ropa,257.37,66,2032-11-16
3609,Producto_3609,Deportes,643.85,60,2032-11-17
3610,Producto_3610,Ropa,878.71,1,2032-11-18
3611,Producto_3611,Deportes,423.95,62,2032-11-19
3612,Producto_3612,Deportes,911.91,87,2032-11-20
3613,Producto_3613,Deportes,993.23,89,2032-11-21
3614,Producto_3614,Deportes,115.03,18,2032-11-22
3615,Producto_3615,Ropa,240.72,7,2032-11-23
3616,Producto_3616,Deportes,950.88,54,2032-11-24
3617,Producto_3617,Deportes,958.74,67,2032-11-25
3618,Producto_3618,Hogar,106.73,93,2032-11-26
3619,Producto_3619,Electrónica,24.85,10,2032-11-27
3620,Producto_3620,Electrónica,169.49,61,2032-11-28
3621,Producto_3621,Hogar,996.05,59,2032-11-29
3622,Producto_3622,Hogar,188.2,59,2032-11-30
3623,Producto_3623,Ropa,507.52,69,2032-12-01
3624,Producto_3624,Ropa,849.93,63,2032-12-02
3625,Producto_3625,Ropa,30.2,98,2032-12-03
3626,Producto_3626,Hogar,608.44,8,2032-12-04
3627,Producto_3627,Hogar,284.26,78,2032-12-05
3628,Producto_3628,Deportes,863.71,55,2032-12-06
3629,Producto_3629,Ropa,290.63,6,2032-12-07
3630,Producto_3630,Ropa,689.89,1,2032-12-08
3631,Producto_3631,Ropa,677.48,56,2032-12-09
3632,Producto_3632,Electrónica,229.28,97,2032-12-10
3633,Producto_3633,Deportes,44.45,75,2032-12-11
3634,Producto_3634,Ropa,415.16,88,2032-12-12
3635,Producto_3635,Ropa,296.3,10,2032-12-13
3636,Producto_3636,Ropa,810.89,23,2032-12-14
3637,Producto_3637,Electrónica,802.36,16,2032-12-15
3638,Producto_3638,Electrónica,462.45,16,2032-12-16
3639,Producto_3639,Hogar,610.45,56,2032-12-17
3640,Producto_3640,Deportes,608.22,95,2032-12-18
3641,Producto_3641,Hogar,828.89,6,2032-12-19
3642,Producto_3642,Deportes,430.75,30,2032-12-20
3643,Producto_3643,Electrónica,282.69,63,2032-12-21
3644,Producto_3644,Ropa,272.38,1,2032-12-22
3645,Producto_3645,Hogar,540.83,51,2032-12-23
3646,Producto_3646,Ropa,454.66,89,2032-12-24
3647,Producto_3647,Hogar,445.72,46,2032-12-25
3648,Producto_3648,Electrónica,100.23,21,2032-12-26
3649,Producto_3649,Electrónica,721.42,99,2032-12-27
3650,Producto_3650,Electrónica,221.6,38,2032-12-28
3651,Producto_3651,Hogar,204.98,69,2032-12-29
3652,Producto_3652,Deportes,418.63,63,2032-12-30
3653,Producto_3653,Hogar,235.5,50,2032-12-31
3654,Producto_3654,Deportes,588.02,12,2033-01-01
3655,Producto_3655,Hogar,377.75,69,2033-01-02
3656,Producto_3656,Hogar,454.42,73,2033-01-03
3657,Producto_3657,Electrónica,541.8,44,2033-01-04
3658,Producto_3658,Ropa,211.5,52,2033-01-05
3659,Producto_3659,Ropa,164.19,9,2033-01-06
3660,Producto_3660,Deportes,881.62,99,2033-01-07
3661,Producto_3661,Ropa,439.39,65,2033-01-08
3662,Producto_3662,Hogar,417.97,10,2033-01-09
3663,Producto_3663,Hogar,45.26,46,2033-01-10
3664,Producto_3664,Electrónica,503.0,58,2033-01-11
3665,Producto_3665,Electrónica,558.63,37,2033-01-12
3666,Producto_3666,Ropa,563.25,52,2033-01-13
3667,Producto_3667,Deportes,709.96,99,2033-01-14
3668,Producto_3668,Ropa,185.71,81,2033-01-15
3669,Producto_3669,Ropa,259.7,13,2033-01-16
3670,Producto_3670,Ropa,812.62,6,2033-01-17
3671,Producto_3671,Ropa,947.7,58,2033-01-18
3672,Producto_3672,Hogar,144.57,48,2033-01-19
3673,Producto_3673,Deportes,502.67,32,2033-01-20
3674,Producto_3674,Hogar,222.03,11,2033-01-21
3675,Producto_3675,Deportes,69.47,81,2033-01-22
3676,Producto_3676,Electrónica,332.25,5,2033-01-23
3677,Producto_3677,Ropa,152.25,6,2033-01-24
3678,Producto_3678,Hogar,712.83,74,2033-01-25
3679,Producto_3679,Deportes,538.39,97,2033-01-26
3680,Producto_3680,Electrónica,152.4,94,2033-01-27
3681,Producto_3681,Electrónica,19.15,21,2033-01-28
3682,Producto_3682,Ropa,810.08,42,2033-01-29
3683,Producto_3683,Deportes,184.43,81,2033-01-30
3684,Producto_3684,Hogar,610.15,27,2033-01-31
3685,Producto_3685,Ropa,343.55,3,2033-02-01
3686,Producto_3686,Hogar,589.63,60,2033-02-02
3687,Producto_3687,Electrónica,322.5,93,2033-02-03
3688,Producto_3688,Hogar,96.07,66,2033-02-04
3689,Producto_3689,Hogar,230.72,93,2033-02-05
3690,Producto_3690,Ropa,196.18,49,2033-02-06
3691,Producto_3691,Hogar,433.74,34,2033-02-07
3692,Producto_3692,Ropa,661.7,37,2033-02-08
3693,Producto_3693,Electrónica,271.17,42,2033-02-09
3694,Producto_3694,Ropa,21.95,65,2033-02-10
3695,Producto_3695,Ropa,523.75,60,2033-02-11
3696,Producto_3696,Deportes,609.7,90,2033-02-12
3697,Producto_3697,Hogar,963.24,1,2033-02-13
3698,Producto_3698,Electrónica,593.58,59,2033-02-14
3699,Producto_3699,Ropa,476.46,4,2033-02-15
3700,Producto_3700,Electrónica,577.67,14,2033-02-16
3701,Producto_3701,Deportes,928.62,18,2033-02-17
3702,Producto_3702,Hogar,830.09,34,2033-02-18
3703,Producto_3703,Ropa,329.75,1,2033-02-19
3704,Producto_3704,Hogar,244.88,53,2033-02-20
3705,Producto_3705,Deportes,270.01,22,2033-02-21
3706,Producto_3706,Deportes,509.38,80,2033-02-22
3707,Producto_3707,Electrónica,746.61,61,2033-02-23
3708,Producto_3708,Ropa,508.19,22,2033-02-24
3709,Producto_3709,Electrónica,77.12,50,2033-02-25
3710,Producto_3710,Deportes,726.34,16,2033-02-26
3711,Producto_3711,Hogar,807.91,28,2033-02-27
3712,Producto_3712,Electrónica,296.6,92,2033-02-28
3713,Producto_3713,Electrónica,667.48,86,2033-03-01
3714,Producto_3714,Hogar,432.33,70,2033-03-02
3715,Producto_3715,Electrónica,890.23,89,2033-03-03
3716,Producto_3716,Hogar,846.77,42,2033-03-04
3717,Producto_3717,Ropa,530.18,66,2033-03-05
3718,Producto_3718,Hogar,694.59,71,2033-03-06
3719,Producto_3719,Ropa,884.52,81,2033-03-07
3720,Producto_3720,Hogar,500.76,35,2033-03-08
3721,Producto_3721,Deportes,320.12,20,2033-03-09
3722,Producto_3722,Deportes,756.13,2,2033-03-10
3723,Producto_3723,Ropa,227.87,7,2033-03-11
3724,Producto_3724,Ropa,394.65,96,2033-03-12
3725,Producto_3725,Deportes,867.07,49,2033-03-13
3726,Producto_3726,Ropa,727.18,83,2033-03-14
3727,Producto_3727,Hogar,409.77,76,2033-03-15
3728,Producto_3728,Hogar,222.6,9,2033-03-16
3729,Producto_3729,Deportes,362.41,27,2033-03-17
3730,Producto_3730,Electrónica,291.26,78,2033-03-18
3731,Producto_3731,Hogar,184.33,2,2033-03-19
3732,Producto_3732,Ropa,745.9,85,2033-03-20
3733,Producto_3733,Electrónica,259.55,68,2033-03-21
3734,Producto_3734,Electrónica,459.63,60,2033-03-22
3735,Producto_3735,Hogar,392.0,85,2033-03-23
3736,Producto_3736,Hogar,982.26,86,2033-03-24
3737,Producto_3737,Electrónica,397.18,49,2033-03-25
3738,Producto_3738,Electrónica,89.18,2,2033-03-26
3739,Producto_3739,Deportes,98.93,17,2033-03-27
3740,Producto_3740,Ropa,594.85,83,2033-03-28
3741,Producto_3741,Deportes,603.37,88,2033-03-29
3742,Producto_3742,Hogar,424.57,20,2033-03-30
3743,Producto_3743,Deportes,437.53,76,2033-03-31
3744,Producto_3744,Deportes,63.39,89,2033-04-01
3745,Producto_3745,Deportes,521.38,87,2033-04-02
3746,Producto_3746,Deportes,509.69,98,2033-04-03
3747,Producto_3747,Ropa,158.05,32,2033-04-04
3748,Producto_3748,Ropa,112.8,51,2033-04-05
3749,Producto_3749,Electrónica,132.34,88,2033-04-06
3750,Producto_3750,Hogar,110.02,42,2033-04-07
3751,Producto_3751,Deportes,613.61,63,2033-04-08
3752,Producto_3752,Electrónica,204.52,89,2033-04-09
3753,Producto_3753,Electrónica,258.92,61,2033-04-10
3754,Producto_3754,Electrónica,181.84,62,2033-04-11
3755,Producto_3755,Ropa,958.26,3,2033-04-12
3756,Producto_3756,Deportes,856.07,89,2033-04-13
3757,Producto_3757,Deportes,238.19,92,2033-04-14
3758,Producto_3758,Hogar,334.29,76,2033-04-15
3759,Producto_3759,Deportes,217.79,26,2033-04-16
3760,Producto_3760,Deportes,496.96,48,2033-04-17
3761,Producto_3761,Electrónica,29.41,8,2033-04-18
3762,Producto_3762,Hogar,674.65,5,2033-04-19
3763,Producto_3763,Deportes,527.93,11,2033-04-20
3764,Producto_3764,Ropa,899.65,42,2033-04-21
3765,Producto_3765,Deportes,172.75,99,2033-04-22
3766,Producto_3766,Electrónica,806.07,91,2033-04-23
3767,Producto_3767,Ropa,794.04,41,2033-04-24
3768,Producto_3768,Electrónica,135.91,19,2033-04-25
3769,Producto_3769,Deportes,404.57,48,2033-04-26
3770,Producto_3770,Ropa,178.45,53,2033-04-27
3771,Producto_3771,Hogar,262.17,55,2033-04-28
3772,Producto_3772,Hogar,270.61,61,2033-04-29
3773,Producto_3773,Ropa,560.67,32,2033-04-30
3774,Producto_3774,Ropa,417.3,46,2033-05-01
3775,Producto_3775,Electrónica,948.26,92,2033-05-02
3776,Producto_3776,Ropa,135.11,36,2033-05-03
3777,Producto_3777,Electrónica,973.96,18,2033-05-04
3778,Producto_3778,Deportes,238.33,74,2033-05-05
3779,Producto_3779,Electrónica,775.15,96,2033-05-06
3780,Producto_3780,Ropa,345.58,18,2033-05-07
3781,Producto_3781,Ropa,151.65,12,2033-05-08
3782,Producto_3782,Deportes,859.31,72,2033-05-09
3783,Producto_3783,Ropa,315.77,97,2033-05-10
3784,Producto_3784,Ropa,662.27,46,2033-05-11
3785,Producto_3785,Hogar,570.78,55,2033-05-12
3786,Producto_3786,Hogar,477.04,38,2033-05-13
3787,Producto_3787,Deportes,500.86,78,2033-05-14
3788,Producto_3788,Electrónica,734.92,2,2033-05-15
3789,Producto_3789,Hogar,96.9,9,2033-05-16
3790,Producto_3790,Electrónica,671.5,5,2033-05-17
3791,Producto_3791,Ropa,896.85,98,2033-05-18
3792,Producto_3792,Hogar,67.21,19,2033-05-19
3793,Producto_3793,Deportes,149.25,71,2033-05-20
3794,Producto_3794,Deportes,719.47,39,2033-05-21
3795,Producto_3795,Deportes,442.91,42,2033-05-22
3796,Producto_3796,Hogar,409.51,17,2033-05-23
3797,Producto_3797,Electrónica,145.6,63,2033-05-24
3798,Producto_3798,Ropa,511.7,90,2033-05-25
3799,Producto_3799,Electrónica,135.28,46,2033-05-26
3800,Producto_3800,Electrónica,481.85,91,2033-05-27
3801,Producto_3801,Ropa,765.98,92,2033-05-28
3802,Producto_3802,Ropa,265.68,20,2033-05-29
3803,Producto_3803,Hogar,485.98,70,2033-05-30
3804,Producto_3804,Hogar,992.1,8,2033-05-31
3805,Producto_3805,Hogar,689.78,96,2033-06-01
3806,Producto_3806,Hogar,842.94,19,2033-06-02
3807,Producto_3807,Hogar,420.7,32,2033-06-03
3808,Producto_3808,Ropa,770.18,19,2033-06-04
3809,Producto_3809,Electrónica,50.1,24,2033-06-05
3810,Producto_3810,Hogar,131.68,24,2033-06-06
3811,Producto_3811,Hogar,211.04,56,2033-06-07
3812,Producto_3812,Electrónica,407.93,81,2033-06-08
3813,Producto_3813,Hogar,847.29,18,2033-06-09
3814,Producto_3814,Electrónica,352.8,12,2033-06-10
3815,Producto_3815,Electrónica,658.07,41,2033-06-11
3816,Producto_3816,Ropa,712.22,87,2033-06-12
3817,Producto_3817,Deportes,590.32,48,2033-06-13
3818,Producto_3818,Ropa,363.67,82,2033-06-14
3819,Producto_3819,Deportes,581.28,64,2033-06-15
3820,Producto_3820,Deportes,348.84,16,2033-06-16
3821,Producto_3821,Deportes,93.04,80,2033-06-17
3822,Producto_3822,Hogar,992.88,23,2033-06-18
3823,Producto_3823,Ropa,135.91,86,2033-06-19
3824,Producto_3824,Deportes,81.62,39,2033-06-20
3825,Producto_3825,Electrónica,879.75,33,2033-06-21
3826,Producto_3826,Hogar,308.82,24,2033-06-22
3827,Producto_3827,Ropa,653.79,61,2033-06-23
3828,Producto_3828,Deportes,335.72,55,2033-06-24
3829,Producto_3829,Electrónica,397.54,61,2033-06-25
3830,Producto_3830,Ropa,269.49,84,2033-06-26
3831,Producto_3831,Ropa,349.61,97,2033-06-27
3832,Producto_3832,Hogar,416.59,95,2033-06-28
3833,Producto_3833,Ropa,723.21,40,2033-06-29
3834,Producto_3834,Hogar,516.42,58,2033-06-30
3835,Producto_3835,Deportes,944.13,72,2033-07-01
3836,Producto_3836,Hogar,51.46,74,2033-07-02
3837,Producto_3837,Electrónica,508.04,1,2033-07-03
3838,Producto_3838,Hogar,588.38,85,2033-07-04
3839,Producto_3839,Electrónica,921.0,25,2033-07-05
3840,Producto_3840,Hogar,58.67,96,2033-07-06
3841,Producto_3841,Ropa,577.76,53,2033-07-07
3842,Producto_3842,Deportes,855.09,61,2033-07-08
3843,Producto_3843,Electrónica,249.51,46,2033-07-09
3844,Producto_3844,Hogar,877.53,74,2033-07-10
3845,Producto_3845,Hogar,28.85,60,2033-07-11
3846,Producto_3846,Hogar,735.13,51,2033-07-12
3847,Producto_3847,Ropa,933.78,73,2033-07-13
3848,Producto_3848,Ropa,660.63,84,2033-07-14
3849,Producto_3849,Electrónica,444.64,48,2033-07-15
3850,Producto_3850,Electrónica,54.43,84,2033-07-16
3851,Producto_3851,Ropa,920.91,40,2033-07-17
3852,Producto_3852,Electrónica,475.59,7,2033-07-18
3853,Producto_3853,Deportes,38.71,75,2033-07-19
3854,Producto_3854,Deportes,692.92,85,2033-07-20
3855,Producto_3855,Ropa,487.02,19,2033-07-21
3856,Producto_3856,Electrónica,133.1,15,2033-07-22
3857,Producto_3857,Hogar,222.13,70,2033-07-23
3858,Producto_3858,Deportes,73.85,61,2033-07-24
3859,Producto_3859,Ropa,578.55,56,2033-07-25
3860,Producto_3860,Electrónica,625.81,10,2033-07-26
3861,Producto_3861,Ropa,510.68,46,2033-07-27
3862,Producto_3862,Hogar,818.93,80,2033-07-28
3863,Producto_3863,Deportes,862.4,75,2033-07-29
3864,Producto_3864,Ropa,619.47,57,2033-07-30
3865,Producto_3865,Ropa,22.63,35,2033-07-31
3866,Producto_3866,Ropa,698.28,72,2033-08-01
3867,Producto_3867,Hogar,423.82,92,2033-08-02
3868,Producto_3868,Ropa,569.9,3,2033-08-03
3869,Producto_3869,Hogar,652.59,66,2033-08-04
3870,Producto_3870,Hogar,356.73,53,2033-08-05
3871,Producto_3871,Hogar,917.93,78,2033-08-06
3872,Producto_3872,Deportes,142.64,52,2033-08-07
3873,Producto_3873,Deportes,674.8,93,2033-08-08
3874,Producto_3874,Ropa,14.32,53,2033-08-09
3875,Producto_3875,Ropa,925.4,54,2033-08-10
3876,Producto_3876,Deportes,121.38,47,2033-08-11
3877,Producto_3877,Electrónica,103.94,3,2033-08-12
3878,Producto_3878,Deportes,339.68,65,2033-08-13
3879,Producto_3879,Hogar,379.83,15,2033-08-14
3880,Producto_3880,Deportes,222.16,84,2033-08-15
3881,Producto_3881,Hogar,589.27,86,2033-08-16
3882,Producto_3882,Ropa,448.48,34,2033-08-17
3883,Producto_3883,Electrónica,43.83,50,2033-08-18
3884,Producto_3884,Ropa,326.46,33,2033-08-19
3885,Producto_3885,Hogar,812.33,73,2033-08-20
3886,Producto_3886,Hogar,692.8,3,2033-08-21
3887,Producto_3887,Hogar,727.62,2,2033-08-22
3888,Producto_3888,Electrónica,701.14,4,2033-08-23
3889,Producto_3889,Deportes,317.86,16,2033-08-24
3890,Producto_3890,Ropa,108.67,54,2033-08-25
3891,Producto_3891,Ropa,279.74,33,2033-08-26
3892,Producto_3892,Deportes,833.47,9,2033-08-27
3893,Producto_3893,Ropa,980.67,57,2033-08-28
3894,Producto_3894,Electrónica,498.91,40,2033-08-29
3895,Producto_3895,Ropa,19.6,52,2033-08-30
3896,Producto_3896,Hogar,148.64,82,2033-08-31
3897,Producto_3897,Deportes,328.86,16,2033-09-01
3898,Producto_3898,Electrónica,582.8,8,2033-09-02
3899,Producto_3899,Deportes,84.34,87,2033-09-03
3900,Producto_3900,Electrónica,943.92,60,2033-09-04
3901,Producto_3901,Hogar,371.43,36,2033-09-05
3902,Producto_3902,Deportes,913.46,3,2033-09-06
3903,Producto_3903,Ropa,782.72,15,2033-09-07
3904,Producto_3904,Electrónica,757.88,97,2033-09-08
3905,Producto_3905,Deportes,610.65,82,2033-09-09
3906,Producto_3906,Ropa,630.52,23,2033-09-10
3907,Producto_3907,Deportes,641.62,3,2033-09-11
3908,Producto_3908,Deportes,632.43,30,2033-09-12
3909,Producto_3909,Deportes,558.19,45,2033-09-13
3910,Producto_3910,Electrónica,986.55,17,2033-09-14
3911,Producto_3911,Ropa,734.97,58,2033-09-15
3912,Producto_3912,Hogar,779.18,58,2033-09-16
3913,Producto_3913,Electrónica,873.74,96,2033-09-17
3914,Producto_3914,Electrónica,223.48,57,2033-09-18
3915,Producto_3915,Electrónica,92.97,7,2033-09-19
3916,Producto_3916,Hogar,488.07,39,2033-09-20
3917,Producto_3917,Ropa,518.94,78,2033-09-21
3918,Producto_3918,Ropa,830.89,58,2033-09-22
3919,Producto_3919,Ropa,449.35,56,2033-09-23
3920,Producto_3920,Deportes,575.14,15,2033-09-24
3921,Producto_3921,Deportes,531.8,44,2033-09-25
3922,Producto_3922,Deportes,47.82,12,2033-09-26
3923,Producto_3923,Hogar,619.06,8,2033-09-27
3924,Producto_3924,Deportes,829.76,80,2033-09-28
3925,Producto_3925,Hogar,165.93,41,2033-09-29
3926,Producto_3926,Ropa,598.39,34,2033-09-30
3927,Producto_3927,Deportes,597.67,46,2033-10-01
3928,Producto_3928,Deportes,172.54,88,2033-10-02
3929,Producto_3929,Electrónica,132.23,29,2033-10-03
3930,Producto_3930,Hogar,980.25,16,2033-10-04
3931,Producto_3931,Ropa,399.78,5,2033-10-05
3932,Producto_3932,Electrónica,235.15,5,2033-10-06
3933,Producto_3933,Electrónica,179.61,30,2033-10-07
3934,Producto_3934,Ropa,670.93,50,2033-10-08
3935,Producto_3935,Electrónica,613.35,5,2033-10-09
3936,Producto_3936,Hogar,647.12,13,2033-10-10
3937,Producto_3937,Hogar,97.13,99,2033-10-11
3938,Producto_3938,Deportes,894.6,49,2033-10-12
3939,Producto_3939,Electrónica,395.37,89,2033-10-13
3940,Producto_3940,Deportes,320.24,50,2033-10-14
3941,Producto_3941,Electrónica,467.74,14,2033-10-15
3942,Producto_3942,Hogar,396.17,46,2033-10-16
3943,Producto_3943,Hogar,864.94,90,2033-10-17
3944,Producto_3944,Hogar,929.97,82,2033-10-18
3945,Producto_3945,Electrónica,310.42,84,2033-10-19
3946,Producto_3946,Hogar,865.3,34,2033-10-20
3947,Producto_3947,Electrónica,783.71,71,2033-10-21
3948,Producto_3948,Deportes,931.5,47,2033-10-22
3949,Producto_3949,Electrónica,253.29,60,2033-10-23
3950,Producto_3950,Deportes,581.19,74,2033-10-24
3951,Producto_3951,Electrónica,281.8,79,2033-10-25
3952,Producto_3952,Deportes,825.85,81,2033-10-26
3953,Producto_3953,Hogar,15.27,11,2033-10-27
3954,Producto_3954,Deportes,569.17,98,2033-10-28
3955,Producto_3955,Hogar,345.81,91,2033-10-29
3956,Producto_3956,Hogar,329.46,85,2033-10-30
3957,Producto_3957,Deportes,648.46,95,2033-10-31
3958,Producto_3958,Electrónica,852.97,50,2033-11-01
3959,Producto_3959,Electrónica,613.1,4,2033-11-02
3960,Producto_3960,Ropa,854.64,41,2033-11-03
3961,Producto_3961,Electrónica,271.95,59,2033-11-04
3962,Producto_3962,Ropa,524.31,60,2033-11-05
3963,Producto_3963,Electrónica,456.03,81,2033-11-06
3964,Producto_3964,Electrónica,21.53,62,2033-11-07
3965,Producto_3965,Hogar,561.24,84,2033-11-08
3966,Producto_3966,Ropa,664.91,25,2033-11-09
3967,Producto_3967,Electrónica,596.0,87,2033-11-10
3968,Producto_3968,Ropa,738.92,79,2033-11-11
3969,Producto_3969,Hogar,575.63,33,2033-11-12
3970,Producto_3970,Hogar,76.08,19,2033-11-13
3971,Producto_3971,Ropa,125.28,57,2033-11-14
3972,Producto_3972,Hogar,600.51,15,2033-11-15
3973,Producto_3973,Deportes,282.23,41,2033-11-16
3974,Producto_3974,Deportes,88.85,69,2033-11-17
3975,Producto_3975,Hogar,435.31,80,2033-11-18
3976,Producto_3976,Deportes,558.78,60,2033-11-19
3977,Producto_3977,Electrónica,335.46,96,2033-11-20
3978,Producto_3978,Ropa,723.23,22,2033-11-21
3979,Producto_3979,Electrónica,647.33,43,2033-11-22
3980,Producto_3980,Ropa,339.49,32,2033-11-23
3981,Producto_3981,Hogar,757.32,13,2033-11-24
3982,Producto_3982,Electrónica,652.21,38,2033-11-25
3983,Producto_3983,Hogar,641.07,26,2033-11-26
3984,Producto_3984,Hogar,557.89,81,2033-11-27
3985,Producto_3985,Ropa,21.28,5,2033-11-28
3986,Producto_3986,Ropa,699.54,49,2033-11-29
3987,Producto_3987,Ropa,382.28,97,2033-11-30
3988,Producto_3988,Electrónica,943.18,91,2033-12-01
3989,Producto_3989,Deportes,819.8,5,2033-12-02
3990,Producto_3990,Ropa,591.82,71,2033-12-03
3991,Producto_3991,Ropa,259.66,48,2033-12-04
3992,Producto_3992,Electrónica,211.68,18,2033-12-05
3993,Producto_3993,Ropa,346.98,95,2033-12-06
3994,Producto_3994,Electrónica,481.8,6,2033-12-07
3995,Producto_3995,Hogar,303.1,66,2033-12-08
3996,Producto_3996,Ropa,519.78,77,2033-12-09
3997,Producto_3997,Ropa,173.72,42,2033-12-10
3998,Producto_3998,Hogar,977.94,52,2033-12-11
3999,Producto_3999,Hogar,116.85,11,2033-12-12
4000,Producto_4000,Hogar,932.62,26,2033-12-13
4001,Producto_4001,Ropa,914.44,21,2033-12-14
4002,Producto_4002,Deportes,530.11,66,2033-12-15
4003,Producto_4003,Deportes,727.66,40,2033-12-16
4004,Producto_4004,Deportes,441.69,56,2033-12-17
4005,Producto_4005,Ropa,633.73,51,2033-12-18
4006,Producto_4006,Hogar,347.17,20,2033-12-19
4007,Producto_4007,Ropa,308.15,81,2033-12-20
4008,Producto_4008,Hogar,582.45,80,2033-12-21
4009,Producto_4009,Ropa,503.15,57,2033-12-22
4010,Producto_4010,Ropa,583.74,5,2033-12-23
4011,Producto_4011,Hogar,293.79,14,2033-12-24
4012,Producto_4012,Deportes,373.29,24,2033-12-25
4013,Producto_4013,Hogar,93.06,68,2033-12-26
4014,Producto_4014,Electrónica,61.75,52,2033-12-27
4015,Producto_4015,Electrónica,260.92,48,2033-12-28
4016,Producto_4016,Hogar,83.5,88,2033-12-29
4017,Producto_4017,Ropa,112.74,47,2033-12-30
4018,Producto_4018,Electrónica,814.8,60,2033-12-31
4019,Producto_4019,Electrónica,48.48,73,2034-01-01
4020,Producto_4020,Ropa,662.35,3,2034-01-02
4021,Producto_4021,Ropa,279.83,9,2034-01-03
4022,Producto_4022,Deportes,872.83,82,2034-01-04
4023,Producto_4023,Ropa,490.14,83,2034-01-05
4024,Producto_4024,Hogar,312.52,24,2034-01-06
4025,Producto_4025,Hogar,522.46,4,2034-01-07
4026,Producto_4026,Deportes,388.14,9,2034-01-08
4027,Producto_4027,Electrónica,568.66,97,2034-01-09
4028,Producto_4028,Electrónica,123.39,1,2034-01-10
4029,Producto_4029,Ropa,997.02,35,2034-01-11
4030,Producto_4030,Hogar,431.3,74,2034-01-12
4031,Producto_4031,Electrónica,354.75,12,2034-01-13
4032,Producto_4032,Deportes,713.11,18,2034-01-14
4033,Producto_4033,Deportes,370.26,78,2034-01-15
4034,Producto_4034,Hogar,834.94,10,2034-01-16
4035,Producto_4035,Deportes,459.73,74,2034-01-17
4036,Producto_4036,Deportes,722.36,18,2034-01-18
4037,Producto_4037,Hogar,116.38,24,2034-01-19
4038,Producto_4038,Ropa,847.66,1,2034-01-20
4039,Producto_4039,Ropa,738.36,94,2034-01-21
4040,Producto_4040,Deportes,219.6,79,2034-01-22
4041,Producto_4041,Ropa,153.83,72,2034-01-23
4042,Producto_4042,Ropa,323.13,99,2034-01-24
4043,Producto_4043,Deportes,976.31,82,2034-01-25
4044,Producto_4044,Ropa,264.26,16,2034-01-26
4045,Producto_4045,Deportes,461.57,85,2034-01-27
4046,Producto_4046,Electrónica,39.72,15,2034-01-28
4047,Producto_4047,Hogar,403.26,62,2034-01-29
4048,Producto_4048,Hogar,575.61,5,2034-01-30
4049,Producto_4049,Ropa,953.59,45,2034-01-31
4050,Producto_4050,Ropa,521.57,52,2034-02-01
4051,Producto_4051,Ropa,820.92,71,2034-02-02
4052,Producto_4052,Hogar,551.66,7,2034-02-03
4053,Producto_4053,Electrónica,50.38,27,2034-02-04
4054,Producto_4054,Electrónica,321.86,89,2034-02-05
4055,Producto_4055,Hogar,579.79,86,2034-02-06
4056,Producto_4056,Electrónica,951.09,13,2034-02-07
4057,Producto_4057,Hogar,860.54,17,2034-02-08
4058,Producto_4058,Electrónica,236.07,44,2034-02-09
4059,Producto_4059,Deportes,227.91,13,2034-02-10
4060,Producto_4060,Deportes,209.16,90,2034-02-11
4061,Producto_4061,Hogar,923.27,73,2034-02-12
4062,Producto_4062,Electrónica,854.14,5,2034-02-13
4063,Producto_4063,Ropa,777.13,33,2034-02-14
4064,Producto_4064,Electrónica,398.81,4,2034-02-15
4065,Producto_4065,Deportes,509.34,92,2034-02-16
4066,Producto_4066,Deportes,469.69,26,2034-02-17
4067,Producto_4067,Electrónica,260.86,68,2034-02-18
4068,Producto_4068,Electrónica,509.98,16,2034-02-19
4069,Producto_4069,Ropa,40.19,22,2034-02-20
4070,Producto_4070,Ropa,140.49,36,2034-02-21
4071,Producto_4071,Electrónica,887.72,58,2034-02-22
4072,Producto_4072,Electrónica,754.16,55,2034-02-23
4073,Producto_4073,Electrónica,428.64,35,2034-02-24
4074,Producto_4074,Electrónica,521.98,25,2034-02-25
4075,Producto_4075,Hogar,376.3,72,2034-02-26
4076,Producto_4076,Electrónica,743.37,81,2034-02-27
4077,Producto_4077,Ropa,786.35,61,2034-02-28
4078,Producto_4078,Deportes,765.65,18,2034-03-01
4079,Producto_4079,Hogar,725.39,58,2034-03-02
4080,Producto_4080,Electrónica,212.46,76,2034-03-03
4081,Producto_4081,Deportes,344.59,57,2034-03-04
4082,Producto_4082,Hogar,475.15,97,2034-03-05
4083,Producto_4083,Deportes,337.49,87,2034-03-06
4084,Producto_4084,Electrónica,757.39,63,2034-03-07
4085,Producto_4085,Electrónica,336.06,12,2034-03-08
4086,Producto_4086,Ropa,146.85,11,2034-03-09
4087,Producto_4087,Electrónica,405.05,13,2034-03-10
4088,Producto_4088,Electrónica,980.12,35,2034-03-11
4089,Producto_4089,Hogar,233.62,27,2034-03-12
4090,Producto_4090,Ropa,616.04,89,2034-03-13
4091,Producto_4091,Hogar,438.64,67,2034-03-14
4092,Producto_4092,Deportes,80.31,89,2034-03-15
4093,Producto_4093,Electrónica,493.0,45,2034-03-16
4094,Producto_4094,Deportes,705.14,74,2034-03-17
4095,Producto_4095,Hogar,518.09,81,2034-03-18
4096,Producto_4096,Electrónica,873.39,67,2034-03-19
4097,Producto_4097,Electrónica,296.05,22,2034-03-20
4098,Producto_4098,Hogar,95.39,78,2034-03-21
4099,Producto_4099,Hogar,937.2,91,2034-03-22
4100,Producto_4100,Hogar,384.41,42,2034-03-23
4101,Producto_4101,Hogar,580.64,20,2034-03-24
4102,Producto_4102,Hogar,794.08,48,2034-03-25
4103,Producto_4103,Electrónica,331.07,18,2034-03-26
4104,Producto_4104,Hogar,719.0,77,2034-03-27
4105,Producto_4105,Electrónica,144.06,70,2034-03-28
4106,Producto_4106,Electrónica,298.38,74,2034-03-29
4107,Producto_4107,Hogar,153.26,93,2034-03-30
4108,Producto_4108,Hogar,813.12,6,2034-03-31
4109,Producto_4109,Ropa,230.42,39,2034-04-01
4110,Producto_4110,Electrónica,720.23,11,2034-04-02
4111,Producto_4111,Hogar,943.87,25,2034-04-03
4112,Producto_4112,Hogar,532.49,94,2034-04-04
4113,Producto_4113,Hogar,544.63,55,2034-04-05
4114,Producto_4114,Ropa,466.42,84,2034-04-06
4115,Producto_4115,Ropa,332.63,58,2034-04-07
4116,Producto_4116,Deportes,480.9,37,2034-04-08
4117,Producto_4117,Electrónica,606.78,16,2034-04-09
4118,Producto_4118,Deportes,986.13,95,2034-04-10
4119,Producto_4119,Hogar,938.39,93,2034-04-11
4120,Producto_4120,Ropa,863.53,70,2034-04-12
4121,Producto_4121,Ropa,890.24,93,2034-04-13
4122,Producto_4122,Deportes,473.17,96,2034-04-14
4123,Producto_4123,Ropa,660.87,73,2034-04-15
4124,Producto_4124,Hogar,896.12,37,2034-04-16
4125,Producto_4125,Ropa,399.02,53,2034-04-17
4126,Producto_4126,Deportes,962.14,87,2034-04-18
4127,Producto_4127,Hogar,421.63,16,2034-04-19
4128,Producto_4128,Deportes,605.07,18,2034-04-20
4129,Producto_4129,Ropa,712.71,19,2034-04-21
4130,Producto_4130,Deportes,951.09,44,2034-04-22
4131,Producto_4131,Deportes,252.17,2,2034-04-23
4132,Producto_4132,Electrónica,748.67,58,2034-04-24
4133,Producto_4133,Ropa,525.61,10,2034-04-25
4134,Producto_4134,Ropa,275.87,76,2034-04-26
4135,Producto_4135,Deportes,778.84,46,2034-04-27
4136,Producto_4136,Electrónica,556.7,82,2034-04-28
4137,Producto_4137,Ropa,664.36,19,2034-04-29
4138,Producto_4138,Hogar,329.67,38,2034-04-30
4139,Producto_4139,Deportes,486.46,37,2034-05-01
4140,Producto_4140,Ropa,621.18,91,2034-05-02
4141,Producto_4141,Hogar,410.86,78,2034-05-03
4142,Producto_4142,Ropa,206.39,45,2034-05-04
4143,Producto_4143,Hogar,962.02,34,2034-05-05
4144,Producto_4144,Deportes,516.35,2,2034-05-06
4145,Producto_4145,Ropa,736.58,44,2034-05-07
4146,Producto_4146,Ropa,416.94,97,2034-05-08
4147,Producto_4147,Electrónica,361.58,83,2034-05-09
4148,Producto_4148,Deportes,413.09,27,2034-05-10
4149,Producto_4149,Hogar,415.1,48,2034-05-11
4150,Producto_4150,Ropa,548.74,94,2034-05-12
4151,Producto_4151,Ropa,548.04,7,2034-05-13
4152,Producto_4152,Hogar,502.18,27,2034-05-14
4153,Producto_4153,Deportes,143.44,85,2034-05-15
4154,Producto_4154,Electrónica,501.11,71,2034-05-16
4155,Producto_4155,Electrónica,177.41,89,2034-05-17
4156,Producto_4156,Ropa,134.87,18,2034-05-18
4157,Producto_4157,Hogar,933.32,33,2034-05-19
4158,Producto_4158,Ropa,608.9,33,2034-05-20
4159,Producto_4159,Hogar,662.9,96,2034-05-21
4160,Producto_4160,Electrónica,407.78,25,2034-05-22
4161,Producto_4161,Deportes,909.89,14,2034-05-23
4162,Producto_4162,Hogar,641.55,38,2034-05-24
4163,Producto_4163,Electrónica,771.48,38,2034-05-25
4164,Producto_4164,Ropa,374.88,4,2034-05-26
4165,Producto_4165,Hogar,960.41,62,2034-05-27
4166,Producto_4166,Deportes,822.26,82,2034-05-28
4167,Producto_4167,Ropa,855.41,10,2034-05-29
4168,Producto_4168,Ropa,180.47,35,2034-05-30
4169,Producto_4169,Electrónica,278.25,99,2034-05-31
4170,Producto_4170,Hogar,292.77,23,2034-06-01
4171,Producto_4171,Ropa,278.2,89,2034-06-02
4172,Producto_4172,Deportes,856.85,65,2034-06-03
4173,Producto_4173,Hogar,41.57,82,2034-06-04
4174,Producto_4174,Deportes,85.34,79,2034-06-05
4175,Producto_4175,Ropa,281.18,25,2034-06-06
4176,Producto_4176,Deportes,207.87,96,2034-06-07
4177,Producto_4177,Electrónica,239.54,53,2034-06-08
4178,Producto_4178,Deportes,799.96,84,2034-06-09
4179,Producto_4179,Hogar,567.5,17,2034-06-10
4180,Producto_4180,Deportes,15.71,57,2034-06-11
4181,Producto_4181,Deportes,435.03,75,2034-06-12
4182,Producto_4182,Electrónica,413.81,77,2034-06-13
4183,Producto_4183,Deportes,122.81,89,2034-06-14
4184,Producto_4184,Deportes,679.38,20,2034-06-15
4185,Producto_4185,Ropa,705.08,25,2034-06-16
4186,Producto_4186,Ropa,723.68,42,2034-06-17
4187,Producto_4187,Hogar,731.19,45,2034-06-18
4188,Producto_4188,Ropa,10.05,31,2034-06-19
4189,Producto_4189,Ropa,954.38,65,2034-06-20
4190,Producto_4190,Ropa,816.07,52,2034-06-21
4191,Producto_4191,Ropa,904.94,80,2034-06-22
4192,Producto_4192,Electrónica,25.49,92,2034-06-23
4193,Producto_4193,Ropa,934.52,21,2034-06-24
4194,Producto_4194,Electrónica,811.69,30,2034-06-25
4195,Producto_4195,Electrónica,838.85,3,2034-06-26
4196,Producto_4196,Ropa,102.35,98,2034-06-27
4197,Producto_4197,Deportes,741.39,70,2034-06-28
4198,Producto_4198,Electrónica,960.32,43,2034-06-29
4199,Producto_4199,Deportes,681.76,29,2034-06-30
4200,Producto_4200,Deportes,574.86,3,2034-07-01
4201,Producto_4201,Ropa,946.17,58,2034-07-02
4202,Producto_4202,Hogar,448.51,33,2034-07-03
4203,Producto_4203,Ropa,603.3,75,2034-07-04
4204,Producto_4204,Hogar,481.57,45,2034-07-05
4205,Producto_4205,Hogar,933.52,69,2034-07-06
4206,Producto_4206,Ropa,85.32,32,2034-07-07
4207,Producto_4207,Ropa,506.11,82,2034-07-08
4208,Producto_4208,Hogar,690.08,84,2034-07-09
4209,Producto_4209,Ropa,793.99,52,2034-07-10
4210,Producto_4210,Hogar,587.19,64,2034-07-11
4211,Producto_4211,Deportes,909.83,40,2034-07-12
4212,Producto_4212,Ropa,942.57,92,2034-07-13
4213,Producto_4213,Deportes,73.68,13,2034-07-14
4214,Producto_4214,Electrónica,408.35,90,2034-07-15
4215,Producto_4215,Deportes,33.22,80,2034-07-16
4216,Producto_4216,Deportes,336.12,89,2034-07-17
4217,Producto_4217,Hogar,541.5,74,2034-07-18
4218,Producto_4218,Deportes,911.69,29,2034-07-19
4219,Producto_4219,Ropa,848.09,63,2034-07-20
4220,Producto_4220,Hogar,136.22,84,2034-07-21
4221,Producto_4221,Electrónica,102.1,26,2034-07-22
4222,Producto_4222,Ropa,593.37,96,2034-07-23
4223,Producto_4223,Electrónica,536.8,59,2034-07-24
4224,Producto_4224,Deportes,273.71,49,2034-07-25
4225,Producto_4225,Ropa,900.46,53,2034-07-26
4226,Producto_4226,Ropa,928.09,88,2034-07-27
4227,Producto_4227,Electrónica,408.59,31,2034-07-28
4228,Producto_4228,Ropa,891.4,12,2034-07-29
4229,Producto_4229,Ropa,390.11,58,2034-07-30
4230,Producto_4230,Ropa,739.45,36,2034-07-31
4231,Producto_4231,Deportes,481.18,10,2034-08-01
4232,Producto_4232,Electrónica,131.36,6,2034-08-02
4233,Producto_4233,Ropa,928.65,7,2034-08-03
4234,Producto_4234,Hogar,459.56,31,2034-08-04
4235,Producto_4235,Hogar,737.14,91,2034-08-05
4236,Producto_4236,Hogar,373.5,72,2034-08-06
4237,Producto_4237,Hogar,28.69,3,2034-08-07
4238,Producto_4238,Deportes,109.53,47,2034-08-08
4239,Producto_4239,Ropa,501.26,85,2034-08-09
4240,Producto_4240,Electrónica,693.06,1,2034-08-10
4241,Producto_4241,Ropa,341.39,45,2034-08-11
4242,Producto_4242,Deportes,698.53,54,2034-08-12
4243,Producto_4243,Hogar,701.65,50,2034-08-13
4244,Producto_4244,Deportes,706.9,79,2034-08-14
4245,Producto_4245,Ropa,497.6,7,2034-08-15
4246,Producto_4246,Electrónica,915.74,63,2034-08-16
4247,Producto_4247,Deportes,494.3,15,2034-08-17
4248,Producto_4248,Electrónica,455.76,89,2034-08-18
4249,Producto_4249,Deportes,207.39,67,2034-08-19
4250,Producto_4250,Electrónica,314.58,30,2034-08-20
4251,Producto_4251,Electrónica,51.91,78,2034-08-21
4252,Producto_4252,Hogar,637.2,68,2034-08-22
4253,Producto_4253,Electrónica,256.05,36,2034-08-23
4254,Producto_4254,Hogar,311.11,67,2034-08-24
4255,Producto_4255,Ropa,773.11,5,2034-08-25
4256,Producto_4256,Ropa,333.95,25,2034-08-26
4257,Producto_4257,Hogar,249.77,95,2034-08-27
4258,Producto_4258,Hogar,177.37,11,2034-08-28
4259,Producto_4259,Deportes,777.11,72,2034-08-29
4260,Producto_4260,Deportes,138.41,90,2034-08-30
4261,Producto_4261,Deportes,459.22,66,2034-08-31
4262,Producto_4262,Ropa,511.86,28,2034-09-01
4263,Producto_4263,Deportes,690.52,60,2034-09-02
4264,Producto_4264,Electrónica,636.95,10,2034-09-03
4265,Producto_4265,Electrónica,812.61,50,2034-09-04
4266,Producto_4266,Deportes,54.3,39,2034-09-05
4267,Producto_4267,Electrónica,303.48,37,2034-09-06
4268,Producto_4268,Ropa,287.33,63,2034-09-07
4269,Producto_4269,Electrónica,154.56,61,2034-09-08
4270,Producto_4270,Ropa,296.29,85,2034-09-09
4271,Producto_4271,Hogar,316.67,92,2034-09-10
4272,Producto_4272,Hogar,526.67,38,2034-09-11
4273,Producto_4273,Hogar,667.07,33,2034-09-12
4274,Producto_4274,Hogar,387.29,75,2034-09-13
4275,Producto_4275,Electrónica,722.28,45,2034-09-14
4276,Producto_4276,Deportes,342.8,44,2034-09-15
4277,Producto_4277,Electrónica,297.38,1,2034-09-16
4278,Producto_4278,Ropa,545.78,53,2034-09-17
4279,Producto_4279,Electrónica,33.48,47,2034-09-18
4280,Producto_4280,Electrónica,88.99,33,2034-09-19
4281,Producto_4281,Ropa,423.79,67,2034-09-20
4282,Producto_4282,Hogar,943.48,90,2034-09-21
4283,Producto_4283,Hogar,724.3,15,2034-09-22
4284,Producto_4284,Hogar,97.25,14,2034-09-23
4285,Producto_4285,Deportes,847.85,23,2034-09-24
4286,Producto_4286,Ropa,734.98,54,2034-09-25
4287,Producto_4287,Ropa,614.84,8,2034-09-26
4288,Producto_4288,Electrónica,822.09,54,2034-09-27
4289,Producto_4289,Deportes,410.07,36,2034-09-28
4290,Producto_4290,Hogar,229.29,84,2034-09-29
4291,Producto_4291,Deportes,516.9,52,2034-09-30
4292,Producto_4292,Ropa,553.35,6,2034-10-01
4293,Producto_4293,Ropa,542.94,97,2034-10-02
4294,Producto_4294,Electrónica,569.42,28,2034-10-03
4295,Producto_4295,Electrónica,949.22,50,2034-10-04
4296,Producto_4296,Ropa,903.22,38,2034-10-05
4297,Producto_4297,Hogar,876.96,30,2034-10-06
4298,Producto_4298,Hogar,803.4,81,2034-10-07
4299,Producto_4299,Deportes,943.99,73,2034-10-08
4300,Producto_4300,Ropa,107.51,92,2034-10-09
4301,Producto_4301,Ropa,272.47,54,2034-10-10
4302,Producto_4302,Hogar,500.11,71,2034-10-11
4303,Producto_4303,Hogar,848.07,46,2034-10-12
4304,Producto_4304,Ropa,510.11,28,2034-10-13
4305,Producto_4305,Electrónica,750.55,17,2034-10-14
4306,Producto_4306,Ropa,147.57,48,2034-10-15
4307,Producto_4307,Ropa,259.89,44,2034-10-16
4308,Producto_4308,Hogar,734.46,60,2034-10-17
4309,Producto_4309,Hogar,173.09,60,2034-10-18
4310,Producto_4310,Electrónica,357.84,5,2034-10-19
4311,Producto_4311,Electrónica,272.22,69,2034-10-20
4312,Producto_4312,Deportes,356.36,78,2034-10-21
4313,Producto_4313,Ropa,711.24,70,2034-10-22
4314,Producto_4314,Hogar,374.17,7,2034-10-23
4315,Producto_4315,Electrónica,559.71,53,2034-10-24
4316,Producto_4316,Deportes,108.93,17,2034-10-25
4317,Producto_4317,Deportes,806.97,59,2034-10-26
4318,Producto_4318,Hogar,376.19,9,2034-10-27
4319,Producto_4319,Hogar,652.05,95,2034-10-28
4320,Producto_4320,Deportes,728.14,22,2034-10-29
4321,Producto_4321,Electrónica,217.56,45,2034-10-30
4322,Producto_4322,Deportes,885.83,73,2034-10-31
4323,Producto_4323,Ropa,620.06,59,2034-11-01
4324,Producto_4324,Ropa,434.44,80,2034-11-02
4325,Producto_4325,Hogar,190.51,98,2034-11-03
4326,Producto_4326,Electrónica,942.88,13,2034-11-04
4327,Producto_4327,Electrónica,757.52,83,2034-11-05
4328,Producto_4328,Ropa,215.94,12,2034-11-06
4329,Producto_4329,Deportes,344.33,36,2034-11-07
4330,Producto_4330,Hogar,811.58,10,2034-11-08
4331,Producto_4331,Deportes,698.72,16,2034-11-09
4332,Producto_4332,Deportes,768.13,92,2034-11-10
4333,Producto_4333,Deportes,446.79,19,2034-11-11
4334,Producto_4334,Electrónica,719.31,6,2034-11-12
4335,Producto_4335,Ropa,392.63,4,2034-11-13
4336,Producto_4336,Electrónica,219.15,30,2034-11-14
4337,Producto_4337,Ropa,636.35,95,2034-11-15
4338,Producto_4338,Hogar,976.25,46,2034-11-16
4339,Producto_4339,Hogar,317.49,27,2034-11-17
4340,Producto_4340,Deportes,466.36,45,2034-11-18
4341,Producto_4341,Ropa,677.26,85,2034-11-19
4342,Producto_4342,Ropa,546.09,37,2034-11-20
4343,Producto_4343,Ropa,844.99,9,2034-11-21
4344,Producto_4344,Deportes,764.13,61,2034-11-22
4345,Producto_4345,Deportes,67.71,35,2034-11-23
4346,Producto_4346,Hogar,998.44,47,2034-11-24
4347,Producto_4347,Electrónica,754.88,21,2034-11-25
4348,Producto_4348,Ropa,865.26,17,2034-11-26
4349,Producto_4349,Ropa,654.69,55,2034-11-27
4350,Producto_4350,Electrónica,857.72,88,2034-11-28
4351,Producto_4351,Ropa,121.26,95,2034-11-29
4352,Producto_4352,Deportes,354.26,6,2034-11-30
4353,Producto_4353,Deportes,877.66,35,2034-12-01
4354,Producto_4354,Ropa,209.64,50,2034-12-02
4355,Producto_4355,Deportes,87.46,37,2034-12-03
4356,Producto_4356,Deportes,790.24,13,2034-12-04
4357,Producto_4357,Ropa,837.13,25,2034-12-05
4358,Producto_4358,Hogar,171.03,96,2034-12-06
4359,Producto_4359,Electrónica,855.8,1,2034-12-07
4360,Producto_4360,Deportes,689.9,49,2034-12-08
4361,Producto_4361,Hogar,524.88,35,2034-12-09
4362,Producto_4362,Deportes,831.95,83,2034-12-10
4363,Producto_4363,Deportes,425.06,53,2034-12-11
4364,Producto_4364,Electrónica,202.05,52,2034-12-12
4365,Producto_4365,Deportes,292.0,54,2034-12-13
4366,Producto_4366,Electrónica,510.11,76,2034-12-14
4367,Producto_4367,Electrónica,536.02,47,2034-12-15
4368,Producto_4368,Electrónica,807.53,43,2034-12-16
4369,Producto_4369,Hogar,793.44,20,2034-12-17
4370,Producto_4370,Ropa,585.55,33,2034-12-18
4371,Producto_4371,Hogar,782.98,93,2034-12-19
4372,Producto_4372,Ropa,199.86,16,2034-12-20
4373,Producto_4373,Ropa,59.56,78,2034-12-21
4374,Producto_4374,Electrónica,874.9,7,2034-12-22
4375,Producto_4375,Deportes,84.8,70,2034-12-23
4376,Producto_4376,Electrónica,254.22,21,2034-12-24
4377,Producto_4377,Deportes,698.37,36,2034-12-25
4378,Producto_4378,Ropa,415.35,86,2034-12-26
4379,Producto_4379,Electrónica,877.55,54,2034-12-27
4380,Producto_4380,Deportes,305.0,19,2034-12-28
4381,Producto_4381,Hogar,21.75,25,2034-12-29
4382,Producto_4382,Deportes,307.65,67,2034-12-30
4383,Producto_4383,Electrónica,582.29,53,2034-12-31
4384,Producto_4384,Hogar,382.18,98,2035-01-01
4385,Producto_4385,Deportes,539.52,75,2035-01-02
4386,Producto_4386,Deportes,877.83,48,2035-01-03
4387,Producto_4387,Deportes,913.36,42,2035-01-04
4388,Producto_4388,Deportes,273.31,47,2035-01-05
4389,Producto_4389,Deportes,467.52,91,2035-01-06
4390,Producto_4390,Hogar,553.65,42,2035-01-07
4391,Producto_4391,Ropa,949.62,2,2035-01-08
4392,Producto_4392,Hogar,998.63,6,2035-01-09
4393,Producto_4393,Hogar,243.05,46,2035-01-10
4394,Producto_4394,Hogar,729.71,66,2035-01-11
4395,Producto_4395,Ropa,384.25,81,2035-01-12
4396,Producto_4396,Electrónica,18.03,40,2035-01-13
4397,Producto_4397,Ropa,19.16,58,2035-01-14
4398,Producto_4398,Hogar,465.96,78,2035-01-15
4399,Producto_4399,Deportes,493.45,74,2035-01-16
4400,Producto_4400,Deportes,32.34,33,2035-01-17
4401,Producto_4401,Hogar,690.06,62,2035-01-18
4402,Producto_4402,Deportes,301.06,12,2035-01-19
4403,Producto_4403,Hogar,564.29,96,2035-01-20
4404,Producto_4404,Deportes,307.91,49,2035-01-21
4405,Producto_4405,Ropa,175.46,88,2035-01-22
4406,Producto_4406,Electrónica,413.1,78,2035-01-23
4407,Producto_4407,Electrónica,239.95,5,2035-01-24
4408,Producto_4408,Ropa,539.45,51,2035-01-25
4409,Producto_4409,Ropa,206.84,69,2035-01-26
4410,Producto_4410,Hogar,513.32,32,2035-01-27
4411,Producto_4411,Hogar,165.8,49,2035-01-28
4412,Producto_4412,Hogar,674.26,97,2035-01-29
4413,Producto_4413,Deportes,756.4,60,2035-01-30
4414,Producto_4414,Hogar,119.29,46,2035-01-31
4415,Producto_4415,Ropa,473.12,68,2035-02-01
4416,Producto_4416,Electrónica,80.16,94,2035-02-02
4417,Producto_4417,Deportes,602.2,41,2035-02-03
4418,Producto_4418,Hogar,271.76,81,2035-02-04
4419,Producto_4419,Deportes,532.35,67,2035-02-05
4420,Producto_4420,Deportes,522.29,13,2035-02-06
4421,Producto_4421,Hogar,925.11,18,2035-02-07
4422,Producto_4422,Deportes,553.59,87,2035-02-08
4423,Producto_4423,Electrónica,587.17,99,2035-02-09
4424,Producto_4424,Ropa,407.64,97,2035-02-10
4425,Producto_4425,Ropa,949.59,51,2035-02-11
4426,Producto_4426,Electrónica,779.41,36,2035-02-12
4427,Producto_4427,Deportes,292.55,81,2035-02-13
4428,Producto_4428,Hogar,845.77,34,2035-02-14
4429,Producto_4429,Deportes,438.07,12,2035-02-15
4430,Producto_4430,Electrónica,830.38,5,2035-02-16
4431,Producto_4431,Deportes,824.66,48,2035-02-17
4432,Producto_4432,Ropa,196.98,91,2035-02-18
4433,Producto_4433,Deportes,704.13,40,2035-02-19
4434,Producto_4434,Electrónica,297.74,13,2035-02-20
4435,Producto_4435,Ropa,304.52,26,2035-02-21
4436,Producto_4436,Deportes,303.38,14,2035-02-22
4437,Producto_4437,Deportes,728.31,96,2035-02-23
4438,Producto_4438,Ropa,237.53,11,2035-02-24
4439,Producto_4439,Hogar,10.9,38,2035-02-25
4440,Producto_4440,Ropa,718.08,80,2035-02-26
4441,Producto_4441,Hogar,179.47,57,2035-02-27
4442,Producto_4442,Electrónica,113.44,22,2035-02-28
4443,Producto_4443,Electrónica,245.14,16,2035-03-01
4444,Producto_4444,Ropa,386.1,77,2035-03-02
4445,Producto_4445,Ropa,481.15,76,2035-03-03
4446,Producto_4446,Electrónica,54.12,82,2035-03-04
4447,Producto_4447,Hogar,970.87,29,2035-03-05
4448,Producto_4448,Electrónica,718.9,82,2035-03-06
4449,Producto_4449,Ropa,329.96,2,2035-03-07
4450,Producto_4450,Electrónica,325.51,54,2035-03-08
4451,Producto_4451,Ropa,454.06,2,2035-03-09
4452,Producto_4452,Ropa,629.98,3,2035-03-10
4453,Producto_4453,Electrónica,154.91,93,2035-03-11
4454,Producto_4454,Hogar,197.04,56,2035-03-12
4455,Producto_4455,Deportes,860.84,72,2035-03-13
4456,Producto_4456,Electrónica,263.69,11,2035-03-14
4457,Producto_4457,Deportes,386.39,76,2035-03-15
4458,Producto_4458,Electrónica,872.56,32,2035-03-16
4459,Producto_4459,Deportes,666.52,4,2035-03-17
4460,Producto_4460,Hogar,348.29,9,2035-03-18
4461,Producto_4461,Hogar,686.86,88,2035-03-19
4462,Producto_4462,Electrónica,29.49,56,2035-03-20
4463,Producto_4463,Ropa,738.29,16,2035-03-21
4464,Producto_4464,Deportes,492.15,81,2035-03-22
4465,Producto_4465,Ropa,815.05,86,2035-03-23
4466,Producto_4466,Ropa,955.09,71,2035-03-24
4467,Producto_4467,Ropa,926.53,10,2035-03-25
4468,Producto_4468,Hogar,910.17,93,2035-03-26
4469,Producto_4469,Electrónica,517.05,36,2035-03-27
4470,Producto_4470,Electrónica,366.54,24,2035-03-28
4471,Producto_4471,Hogar,470.38,64,2035-03-29
4472,Producto_4472,Hogar,693.0,56,2035-03-30
4473,Producto_4473,Electrónica,885.16,78,2035-03-31
4474,Producto_4474,Ropa,214.92,78,2035-04-01
4475,Producto_4475,Deportes,919.01,89,2035-04-02
4476,Producto_4476,Deportes,817.03,22,2035-04-03
4477,Producto_4477,Deportes,979.07,52,2035-04-04
4478,Producto_4478,Ropa,881.45,50,2035-04-05
4479,Producto_4479,Electrónica,287.14,47,2035-04-06
4480,Producto_4480,Hogar,114.9,23,2035-04-07
4481,Producto_4481,Electrónica,121.12,96,2035-04-08
4482,Producto_4482,Ropa,298.31,90,2035-04-09
4483,Producto_4483,Hogar,618.04,91,2035-04-10
4484,Producto_4484,Ropa,806.28,76,2035-04-11
4485,Producto_4485,Deportes,900.26,83,2035-04-12
4486,Producto_4486,Deportes,627.52,19,2035-04-13
4487,Producto_4487,Ropa,15.57,52,2035-04-14
4488,Producto_4488,Hogar,194.45,34,2035-04-15
4489,Producto_4489,Hogar,108.73,96,2035-04-16
4490,Producto_4490,Electrónica,369.69,29,2035-04-17
4491,Producto_4491,Deportes,506.34,61,2035-04-18
4492,Producto_4492,Electrónica,52.96,85,2035-04-19
4493,Producto_4493,Electrónica,354.99,35,2035-04-20
4494,Producto_4494,Ropa,187.39,5,2035-04-21
4495,Producto_4495,Ropa,650.6,76,2035-04-22
4496,Producto_4496,Electrónica,469.63,7,2035-04-23
4497,Producto_4497,Deportes,500.36,41,2035-04-24
4498,Producto_4498,Ropa,433.41,2,2035-04-25
4499,Producto_4499,Electrónica,956.46,89,2035-04-26
4500,Producto_4500,Electrónica,222.59,10,2035-04-27
4501,Producto_4501,Electrónica,521.5,44,2035-04-28
4502,Producto_4502,Electrónica,738.66,70,2035-04-29
4503,Producto_4503,Electrónica,561.28,91,2035-04-30
4504,Producto_4504,Electrónica,929.73,35,2035-05-01
4505,Producto_4505,Ropa,384.19,62,2035-05-02
4506,Producto_4506,Deportes,469.04,74,2035-05-03
4507,Producto_4507,Electrónica,97.64,73,2035-05-04
4508,Producto_4508,Hogar,612.91,20,2035-05-05
4509,Producto_4509,Ropa,295.33,35,2035-05-06
4510,Producto_4510,Ropa,168.71,37,2035-05-07
4511,Producto_4511,Electrónica,549.09,72,2035-05-08
4512,Producto_4512,Ropa,536.99,54,2035-05-09
4513,Producto_4513,Electrónica,85.11,95,2035-05-10
4514,Producto_4514,Deportes,701.23,80,2035-05-11
4515,Producto_4515,Deportes,627.53,28,2035-05-12
4516,Producto_4516,Ropa,197.13,70,2035-05-13
4517,Producto_4517,Ropa,474.74,32,2035-05-14
4518,Producto_4518,Hogar,723.12,92,2035-05-15
4519,Producto_4519,Ropa,534.14,11,2035-05-16
4520,Producto_4520,Hogar,401.53,42,2035-05-17
4521,Producto_4521,Deportes,329.12,23,2035-05-18
4522,Producto_4522,Deportes,614.29,30,2035-05-19
4523,Producto_4523,Electrónica,939.72,9,2035-05-20
4524,Producto_4524,Deportes,675.03,92,2035-05-21
4525,Producto_4525,Hogar,84.0,88,2035-05-22
4526,Producto_4526,Ropa,466.08,59,2035-05-23
4527,Producto_4527,Electrónica,891.92,28,2035-05-24
4528,Producto_4528,Hogar,103.52,88,2035-05-25
4529,Producto_4529,Ropa,988.99,79,2035-05-26
4530,Producto_4530,Electrónica,949.58,33,2035-05-27
4531,Producto_4531,Deportes,87.49,47,2035-05-28
4532,Producto_4532,Hogar,934.08,98,2035-05-29
4533,Producto_4533,Ropa,369.5,22,2035-05-30
4534,Producto_4534,Electrónica,846.26,29,2035-05-31
4535,Producto_4535,Electrónica,424.2,34,2035-06-01
4536,Producto_4536,Deportes,446.45,42,2035-06-02
4537,Producto_4537,Ropa,637.9,52,2035-06-03
4538,Producto_4538,Deportes,776.73,47,2035-06-04
4539,Producto_4539,Deportes,43.45,74,2035-06-05
4540,Producto_4540,Ropa,597.22,51,2035-06-06
4541,Producto_4541,Ropa,194.87,45,2035-06-07
4542,Producto_4542,Ropa,352.49,94,2035-06-08
4543,Producto_4543,Hogar,354.49,75,2035-06-09
4544,Producto_4544,Ropa,474.37,34,2035-06-10
4545,Producto_4545,Electrónica,340.8,21,2035-06-11
4546,Producto_4546,Deportes,116.29,13,2035-06-12
4547,Producto_4547,Hogar,154.17,54,2035-06-13
4548,Producto_4548,Ropa,43.1,25,2035-06-14
4549,Producto_4549,Hogar,475.55,21,2035-06-15
4550,Producto_4550,Ropa,954.9,1,2035-06-16
4551,Producto_4551,Hogar,124.52,58,2035-06-17
4552,Producto_4552,Deportes,946.8,69,2035-06-18
4553,Producto_4553,Deportes,736.03,86,2035-06-19
4554,Producto_4554,Electrónica,641.12,71,2035-06-20
4555,Producto_4555,Electrónica,648.82,13,2035-06-21
4556,Producto_4556,Ropa,828.46,52,2035-06-22
4557,Producto_4557,Deportes,115.85,23,2035-06-23
4558,Producto_4558,Hogar,509.71,21,2035-06-24
4559,Producto_4559,Hogar,700.12,6,2035-06-25
4560,Producto_4560,Hogar,590.95,20,2035-06-26
4561,Producto_4561,Electrónica,834.45,76,2035-06-27
4562,Producto_4562,Hogar,81.55,40,2035-06-28
4563,Producto_4563,Electrónica,693.79,9,2035-06-29
4564,Producto_4564,Electrónica,538.69,50,2035-06-30
4565,Producto_4565,Ropa,385.37,28,2035-07-01
4566,Producto_4566,Hogar,346.87,11,2035-07-02
4567,Producto_4567,Hogar,624.62,96,2035-07-03
4568,Producto_4568,Deportes,892.09,75,2035-07-04
4569,Producto_4569,Ropa,501.21,88,2035-07-05
4570,Producto_4570,Deportes,826.48,56,2035-07-06
4571,Producto_4571,Ropa,408.13,79,2035-07-07
4572,Producto_4572,Hogar,111.37,35,2035-07-08
4573,Producto_4573,Electrónica,70.89,81,2035-07-09
4574,Producto_4574,Electrónica,60.82,25,2035-07-10
4575,Producto_4575,Electrónica,386.35,99,2035-07-11
4576,Producto_4576,Electrónica,343.87,19,2035-07-12
4577,Producto_4577,Electrónica,720.76,31,2035-07-13
4578,Producto_4578,Deportes,745.39,81,2035-07-14
4579,Producto_4579,Ropa,60.35,50,2035-07-15
4580,Producto_4580,Hogar,228.91,87,2035-07-16
4581,Producto_4581,Deportes,281.52,63,2035-07-17
4582,Producto_4582,Ropa,552.14,47,2035-07-18
4583,Producto_4583,Electrónica,153.07,1,2035-07-19
4584,Producto_4584,Ropa,142.6,58,2035-07-20
4585,Producto_4585,Ropa,944.35,10,2035-07-21
4586,Producto_4586,Electrónica,806.16,8,2035-07-22
4587,Producto_4587,Electrónica,188.85,26,2035-07-23
4588,Producto_4588,Electrónica,412.5,34,2035-07-24
4589,Producto_4589,Hogar,362.07,19,2035-07-25
4590,Producto_4590,Electrónica,793.09,78,2035-07-26
4591,Producto_4591,Hogar,515.11,72,2035-07-27
4592,Producto_4592,Electrónica,136.57,1,2035-07-28
4593,Producto_4593,Hogar,741.6,48,2035-07-29
4594,Producto_4594,Ropa,402.92,25,2035-07-30
4595,Producto_4595,Deportes,270.3,24,2035-07-31
4596,Producto_4596,Ropa,381.74,47,2035-08-01
4597,Producto_4597,Ropa,502.78,84,2035-08-02
4598,Producto_4598,Electrónica,349.68,94,2035-08-03
4599,Producto_4599,Hogar,249.49,69,2035-08-04
4600,Producto_4600,Deportes,404.52,67,2035-08-05
4601,Producto_4601,Electrónica,28.98,32,2035-08-06
4602,Producto_4602,Electrónica,774.77,17,2035-08-07
4603,Producto_4603,Electrónica,179.24,61,2035-08-08
4604,Producto_4604,Ropa,53.47,69,2035-08-09
4605,Producto_4605,Hogar,657.16,11,2035-08-10
4606,Producto_4606,Hogar,776.2,38,2035-08-11
4607,Producto_4607,Deportes,815.69,68,2035-08-12
4608,Producto_4608,Hogar,498.57,19,2035-08-13
4609,Producto_4609,Hogar,213.31,87,2035-08-14
4610,Producto_4610,Electrónica,739.86,17,2035-08-15
4611,Producto_4611,Electrónica,702.72,13,2035-08-16
4612,Producto_4612,Ropa,253.81,91,2035-08-17
4613,Producto_4613,Electrónica,904.37,1,2035-08-18
4614,Producto_4614,Electrónica,113.33,2,2035-08-19
4615,Producto_4615,Electrónica,982.86,82,2035-08-20
4616,Producto_4616,Electrónica,861.65,97,2035-08-21
4617,Producto_4617,Ropa,691.02,66,2035-08-22
4618,Producto_4618,Electrónica,939.36,68,2035-08-23
4619,Producto_4619,Deportes,725.09,16,2035-08-24
4620,Producto_4620,Deportes,198.55,4,2035-08-25
4621,Producto_4621,Deportes,447.73,57,2035-08-26
4622,Producto_4622,Deportes,80.79,73,2035-08-27
4623,Producto_4623,Electrónica,395.76,85,2035-08-28
4624,Producto_4624,Deportes,744.19,23,2035-08-29
4625,Producto_4625,Electrónica,392.58,2,2035-08-30
4626,Producto_4626,Ropa,336.99,67,2035-08-31
4627,Producto_4627,Deportes,599.4,87,2035-09-01
4628,Producto_4628,Hogar,873.48,26,2035-09-02
4629,Producto_4629,Deportes,57.11,7,2035-09-03
4630,Producto_4630,Deportes,391.62,44,2035-09-04
4631,Producto_4631,Electrónica,166.66,33,2035-09-05
4632,Producto_4632,Deportes,698.4,64,2035-09-06
4633,Producto_4633,Hogar,114.67,36,2035-09-07
4634,Producto_4634,Electrónica,668.16,4,2035-09-08
4635,Producto_4635,Electrónica,293.32,23,2035-09-09
4636,Producto_4636,Ropa,206.93,25,2035-09-10
4637,Producto_4637,Ropa,936.99,90,2035-09-11
4638,Producto_4638,Deportes,28.34,92,2035-09-12
4639,Producto_4639,Ropa,443.4,92,2035-09-13
4640,Producto_4640,Ropa,31.41,85,2035-09-14
4641,Producto_4641,Ropa,488.76,74,2035-09-15
4642,Producto_4642,Electrónica,506.04,27,2035-09-16
4643,Producto_4643,Electrónica,328.45,51,2035-09-17
4644,Producto_4644,Electrónica,140.84,79,2035-09-18
4645,Producto_4645,Ropa,382.62,81,2035-09-19
4646,Producto_4646,Electrónica,675.54,99,2035-09-20
4647,Producto_4647,Ropa,784.57,69,2035-09-21
4648,Producto_4648,Electrónica,535.44,80,2035-09-22
4649,Producto_4649,Electrónica,593.94,23,2035-09-23
4650,Producto_4650,Hogar,208.61,9,2035-09-24
4651,Producto_4651,Deportes,294.46,33,2035-09-25
4652,Producto_4652,Ropa,170.28,35,2035-09-26
4653,Producto_4653,Hogar,256.8,50,2035-09-27
4654,Producto_4654,Electrónica,232.64,24,2035-09-28
4655,Producto_4655,Ropa,524.25,88,2035-09-29
4656,Producto_4656,Electrónica,567.06,24,2035-09-30
4657,Producto_4657,Deportes,945.5,19,2035-10-01
4658,Producto_4658,Hogar,203.61,39,2035-10-02
4659,Producto_4659,Deportes,645.26,61,2035-10-03
4660,Producto_4660,Hogar,819.09,25,2035-10-04
4661,Producto_4661,Electrónica,564.64,95,2035-10-05
4662,Producto_4662,Deportes,262.45,25,2035-10-06
4663,Producto_4663,Deportes,269.92,27,2035-10-07
4664,Producto_4664,Electrónica,48.86,32,2035-10-08
4665,Producto_4665,Deportes,312.39,11,2035-10-09
4666,Producto_4666,Ropa,747.16,69,2035-10-10
4667,Producto_4667,Hogar,57.04,33,2035-10-11
4668,Producto_4668,Hogar,227.1,19,2035-10-12
4669,Producto_4669,Hogar,709.17,16,2035-10-13
4670,Producto_4670,Ropa,784.83,99,2035-10-14
4671,Producto_4671,Hogar,460.77,11,2035-10-15
4672,Producto_4672,Electrónica,701.09,75,2035-10-16
4673,Producto_4673,Deportes,394.07,74,2035-10-17
4674,Producto_4674,Ropa,168.31,98,2035-10-18
4675,Producto_4675,Hogar,404.17,69,2035-10-19
4676,Producto_4676,Electrónica,584.17,87,2035-10-20
4677,Producto_4677,Deportes,948.57,55,2035-10-21
4678,Producto_4678,Deportes,78.06,25,2035-10-22
4679,Producto_4679,Ropa,512.32,93,2035-10-23
4680,Producto_4680,Ropa,335.63,77,2035-10-24
4681,Producto_4681,Ropa,513.23,96,2035-10-25
4682,Producto_4682,Electrónica,33.74,34,2035-10-26
4683,Producto_4683,Electrónica,319.9,12,2035-10-27
4684,Producto_4684,Ropa,821.67,88,2035-10-28
4685,Producto_4685,Hogar,558.4,21,2035-10-29
4686,Producto_4686,Deportes,456.08,29,2035-10-30
4687,Producto_4687,Deportes,292.67,51,2035-10-31
4688,Producto_4688,Electrónica,305.06,23,2035-11-01
4689,Producto_4689,Deportes,389.27,33,2035-11-02
4690,Producto_4690,Hogar,837.22,8,2035-11-03
4691,Producto_4691,Deportes,967.54,42,2035-11-04
4692,Producto_4692,Electrónica,444.27,77,2035-11-05
4693,Producto_4693,Electrónica,399.42,69,2035-11-06
4694,Producto_4694,Hogar,848.09,41,2035-11-07
4695,Producto_4695,Hogar,432.64,74,2035-11-08
4696,Producto_4696,Deportes,556.5,63,2035-11-09
4697,Producto_4697,Deportes,238.63,14,2035-11-10
4698,Producto_4698,Electrónica,746.07,88,2035-11-11
4699,Producto_4699,Hogar,536.67,62,2035-11-12
4700,Producto_4700,Hogar,810.94,75,2035-11-13
4701,Producto_4701,Hogar,782.93,46,2035-11-14
4702,Producto_4702,Deportes,222.85,67,2035-11-15
4703,Producto_4703,Hogar,718.48,93,2035-11-16
4704,Producto_4704,Electrónica,802.05,53,2035-11-17
4705,Producto_4705,Electrónica,352.65,52,2035-11-18
4706,Producto_4706,Deportes,180.88,94,2035-11-19
4707,Producto_4707,Ropa,12.61,7,2035-11-20
4708,Producto_4708,Deportes,456.39,81,2035-11-21
4709,Producto_4709,Ropa,358.91,84,2035-11-22
4710,Producto_4710,Hogar,559.36,54,2035-11-23
4711,Producto_4711,Deportes,196.16,11,2035-11-24
4712,Producto_4712,Electrónica,861.07,25,2035-11-25
4713,Producto_4713,Hogar,265.18,59,2035-11-26
4714,Producto_4714,Electrónica,234.17,88,2035-11-27
4715,Producto_4715,Hogar,485.91,66,2035-11-28
4716,Producto_4716,Deportes,503.86,27,2035-11-29
4717,Producto_4717,Ropa,222.93,83,2035-11-30
4718,Producto_4718,Hogar,279.14,58,2035-12-01
4719,Producto_4719,Ropa,178.01,93,2035-12-02
4720,Producto_4720,Hogar,721.28,11,2035-12-03
4721,Producto_4721,Electrónica,772.39,55,2035-12-04
4722,Producto_4722,Electrónica,467.71,19,2035-12-05
4723,Producto_4723,Hogar,716.95,92,2035-12-06
4724,Producto_4724,Ropa,738.58,39,2035-12-07
4725,Producto_4725,Deportes,146.89,85,2035-12-08
4726,Producto_4726,Deportes,966.52,90,2035-12-09
4727,Producto_4727,Electrónica,822.82,86,2035-12-10
4728,Producto_4728,Deportes,212.44,70,2035-12-11
4729,Producto_4729,Electrónica,194.3,11,2035-12-12
4730,Producto_4730,Deportes,134.4,14,2035-12-13
4731,Producto_4731,Hogar,146.99,60,2035-12-14
4732,Producto_4732,Electrónica,750.68,36,2035-12-15
4733,Producto_4733,Electrónica,474.96,41,2035-12-16
4734,Producto_4734,Hogar,785.1,2,2035-12-17
4735,Producto_4735,Electrónica,748.79,57,2035-12-18
4736,Producto_4736,Deportes,608.57,60,2035-12-19
4737,Producto_4737,Deportes,689.5,20,2035-12-20
4738,Producto_4738,Electrónica,28.17,22,2035-12-21
4739,Producto_4739,Deportes,318.66,4,2035-12-22
4740,Producto_4740,Ropa,641.44,56,2035-12-23
4741,Producto_4741,Electrónica,19.25,93,2035-12-24
4742,Producto_4742,Hogar,42.65,58,2035-12-25
4743,Producto_4743,Ropa,853.37,88,2035-12-26
4744,Producto_4744,Electrónica,687.18,65,2035-12-27
4745,Producto_4745,Hogar,272.72,88,2035-12-28
4746,Producto_4746,Deportes,691.08,58,2035-12-29
4747,Producto_4747,Hogar,794.53,30,2035-12-30
4748,Producto_4748,Ropa,313.73,76,2035-12-31
4749,Producto_4749,Deportes,45.68,19,2036-01-01
4750,Producto_4750,Electrónica,933.45,62,2036-01-02
4751,Producto_4751,Deportes,351.73,68,2036-01-03
4752,Producto_4752,Electrónica,115.42,79,2036-01-04
4753,Producto_4753,Electrónica,496.94,84,2036-01-05
4754,Producto_4754,Hogar,770.78,44,2036-01-06
4755,Producto_4755,Hogar,229.43,84,2036-01-07
4756,Producto_4756,Hogar,276.8,61,2036-01-08
4757,Producto_4757,Ropa,250.29,21,2036-01-09
4758,Producto_4758,Ropa,991.76,10,2036-01-10
4759,Producto_4759,Hogar,205.43,30,2036-01-11
4760,Producto_4760,Ropa,579.77,24,2036-01-12
4761,Producto_4761,Deportes,926.01,48,2036-01-13
4762,Producto_4762,Deportes,155.43,55,2036-01-14
4763,Producto_4763,Ropa,971.15,52,2036-01-15
4764,Producto_4764,Ropa,948.0,38,2036-01-16
4765,Producto_4765,Deportes,885.73,67,2036-01-17
4766,Producto_4766,Electrónica,222.41,93,2036-01-18
4767,Producto_4767,Deportes,637.71,8,2036-01-19
4768,Producto_4768,Deportes,763.28,29,2036-01-20
4769,Producto_4769,Ropa,986.17,10,2036-01-21
4770,Producto_4770,Deportes,188.62,69,2036-01-22
4771,Producto_4771,Ropa,768.37,75,2036-01-23
4772,Producto_4772,Ropa,345.41,68,2036-01-24
4773,Producto_4773,Hogar,183.87,49,2036-01-25
4774,Producto_4774,Deportes,427.16,58,2036-01-26
4775,Producto_4775,Electrónica,795.9,35,2036-01-27
4776,Producto_4776,Hogar,470.2,50,2036-01-28
4777,Producto_4777,Ropa,542.15,40,2036-01-29
4778,Producto_4778,Ropa,995.21,12,2036-01-30
4779,Producto_4779,Electrónica,405.12,85,2036-01-31
4780,Producto_4780,Ropa,619.25,16,2036-02-01
4781,Producto_4781,Deportes,371.59,78,2036-02-02
4782,Producto_4782,Hogar,398.86,85,2036-02-03
4783,Producto_4783,Ropa,698.68,48,2036-02-04
4784,Producto_4784,Ropa,938.51,91,2036-02-05
4785,Producto_4785,Electrónica,546.94,1,2036-02-06
4786,Producto_4786,Deportes,770.72,65,2036-02-07
4787,Producto_4787,Ropa,98.31,22,2036-02-08
4788,Producto_4788,Electrónica,219.05,15,2036-02-09
4789,Producto_4789,Ropa,507.11,84,2036-02-10
4790,Producto_4790,Electrónica,29.81,67,2036-02-11
4791,Producto_4791,Electrónica,260.33,14,2036-02-12
4792,Producto_4792,Deportes,522.23,73,2036-02-13
4793,Producto_4793,Ropa,24.81,19,2036-02-14
4794,Producto_4794,Deportes,271.9,40,2036-02-15
4795,Producto_4795,Electrónica,518.89,98,2036-02-16
4796,Producto_4796,Hogar,577.42,4,2036-02-17
4797,Producto_4797,Ropa,926.49,33,2036-02-18
4798,Producto_4798,Hogar,648.89,43,2036-02-19
4799,Producto_4799,Ropa,420.59,37,2036-02-20
4800,Producto_4800,Deportes,931.05,66,2036-02-21
4801,Producto_4801,Deportes,787.03,27,2036-02-22
4802,Producto_4802,Deportes,208.01,45,2036-02-23
4803,Producto_4803,Deportes,139.53,81,2036-02-24
4804,Producto_4804,Deportes,679.05,50,2036-02-25
4805,Producto_4805,Hogar,564.28,95,2036-02-26
4806,Producto_4806,Deportes,791.78,63,2036-02-27
4807,Producto_4807,Electrónica,741.42,6,2036-02-28
4808,Producto_4808,Electrónica,628.96,95,2036-02-29
4809,Producto_4809,Hogar,986.52,67,2036-03-01
4810,Producto_4810,Ropa,538.25,67,2036-03-02
4811,Producto_4811,Electrónica,121.97,97,2036-03-03
4812,Producto_4812,Ropa,829.99,59,2036-03-04
4813,Producto_4813,Hogar,259.33,13,2036-03-05
4814,Producto_4814,Ropa,779.53,21,2036-03-06
4815,Producto_4815,Ropa,957.54,64,2036-03-07
4816,Producto_4816,Ropa,699.83,37,2036-03-08
4817,Producto_4817,Ropa,600.07,80,2036-03-09
4818,Producto_4818,Hogar,465.78,85,2036-03-10
4819,Producto_4819,Electrónica,370.77,48,2036-03-11
4820,Producto_4820,Deportes,359.47,56,2036-03-12
4821,Producto_4821,Ropa,640.01,44,2036-03-13
4822,Producto_4822,Electrónica,753.76,13,2036-03-14
4823,Producto_4823,Electrónica,681.73,4,2036-03-15
4824,Producto_4824,Hogar,206.43,95,2036-03-16
4825,Producto_4825,Electrónica,499.05,73,2036-03-17
4826,Producto_4826,Hogar,793.72,33,2036-03-18
4827,Producto_4827,Ropa,480.95,37,2036-03-19
4828,Producto_4828,Ropa,541.26,53,2036-03-20
4829,Producto_4829,Deportes,773.42,24,2036-03-21
4830,Producto_4830,Deportes,664.65,89,2036-03-22
4831,Producto_4831,Deportes,415.25,51,2036-03-23
4832,Producto_4832,Electrónica,896.46,41,2036-03-24
4833,Producto_4833,Ropa,170.94,29,2036-03-25
4834,Producto_4834,Hogar,995.56,59,2036-03-26
4835,Producto_4835,Deportes,127.66,40,2036-03-27
4836,Producto_4836,Hogar,24.8,51,2036-03-28
4837,Producto_4837,Hogar,891.12,50,2036-03-29
4838,Producto_4838,Deportes,252.5,36,2036-03-30
4839,Producto_4839,Ropa,732.4,79,2036-03-31
4840,Producto_4840,Deportes,812.91,60,2036-04-01
4841,Producto_4841,Hogar,860.4,18,2036-04-02
4842,Producto_4842,Deportes,991.68,20,2036-04-03
4843,Producto_4843,Hogar,301.1,5,2036-04-04
4844,Producto_4844,Hogar,713.14,18,2036-04-05
4845,Producto_4845,Deportes,124.25,40,2036-04-06
4846,Producto_4846,Electrónica,412.74,1,2036-04-07
4847,Producto_4847,Deportes,849.49,19,2036-04-08
4848,Producto_4848,Electrónica,373.98,87,2036-04-09
4849,Producto_4849,Hogar,595.18,26,2036-04-10
4850,Producto_4850,Hogar,508.74,29,2036-04-11
4851,Producto_4851,Electrónica,649.49,59,2036-04-12
4852,Producto_4852,Hogar,973.17,63,2036-04-13
4853,Producto_4853,Electrónica,65.18,98,2036-04-14
4854,Producto_4854,Electrónica,578.22,83,2036-04-15
4855,Producto_4855,Hogar,864.4,62,2036-04-16
4856,Producto_4856,Ropa,486.57,48,2036-04-17
4857,Producto_4857,Electrónica,87.74,62,2036-04-18
4858,Producto_4858,Deportes,564.93,18,2036-04-19
4859,Producto_4859,Deportes,338.75,66,2036-04-20
4860,Producto_4860,Hogar,163.39,27,2036-04-21
4861,Producto_4861,Ropa,850.54,6,2036-04-22
4862,Producto_4862,Hogar,526.38,70,2036-04-23
4863,Producto_4863,Ropa,933.94,59,2036-04-24
4864,Producto_4864,Electrónica,807.96,6,2036-04-25
4865,Producto_4865,Electrónica,696.04,31,2036-04-26
4866,Producto_4866,Electrónica,14.98,94,2036-04-27
4867,Producto_4867,Electrónica,433.55,56,2036-04-28
4868,Producto_4868,Deportes,205.51,54,2036-04-29
4869,Producto_4869,Deportes,911.69,85,2036-04-30
4870,Producto_4870,Hogar,182.84,41,2036-05-01
4871,Producto_4871,Ropa,293.2,18,2036-05-02
4872,Producto_4872,Electrónica,521.67,87,2036-05-03
4873,Producto_4873,Electrónica,270.73,23,2036-05-04
4874,Producto_4874,Ropa,217.77,92,2036-05-05
4875,Producto_4875,Ropa,603.11,36,2036-05-06
4876,Producto_4876,Hogar,98.04,25,2036-05-07
4877,Producto_4877,Ropa,67.59,7,2036-05-08
4878,Producto_4878,Electrónica,378.52,82,2036-05-09
4879,Producto_4879,Electrónica,723.46,20,2036-05-10
4880,Producto_4880,Electrónica,559.26,5,2036-05-11
4881,Producto_4881,Electrónica,428.65,18,2036-05-12
4882,Producto_4882,Electrónica,570.09,33,2036-05-13
4883,Producto_4883,Hogar,371.8,79,2036-05-14
4884,Producto_4884,Electrónica,936.78,35,2036-05-15
4885,Producto_4885,Hogar,64.36,65,2036-05-16
4886,Producto_4886,Electrónica,676.66,63,2036-05-17
4887,Producto_4887,Deportes,892.37,85,2036-05-18
4888,Producto_4888,Deportes,805.85,72,2036-05-19
4889,Producto_4889,Deportes,192.2,71,2036-05-20
4890,Producto_4890,Deportes,302.97,41,2036-05-21
4891,Producto_4891,Hogar,719.88,50,2036-05-22
4892,Producto_4892,Hogar,93.43,30,2036-05-23
4893,Producto_4893,Ropa,813.74,38,2036-05-24
4894,Producto_4894,Electrónica,721.72,35,2036-05-25
4895,Producto_4895,Deportes,732.31,66,2036-05-26
4896,Producto_4896,Hogar,109.24,46,2036-05-27
4897,Producto_4897,Electrónica,720.58,8,2036-05-28
4898,Producto_4898,Electrónica,683.02,68,2036-05-29
4899,Producto_4899,Hogar,832.61,37,2036-05-30
4900,Producto_4900,Deportes,51.18,85,2036-05-31
4901,Producto_4901,Ropa,32.88,13,2036-06-01
4902,Producto_4902,Electrónica,379.28,73,2036-06-02
4903,Producto_4903,Ropa,157.3,45,2036-06-03
4904,Producto_4904,Deportes,562.8,29,2036-06-04
4905,Producto_4905,Deportes,918.18,41,2036-06-05
4906,Producto_4906,Ropa,397.56,56,2036-06-06
4907,Producto_4907,Deportes,846.5,88,2036-06-07
4908,Producto_4908,Electrónica,10.24,16,2036-06-08
4909,Producto_4909,Ropa,176.83,12,2036-06-09
4910,Producto_4910,Deportes,40.12,66,2036-06-10
4911,Producto_4911,Ropa,334.87,62,2036-06-11
4912,Producto_4912,Electrónica,909.11,19,2036-06-12
4913,Producto_4913,Deportes,105.98,30,2036-06-13
4914,Producto_4914,Electrónica,610.35,16,2036-06-14
4915,Producto_4915,Deportes,456.98,88,2036-06-15
4916,Producto_4916,Hogar,939.08,13,2036-06-16
4917,Producto_4917,Deportes,131.29,69,2036-06-17
4918,Producto_4918,Ropa,219.91,23,2036-06-18
4919,Producto_4919,Deportes,39.25,62,2036-06-19
4920,Producto_4920,Electrónica,439.6,31,2036-06-20
4921,Producto_4921,Electrónica,285.05,53,2036-06-21
4922,Producto_4922,Deportes,871.21,17,2036-06-22
4923,Producto_4923,Ropa,608.89,49,2036-06-23
4924,Producto_4924,Hogar,617.95,49,2036-06-24
4925,Producto_4925,Ropa,536.59,67,2036-06-25
4926,Producto_4926,Hogar,100.93,26,2036-06-26
4927,Producto_4927,Electrónica,450.57,13,2036-06-27
4928,Producto_4928,Ropa,999.51,38,2036-06-28
4929,Producto_4929,Hogar,836.88,22,2036-06-29
4930,Producto_4930,Deportes,894.52,85,2036-06-30
4931,Producto_4931,Electrónica,824.99,29,2036-07-01
4932,Producto_4932,Deportes,112.01,45,2036-07-02
4933,Producto_4933,Electrónica,235.17,46,2036-07-03
4934,Producto_4934,Ropa,13.09,39,2036-07-04
4935,Producto_4935,Ropa,310.48,69,2036-07-05
4936,Producto_4936,Electrónica,117.52,78,2036-07-06
4937,Producto_4937,Electrónica,478.07,82,2036-07-07
4938,Producto_4938,Electrónica,680.36,68,2036-07-08
4939,Producto_4939,Ropa,875.76,97,2036-07-09
4940,Producto_4940,Hogar,751.72,39,2036-07-10
4941,Producto_4941,Deportes,939.2,20,2036-07-11
4942,Producto_4942,Deportes,63.36,77,2036-07-12
4943,Producto_4943,Ropa,22.06,68,2036-07-13
4944,Producto_4944,Deportes,664.72,35,2036-07-14
4945,Producto_4945,Electrónica,296.46,8,2036-07-15
4946,Producto_4946,Hogar,260.97,52,2036-07-16
4947,Producto_4947,Deportes,337.58,40,2036-07-17
4948,Producto_4948,Hogar,277.1,36,2036-07-18
4949,Producto_4949,Electrónica,516.32,6,2036-07-19
4950,Producto_4950,Deportes,445.75,86,2036-07-20
4951,Producto_4951,Ropa,517.3,70,2036-07-21
4952,Producto_4952,Hogar,675.99,73,2036-07-22
4953,Producto_4953,Electrónica,393.26,16,2036-07-23
4954,Producto_4954,Hogar,258.79,46,2036-07-24
4955,Producto_4955,Deportes,174.54,59,2036-07-25
4956,Producto_4956,Deportes,355.98,38,2036-07-26
4957,Producto_4957,Ropa,744.39,97,2036-07-27
4958,Producto_4958,Electrónica,759.14,18,2036-07-28
4959,Producto_4959,Electrónica,670.24,12,2036-07-29
4960,Producto_4960,Ropa,241.69,54,2036-07-30
4961,Producto_4961,Ropa,592.21,91,2036-07-31
4962,Producto_4962,Electrónica,574.98,47,2036-08-01
4963,Producto_4963,Hogar,489.42,1,2036-08-02
4964,Producto_4964,Hogar,554.48,15,2036-08-03
4965,Producto_4965,Ropa,496.87,91,2036-08-04
4966,Producto_4966,Hogar,569.8,80,2036-08-05
4967,Producto_4967,Electrónica,718.35,21,2036-08-06
4968,Producto_4968,Deportes,118.53,1,2036-08-07
4969,Producto_4969,Deportes,752.13,93,2036-08-08
4970,Producto_4970,Hogar,144.53,67,2036-08-09
4971,Producto_4971,Ropa,75.96,12,2036-08-10
4972,Producto_4972,Ropa,976.32,28,2036-08-11
4973,Producto_4973,Ropa,957.42,39,2036-08-12
4974,Producto_4974,Ropa,69.83,37,2036-08-13
4975,Producto_4975,Ropa,448.82,95,2036-08-14
4976,Producto_4976,Hogar,194.38,60,2036-08-15
4977,Producto_4977,Deportes,490.49,31,2036-08-16
4978,Producto_4978,Deportes,831.88,58,2036-08-17
4979,Producto_4979,Hogar,951.11,97,2036-08-18
4980,Producto_4980,Ropa,637.91,97,2036-08-19
4981,Producto_4981,Hogar,360.37,11,2036-08-20
4982,Producto_4982,Deportes,607.29,29,2036-08-21
4983,Producto_4983,Electrónica,318.88,89,2036-08-22
4984,Producto_4984,Hogar,910.73,13,2036-08-23
4985,Producto_4985,Ropa,871.7,51,2036-08-24
4986,Producto_4986,Deportes,562.65,54,2036-08-25
4987,Producto_4987,Deportes,331.55,19,2036-08-26
4988,Producto_4988,Deportes,300.46,58,2036-08-27
4989,Producto_4989,Deportes,43.08,36,2036-08-28
4990,Producto_4990,Ropa,817.66,28,2036-08-29
4991,Producto_4991,Electrónica,455.88,68,2036-08-30
4992,Producto_4992,Deportes,331.88,3,2036-08-31
4993,Producto_4993,Hogar,476.4,89,2036-09-01
4994,Producto_4994,Electrónica,820.55,41,2036-09-02
4995,Producto_4995,Deportes,133.37,35,2036-09-03
4996,Producto_4996,Electrónica,859.08,93,2036-09-04
4997,Producto_4997,Hogar,898.53,93,2036-09-05
4998,Producto_4998,Deportes,947.24,76,2036-09-06
4999,Producto_4999,Hogar,403.51,99,2036-09-07
5000,Producto_5000,Ropa,224.97,84,2036-09-08
5001,Producto_5001,Deportes,379.9,81,2036-09-09
5002,Producto_5002,Deportes,339.58,76,2036-09-10
5003,Producto_5003,Deportes,184.39,50,2036-09-11
5004,Producto_5004,Deportes,611.19,74,2036-09-12
5005,Producto_5005,Ropa,481.86,82,2036-09-13
5006,Producto_5006,Deportes,867.04,30,2036-09-14
5007,Producto_5007,Electrónica,41.79,72,2036-09-15
5008,Producto_5008,Deportes,647.43,77,2036-09-16
5009,Producto_5009,Ropa,765.32,95,2036-09-17
5010,Producto_5010,Deportes,761.89,70,2036-09-18
5011,Producto_5011,Electrónica,887.21,54,2036-09-19
5012,Producto_5012,Ropa,731.74,71,2036-09-20
5013,Producto_5013,Ropa,928.53,85,2036-09-21
5014,Producto_5014,Electrónica,339.33,51,2036-09-22
5015,Producto_5015,Electrónica,508.18,28,2036-09-23
5016,Producto_5016,Electrónica,23.94,64,2036-09-24
5017,Producto_5017,Electrónica,16.89,85,2036-09-25
5018,Producto_5018,Electrónica,247.73,21,2036-09-26
5019,Producto_5019,Ropa,109.8,88,2036-09-27
5020,Producto_5020,Ropa,267.61,27,2036-09-28
5021,Producto_5021,Deportes,185.27,27,2036-09-29
5022,Producto_5022,Deportes,38.23,77,2036-09-30
5023,Producto_5023,Hogar,910.21,50,2036-10-01
5024,Producto_5024,Deportes,18.14,29,2036-10-02
5025,Producto_5025,Deportes,738.72,39,2036-10-03
5026,Producto_5026,Electrónica,160.63,57,2036-10-04
5027,Producto_5027,Electrónica,913.11,92,2036-10-05
5028,Producto_5028,Deportes,893.87,37,2036-10-06
5029,Producto_5029,Hogar,657.36,93,2036-10-07
5030,Producto_5030,Electrónica,675.51,64,2036-10-08
5031,Producto_5031,Deportes,15.29,48,2036-10-09
5032,Producto_5032,Deportes,985.02,22,2036-10-10
5033,Producto_5033,Ropa,879.05,30,2036-10-11
5034,Producto_5034,Hogar,896.16,28,2036-10-12
5035,Producto_5035,Ropa,662.65,23,2036-10-13
5036,Producto_5036,Hogar,351.34,97,2036-10-14
5037,Producto_5037,Electrónica,894.71,4,2036-10-15
5038,Producto_5038,Hogar,298.6,3,2036-10-16
5039,Producto_5039,Deportes,567.08,61,2036-10-17
5040,Producto_5040,Deportes,108.73,96,2036-10-18
5041,Producto_5041,Hogar,922.74,4,2036-10-19
5042,Producto_5042,Hogar,149.36,65,2036-10-20
5043,Producto_5043,Hogar,232.65,12,2036-10-21
5044,Producto_5044,Ropa,562.55,13,2036-10-22
5045,Producto_5045,Hogar,766.45,34,2036-10-23
5046,Producto_5046,Electrónica,623.16,59,2036-10-24
5047,Producto_5047,Ropa,239.81,93,2036-10-25
5048,Producto_5048,Ropa,10.93,73,2036-10-26
5049,Producto_5049,Hogar,759.58,31,2036-10-27
5050,Producto_5050,Electrónica,985.36,71,2036-10-28
5051,Producto_5051,Ropa,811.81,13,2036-10-29
5052,Producto_5052,Deportes,465.6,54,2036-10-30
5053,Producto_5053,Ropa,904.73,2,2036-10-31
5054,Producto_5054,Hogar,415.75,33,2036-11-01
5055,Producto_5055,Electrónica,529.68,50,2036-11-02
5056,Producto_5056,Hogar,482.36,7,2036-11-03
5057,Producto_5057,Deportes,453.15,18,2036-11-04
5058,Producto_5058,Deportes,777.44,51,2036-11-05
5059,Producto_5059,Deportes,531.5,8,2036-11-06
5060,Producto_5060,Hogar,323.55,55,2036-11-07
5061,Producto_5061,Ropa,265.58,76,2036-11-08
5062,Producto_5062,Hogar,47.37,43,2036-11-09
5063,Producto_5063,Electrónica,587.36,59,2036-11-10
5064,Producto_5064,Ropa,237.66,30,2036-11-11
5065,Producto_5065,Deportes,156.65,59,2036-11-12
5066,Producto_5066,Hogar,657.29,9,2036-11-13
5067,Producto_5067,Deportes,684.4,92,2036-11-14
5068,Producto_5068,Deportes,754.63,68,2036-11-15
5069,Producto_5069,Electrónica,508.54,39,2036-11-16
5070,Producto_5070,Ropa,895.11,81,2036-11-17
5071,Producto_5071,Electrónica,936.98,11,2036-11-18
5072,Producto_5072,Electrónica,809.3,2,2036-11-19
5073,Producto_5073,Electrónica,639.24,23,2036-11-20
5074,Producto_5074,Deportes,310.68,63,2036-11-21
5075,Producto_5075,Electrónica,983.12,22,2036-11-22
5076,Producto_5076,Electrónica,281.39,61,2036-11-23
5077,Producto_5077,Ropa,210.63,26,2036-11-24
5078,Producto_5078,Ropa,447.73,12,2036-11-25
5079,Producto_5079,Electrónica,66.27,32,2036-11-26
5080,Producto_5080,Ropa,978.71,9,2036-11-27
5081,Producto_5081,Ropa,592.55,69,2036-11-28
5082,Producto_5082,Electrónica,561.38,90,2036-11-29
5083,Producto_5083,Deportes,659.24,71,2036-11-30
5084,Producto_5084,Electrónica,502.05,93,2036-12-01
5085,Producto_5085,Ropa,41.74,33,2036-12-02
5086,Producto_5086,Deportes,616.19,24,2036-12-03
5087,Producto_5087,Hogar,719.01,89,2036-12-04
5088,Producto_5088,Deportes,422.58,95,2036-12-05
5089,Producto_5089,Ropa,759.72,93,2036-12-06
5090,Producto_5090,Deportes,234.73,69,2036-12-07
5091,Producto_5091,Electrónica,229.06,38,2036-12-08
5092,Producto_5092,Hogar,169.8,11,2036-12-09
5093,Producto_5093,Hogar,378.27,32,2036-12-10
5094,Producto_5094,Hogar,848.54,64,2036-12-11
5095,Producto_5095,Ropa,829.63,72,2036-12-12
5096,Producto_5096,Ropa,389.0,20,2036-12-13
5097,Producto_5097,Hogar,593.23,34,2036-12-14
5098,Producto_5098,Deportes,723.61,42,2036-12-15
5099,Producto_5099,Hogar,248.79,8,2036-12-16
5100,Producto_5100,Deportes,176.46,66,2036-12-17
5101,Producto_5101,Deportes,972.38,21,2036-12-18
5102,Producto_5102,Ropa,621.38,79,2036-12-19
5103,Producto_5103,Deportes,981.6,70,2036-12-20
5104,Producto_5104,Hogar,344.38,5,2036-12-21
5105,Producto_5105,Ropa,706.0,67,2036-12-22
5106,Producto_5106,Electrónica,230.38,43,2036-12-23
5107,Producto_5107,Electrónica,268.59,16,2036-12-24
5108,Producto_5108,Ropa,516.78,99,2036-12-25
5109,Producto_5109,Hogar,326.42,73,2036-12-26
5110,Producto_5110,Electrónica,175.95,35,2036-12-27
5111,Producto_5111,Electrónica,270.25,83,2036-12-28
5112,Producto_5112,Deportes,45.39,43,2036-12-29
5113,Producto_5113,Deportes,707.38,98,2036-12-30
5114,Producto_5114,Hogar,497.2,39,2036-12-31
5115,Producto_5115,Ropa,103.3,10,2037-01-01
5116,Producto_5116,Hogar,179.98,74,2037-01-02
5117,Producto_5117,Ropa,111.51,20,2037-01-03
5118,Producto_5118,Electrónica,616.47,1,2037-01-04
5119,Producto_5119,Deportes,103.27,6,2037-01-05
5120,Producto_5120,Hogar,756.74,53,2037-01-06
5121,Producto_5121,Hogar,30.31,46,2037-01-07
5122,Producto_5122,Ropa,256.88,66,2037-01-08
5123,Producto_5123,Ropa,891.76,38,2037-01-09
5124,Producto_5124,Hogar,721.35,33,2037-01-10
5125,Producto_5125,Ropa,82.24,67,2037-01-11
5126,Producto_5126,Hogar,822.91,77,2037-01-12
5127,Producto_5127,Hogar,498.1,35,2037-01-13
5128,Producto_5128,Hogar,848.32,79,2037-01-14
5129,Producto_5129,Electrónica,604.73,45,2037-01-15
5130,Producto_5130,Ropa,685.01,22,2037-01-16
5131,Producto_5131,Deportes,993.57,68,2037-01-17
5132,Producto_5132,Deportes,240.01,17,2037-01-18
5133,Producto_5133,Ropa,627.71,5,2037-01-19
5134,Producto_5134,Hogar,465.72,85,2037-01-20
5135,Producto_5135,Deportes,49.06,57,2037-01-21
5136,Producto_5136,Deportes,24.33,88,2037-01-22
5137,Producto_5137,Ropa,128.04,95,2037-01-23
5138,Producto_5138,Deportes,652.6,40,2037-01-24
5139,Producto_5139,Hogar,571.49,30,2037-01-25
5140,Producto_5140,Ropa,557.9,42,2037-01-26
5141,Producto_5141,Hogar,41.54,7,2037-01-27
5142,Producto_5142,Deportes,474.61,71,2037-01-28
5143,Producto_5143,Deportes,925.38,91,2037-01-29
5144,Producto_5144,Hogar,403.62,88,2037-01-30
5145,Producto_5145,Electrónica,628.67,19,2037-01-31
5146,Producto_5146,Deportes,782.02,41,2037-02-01
5147,Producto_5147,Electrónica,786.09,34,2037-02-02
5148,Producto_5148,Deportes,524.09,22,2037-02-03
5149,Producto_5149,Electrónica,859.37,52,2037-02-04
5150,Producto_5150,Electrónica,397.46,91,2037-02-05
5151,Producto_5151,Electrónica,889.81,6,2037-02-06
5152,Producto_5152,Hogar,247.82,74,2037-02-07
5153,Producto_5153,Electrónica,287.41,95,2037-02-08
5154,Producto_5154,Electrónica,62.59,25,2037-02-09
5155,Producto_5155,Electrónica,797.63,66,2037-02-10
5156,Producto_5156,Deportes,422.88,10,2037-02-11
5157,Producto_5157,Electrónica,236.83,74,2037-02-12
5158,Producto_5158,Deportes,239.47,26,2037-02-13
5159,Producto_5159,Electrónica,902.39,5,2037-02-14
5160,Producto_5160,Electrónica,835.58,86,2037-02-15
5161,Producto_5161,Hogar,558.0,68,2037-02-16
5162,Producto_5162,Deportes,619.95,98,2037-02-17
5163,Producto_5163,Electrónica,479.58,71,2037-02-18
5164,Producto_5164,Deportes,397.75,50,2037-02-19
5165,Producto_5165,Deportes,916.32,17,2037-02-20
5166,Producto_5166,Ropa,134.36,11,2037-02-21
5167,Producto_5167,Hogar,424.26,53,2037-02-22
5168,Producto_5168,Hogar,351.12,50,2037-02-23
5169,Producto_5169,Hogar,503.17,8,2037-02-24
5170,Producto_5170,Ropa,463.06,92,2037-02-25
5171,Producto_5171,Ropa,523.7,97,2037-02-26
5172,Producto_5172,Hogar,148.52,62,2037-02-27
5173,Producto_5173,Ropa,518.01,89,2037-02-28
5174,Producto_5174,Ropa,249.99,85,2037-03-01
5175,Producto_5175,Ropa,192.49,76,2037-03-02
5176,Producto_5176,Hogar,74.19,90,2037-03-03
5177,Producto_5177,Hogar,765.03,29,2037-03-04
5178,Producto_5178,Hogar,433.17,99,2037-03-05
5179,Producto_5179,Ropa,630.38,44,2037-03-06
5180,Producto_5180,Hogar,730.32,45,2037-03-07
5181,Producto_5181,Ropa,682.52,29,2037-03-08
5182,Producto_5182,Electrónica,475.8,88,2037-03-09
5183,Producto_5183,Ropa,394.02,59,2037-03-10
5184,Producto_5184,Deportes,382.2,15,2037-03-11
5185,Producto_5185,Hogar,643.65,70,2037-03-12
5186,Producto_5186,Hogar,499.85,96,2037-03-13
5187,Producto_5187,Deportes,850.64,44,2037-03-14
5188,Producto_5188,Ropa,875.95,98,2037-03-15
5189,Producto_5189,Electrónica,178.85,36,2037-03-16
5190,Producto_5190,Deportes,144.87,84,2037-03-17
5191,Producto_5191,Deportes,634.1,57,2037-03-18
5192,Producto_5192,Ropa,308.21,64,2037-03-19
5193,Producto_5193,Hogar,28.39,76,2037-03-20
5194,Producto_5194,Ropa,889.76,99,2037-03-21
5195,Producto_5195,Deportes,234.63,38,2037-03-22
5196,Producto_5196,Deportes,929.99,17,2037-03-23
5197,Producto_5197,Hogar,720.26,27,2037-03-24
5198,Producto_5198,Hogar,765.03,17,2037-03-25
5199,Producto_5199,Hogar,209.45,63,2037-03-26
5200,Producto_5200,Ropa,241.85,11,2037-03-27
5201,Producto_5201,Hogar,526.06,64,2037-03-28
5202,Producto_5202,Deportes,180.38,39,2037-03-29
5203,Producto_5203,Deportes,312.38,2,2037-03-30
5204,Producto_5204,Electrónica,328.25,66,2037-03-31
5205,Producto_5205,Ropa,168.03,54,2037-04-01
5206,Producto_5206,Electrónica,213.13,29,2037-04-02
5207,Producto_5207,Deportes,790.67,45,2037-04-03
5208,Producto_5208,Electrónica,175.52,88,2037-04-04
5209,Producto_5209,Deportes,38.17,88,2037-04-05
5210,Producto_5210,Electrónica,633.06,80,2037-04-06
5211,Producto_5211,Hogar,976.22,31,2037-04-07
5212,Producto_5212,Electrónica,337.9,49,2037-04-08
5213,Producto_5213,Hogar,127.47,9,2037-04-09
5214,Producto_5214,Hogar,574.68,27,2037-04-10
5215,Producto_5215,Ropa,907.29,56,2037-04-11
5216,Producto_5216,Hogar,786.22,78,2037-04-12
5217,Producto_5217,Hogar,626.29,45,2037-04-13
5218,Producto_5218,Electrónica,321.91,89,2037-04-14
5219,Producto_5219,Deportes,546.46,43,2037-04-15
5220,Producto_5220,Ropa,100.33,22,2037-04-16
5221,Producto_5221,Hogar,682.16,99,2037-04-17
5222,Producto_5222,Ropa,727.85,33,2037-04-18
5223,Producto_5223,Electrónica,965.38,27,2037-04-19
5224,Producto_5224,Hogar,267.79,40,2037-04-20
5225,Producto_5225,Electrónica,28.27,26,2037-04-21
5226,Producto_5226,Ropa,550.15,83,2037-04-22
5227,Producto_5227,Electrónica,709.72,45,2037-04-23
5228,Producto_5228,Ropa,792.5,45,2037-04-24
5229,Producto_5229,Electrónica,201.8,26,2037-04-25
5230,Producto_5230,Ropa,269.14,70,2037-04-26
5231,Producto_5231,Deportes,517.47,67,2037-04-27
5232,Producto_5232,Electrónica,337.29,6,2037-04-28
5233,Producto_5233,Electrónica,861.91,28,2037-04-29
5234,Producto_5234,Deportes,479.02,67,2037-04-30
5235,Producto_5235,Deportes,801.58,13,2037-05-01
5236,Producto_5236,Electrónica,584.81,63,2037-05-02
5237,Producto_5237,Deportes,775.36,13,2037-05-03
5238,Producto_5238,Hogar,339.35,77,2037-05-04
5239,Producto_5239,Ropa,833.1,1,2037-05-05
5240,Producto_5240,Ropa,281.83,40,2037-05-06
5241,Producto_5241,Ropa,550.64,37,2037-05-07
5242,Producto_5242,Hogar,221.87,31,2037-05-08
5243,Producto_5243,Deportes,480.77,17,2037-05-09
5244,Producto_5244,Deportes,324.99,9,2037-05-10
5245,Producto_5245,Electrónica,274.04,64,2037-05-11
5246,Producto_5246,Deportes,967.32,57,2037-05-12
5247,Producto_5247,Electrónica,168.47,13,2037-05-13
5248,Producto_5248,Hogar,789.45,37,2037-05-14
5249,Producto_5249,Ropa,984.32,14,2037-05-15
5250,Producto_5250,Ropa,29.7,75,2037-05-16
5251,Producto_5251,Ropa,702.04,25,2037-05-17
5252,Producto_5252,Deportes,260.38,95,2037-05-18
5253,Producto_5253,Electrónica,50.08,78,2037-05-19
5254,Producto_5254,Electrónica,408.86,57,2037-05-20
5255,Producto_5255,Hogar,935.87,71,2037-05-21
5256,Producto_5256,Deportes,21.65,88,2037-05-22
5257,Producto_5257,Hogar,592.01,42,2037-05-23
5258,Producto_5258,Electrónica,506.38,42,2037-05-24
5259,Producto_5259,Electrónica,874.65,47,2037-05-25
5260,Producto_5260,Ropa,93.16,44,2037-05-26
5261,Producto_5261,Deportes,684.71,41,2037-05-27
5262,Producto_5262,Electrónica,683.31,3,2037-05-28
5263,Producto_5263,Ropa,672.39,90,2037-05-29
5264,Producto_5264,Deportes,942.91,90,2037-05-30
5265,Producto_5265,Hogar,824.86,1,2037-05-31
5266,Producto_5266,Deportes,51.55,79,2037-06-01
5267,Producto_5267,Deportes,476.37,11,2037-06-02
5268,Producto_5268,Electrónica,403.97,7,2037-06-03
5269,Producto_5269,Electrónica,317.05,12,2037-06-04
5270,Producto_5270,Deportes,456.82,38,2037-06-05
5271,Producto_5271,Electrónica,390.35,54,2037-06-06
5272,Producto_5272,Electrónica,438.01,67,2037-06-07
5273,Producto_5273,Electrónica,979.47,53,2037-06-08
5274,Producto_5274,Ropa,97.75,90,2037-06-09
5275,Producto_5275,Ropa,923.01,94,2037-06-10
5276,Producto_5276,Deportes,485.43,32,2037-06-11
5277,Producto_5277,Electrónica,627.5,45,2037-06-12
5278,Producto_5278,Ropa,831.88,51,2037-06-13
5279,Producto_5279,Deportes,366.86,37,2037-06-14
5280,Producto_5280,Electrónica,436.12,59,2037-06-15
5281,Producto_5281,Hogar,415.42,54,2037-06-16
5282,Producto_5282,Electrónica,380.98,18,2037-06-17
5283,Producto_5283,Electrónica,926.27,1,2037-06-18
5284,Producto_5284,Ropa,830.64,21,2037-06-19
5285,Producto_5285,Deportes,117.91,28,2037-06-20
5286,Producto_5286,Deportes,117.04,16,2037-06-21
5287,Producto_5287,Ropa,433.59,48,2037-06-22
5288,Producto_5288,Electrónica,107.67,28,2037-06-23
5289,Producto_5289,Hogar,622.9,22,2037-06-24
5290,Producto_5290,Electrónica,152.25,83,2037-06-25
5291,Producto_5291,Electrónica,527.15,1,2037-06-26
5292,Producto_5292,Hogar,17.15,95,2037-06-27
5293,Producto_5293,Ropa,323.43,42,2037-06-28
5294,Producto_5294,Deportes,680.42,98,2037-06-29
5295,Producto_5295,Ropa,489.2,70,2037-06-30
5296,Producto_5296,Ropa,978.49,92,2037-07-01
5297,Producto_5297,Electrónica,875.36,3,2037-07-02
5298,Producto_5298,Deportes,365.48,95,2037-07-03
5299,Producto_5299,Deportes,55.03,80,2037-07-04
5300,Producto_5300,Ropa,847.17,81,2037-07-05
5301,Producto_5301,Hogar,912.12,44,2037-07-06
5302,Producto_5302,Ropa,822.42,27,2037-07-07
5303,Producto_5303,Hogar,136.67,51,2037-07-08
5304,Producto_5304,Deportes,997.94,24,2037-07-09
5305,Producto_5305,Ropa,266.0,20,2037-07-10
5306,Producto_5306,Electrónica,726.96,32,2037-07-11
5307,Producto_5307,Ropa,908.95,99,2037-07-12
5308,Producto_5308,Deportes,243.33,13,2037-07-13
5309,Producto_5309,Electrónica,909.18,43,2037-07-14
5310,Producto_5310,Electrónica,316.39,20,2037-07-15
5311,Producto_5311,Hogar,976.65,2,2037-07-16
5312,Producto_5312,Electrónica,288.45,68,2037-07-17
5313,Producto_5313,Electrónica,953.9,91,2037-07-18
5314,Producto_5314,Ropa,63.01,60,2037-07-19
5315,Producto_5315,Deportes,712.18,89,2037-07-20
5316,Producto_5316,Hogar,536.79,4,2037-07-21
5317,Producto_5317,Ropa,483.1,96,2037-07-22
5318,Producto_5318,Electrónica,231.26,17,2037-07-23
5319,Producto_5319,Electrónica,708.54,1,2037-07-24
5320,Producto_5320,Hogar,198.9,33,2037-07-25
5321,Producto_5321,Deportes,557.31,30,2037-07-26
5322,Producto_5322,Hogar,260.71,5,2037-07-27
5323,Producto_5323,Ropa,956.07,12,2037-07-28
5324,Producto_5324,Hogar,38.34,32,2037-07-29
5325,Producto_5325,Electrónica,207.73,38,2037-07-30
5326,Producto_5326,Ropa,249.89,17,2037-07-31
5327,Producto_5327,Electrónica,419.93,58,2037-08-01
5328,Producto_5328,Deportes,240.4,40,2037-08-02
5329,Producto_5329,Electrónica,496.44,96,2037-08-03
5330,Producto_5330,Electrónica,873.74,24,2037-08-04
5331,Producto_5331,Hogar,714.94,12,2037-08-05
5332,Producto_5332,Electrónica,584.16,95,2037-08-06
5333,Producto_5333,Ropa,98.11,19,2037-08-07
5334,Producto_5334,Ropa,697.05,29,2037-08-08
5335,Producto_5335,Deportes,174.75,85,2037-08-09
5336,Producto_5336,Ropa,788.5,90,2037-08-10
5337,Producto_5337,Hogar,257.56,52,2037-08-11
5338,Producto_5338,Deportes,422.88,92,2037-08-12
5339,Producto_5339,Ropa,356.97,17,2037-08-13
5340,Producto_5340,Hogar,860.23,73,2037-08-14
5341,Producto_5341,Ropa,135.28,21,2037-08-15
5342,Producto_5342,Ropa,569.99,60,2037-08-16
5343,Producto_5343,Electrónica,150.64,98,2037-08-17
5344,Producto_5344,Ropa,707.75,75,2037-08-18
5345,Producto_5345,Ropa,906.03,20,2037-08-19
5346,Producto_5346,Hogar,440.26,53,2037-08-20
5347,Producto_5347,Hogar,493.21,80,2037-08-21
5348,Producto_5348,Electrónica,928.15,63,2037-08-22
5349,Producto_5349,Ropa,525.78,57,2037-08-23
5350,Producto_5350,Electrónica,492.72,29,2037-08-24
5351,Producto_5351,Ropa,582.55,1,2037-08-25
5352,Producto_5352,Deportes,692.34,82,2037-08-26
5353,Producto_5353,Deportes,115.81,59,2037-08-27
5354,Producto_5354,Electrónica,822.9,64,2037-08-28
5355,Producto_5355,Electrónica,441.15,86,2037-08-29
5356,Producto_5356,Electrónica,81.63,72,2037-08-30
5357,Producto_5357,Hogar,788.32,71,2037-08-31
5358,Producto_5358,Hogar,383.18,89,2037-09-01
5359,Producto_5359,Hogar,109.36,94,2037-09-02
5360,Producto_5360,Electrónica,637.44,98,2037-09-03
5361,Producto_5361,Ropa,881.33,44,2037-09-04
5362,Producto_5362,Deportes,888.88,48,2037-09-05
5363,Producto_5363,Electrónica,958.09,75,2037-09-06
5364,Producto_5364,Hogar,869.03,15,2037-09-07
5365,Producto_5365,Hogar,12.12,35,2037-09-08
5366,Producto_5366,Electrónica,386.44,23,2037-09-09
5367,Producto_5367,Electrónica,820.36,53,2037-09-10
5368,Producto_5368,Hogar,372.59,45,2037-09-11
5369,Producto_5369,Ropa,605.53,85,2037-09-12
5370,Producto_5370,Hogar,610.25,92,2037-09-13
5371,Producto_5371,Hogar,371.38,13,2037-09-14
5372,Producto_5372,Electrónica,905.43,34,2037-09-15
5373,Producto_5373,Ropa,508.2,38,2037-09-16
5374,Producto_5374,Hogar,470.14,70,2037-09-17
5375,Producto_5375,Hogar,997.54,68,2037-09-18
5376,Producto_5376,Deportes,498.57,5,2037-09-19
5377,Producto_5377,Electrónica,186.61,40,2037-09-20
5378,Producto_5378,Deportes,517.94,70,2037-09-21
5379,Producto_5379,Deportes,815.88,21,2037-09-22
5380,Producto_5380,Hogar,779.09,28,2037-09-23
5381,Producto_5381,Electrónica,790.7,3,2037-09-24
5382,Producto_5382,Ropa,710.94,23,2037-09-25
5383,Producto_5383,Hogar,261.68,72,2037-09-26
5384,Producto_5384,Ropa,863.46,19,2037-09-27
5385,Producto_5385,Ropa,894.51,75,2037-09-28
5386,Producto_5386,Electrónica,202.21,50,2037-09-29
5387,Producto_5387,Deportes,139.15,74,2037-09-30
5388,Producto_5388,Electrónica,975.85,58,2037-10-01
5389,Producto_5389,Ropa,869.64,92,2037-10-02
5390,Producto_5390,Hogar,894.3,20,2037-10-03
5391,Producto_5391,Ropa,887.51,92,2037-10-04
5392,Producto_5392,Hogar,546.27,93,2037-10-05
5393,Producto_5393,Hogar,649.94,72,2037-10-06
5394,Producto_5394,Electrónica,549.91,83,2037-10-07
5395,Producto_5395,Ropa,60.69,53,2037-10-08
5396,Producto_5396,Deportes,748.05,85,2037-10-09
5397,Producto_5397,Ropa,510.28,82,2037-10-10
5398,Producto_5398,Ropa,651.23,9,2037-10-11
5399,Producto_5399,Deportes,507.61,4,2037-10-12
5400,Producto_5400,Electrónica,496.89,41,2037-10-13
5401,Producto_5401,Ropa,180.07,25,2037-10-14
5402,Producto_5402,Ropa,285.93,34,2037-10-15
5403,Producto_5403,Hogar,167.26,73,2037-10-16
5404,Producto_5404,Ropa,203.71,9,2037-10-17
5405,Producto_5405,Deportes,973.25,82,2037-10-18
5406,Producto_5406,Hogar,161.58,75,2037-10-19
5407,Producto_5407,Electrónica,276.58,13,2037-10-20
5408,Producto_5408,Hogar,594.68,9,2037-10-21
5409,Producto_5409,Deportes,614.08,80,2037-10-22
5410,Producto_5410,Deportes,162.43,4,2037-10-23
5411,Producto_5411,Hogar,795.78,34,2037-10-24
5412,Producto_5412,Electrónica,787.35,7,2037-10-25
5413,Producto_5413,Hogar,244.94,15,2037-10-26
5414,Producto_5414,Electrónica,295.78,38,2037-10-27
5415,Producto_5415,Hogar,938.61,75,2037-10-28
5416,Producto_5416,Deportes,827.41,96,2037-10-29
5417,Producto_5417,Ropa,700.82,91,2037-10-30
5418,Producto_5418,Ropa,91.41,94,2037-10-31
5419,Producto_5419,Electrónica,424.08,52,2037-11-01
5420,Producto_5420,Electrónica,563.71,81,2037-11-02
5421,Producto_5421,Electrónica,195.54,83,2037-11-03
5422,Producto_5422,Deportes,453.74,7,2037-11-04
5423,Producto_5423,Hogar,605.02,45,2037-11-05
5424,Producto_5424,Deportes,334.1,59,2037-11-06
5425,Producto_5425,Ropa,783.14,21,2037-11-07
5426,Producto_5426,Electrónica,842.05,28,2037-11-08
5427,Producto_5427,Hogar,330.37,3,2037-11-09
5428,Producto_5428,Ropa,840.27,14,2037-11-10
5429,Producto_5429,Ropa,112.54,2,2037-11-11
5430,Producto_5430,Ropa,839.35,29,2037-11-12
5431,Producto_5431,Deportes,161.22,18,2037-11-13
5432,Producto_5432,Electrónica,92.1,37,2037-11-14
5433,Producto_5433,Ropa,645.36,45,2037-11-15
5434,Producto_5434,Electrónica,477.22,45,2037-11-16
5435,Producto_5435,Deportes,908.81,24,2037-11-17
5436,Producto_5436,Ropa,369.56,46,2037-11-18
5437,Producto_5437,Deportes,294.28,12,2037-11-19
5438,Producto_5438,Deportes,505.73,53,2037-11-20
5439,Producto_5439,Electrónica,461.39,45,2037-11-21
5440,Producto_5440,Ropa,350.98,32,2037-11-22
5441,Producto_5441,Deportes,696.8,18,2037-11-23
5442,Producto_5442,Ropa,761.97,13,2037-11-24
5443,Producto_5443,Electrónica,854.45,4,2037-11-25
5444,Producto_5444,Deportes,973.13,23,2037-11-26
5445,Producto_5445,Electrónica,273.99,62,2037-11-27
5446,Producto_5446,Ropa,718.93,54,2037-11-28
5447,Producto_5447,Ropa,400.32,74,2037-11-29
5448,Producto_5448,Electrónica,680.31,55,2037-11-30
5449,Producto_5449,Hogar,481.22,69,2037-12-01
5450,Producto_5450,Deportes,993.84,40,2037-12-02
5451,Producto_5451,Ropa,731.61,14,2037-12-03
5452,Producto_5452,Ropa,952.97,98,2037-12-04
5453,Producto_5453,Deportes,836.62,28,2037-12-05
5454,Producto_5454,Electrónica,903.87,72,2037-12-06
5455,Producto_5455,Electrónica,816.28,80,2037-12-07
5456,Producto_5456,Electrónica,464.57,95,2037-12-08
5457,Producto_5457,Hogar,259.27,71,2037-12-09
5458,Producto_5458,Hogar,376.62,67,2037-12-10
5459,Producto_5459,Ropa,30.03,29,2037-12-11
5460,Producto_5460,Electrónica,528.75,61,2037-12-12
5461,Producto_5461,Deportes,510.01,68,2037-12-13
5462,Producto_5462,Ropa,530.0,9,2037-12-14
5463,Producto_5463,Deportes,974.29,17,2037-12-15
5464,Producto_5464,Ropa,912.34,49,2037-12-16
5465,Producto_5465,Hogar,170.1,63,2037-12-17
5466,Producto_5466,Ropa,375.19,84,2037-12-18
5467,Producto_5467,Hogar,429.72,78,2037-12-19
5468,Producto_5468,Ropa,366.93,46,2037-12-20
5469,Producto_5469,Electrónica,800.51,93,2037-12-21
5470,Producto_5470,Deportes,528.8,13,2037-12-22
5471,Producto_5471,Electrónica,576.38,45,2037-12-23
5472,Producto_5472,Ropa,854.48,53,2037-12-24
5473,Producto_5473,Ropa,807.87,17,2037-12-25
5474,Producto_5474,Ropa,140.89,47,2037-12-26
5475,Producto_5475,Hogar,716.78,62,2037-12-27
5476,Producto_5476,Deportes,441.08,50,2037-12-28
5477,Producto_5477,Deportes,301.7,43,2037-12-29
5478,Producto_5478,Ropa,59.52,68,2037-12-30
5479,Producto_5479,Ropa,492.38,84,2037-12-31
5480,Producto_5480,Hogar,361.88,75,2038-01-01
5481,Producto_5481,Electrónica,259.0,86,2038-01-02
5482,Producto_5482,Electrónica,697.73,72,2038-01-03
5483,Producto_5483,Deportes,771.79,28,2038-01-04
5484,Producto_5484,Hogar,252.34,45,2038-01-05
5485,Producto_5485,Ropa,58.95,41,2038-01-06
5486,Producto_5486,Deportes,850.27,94,2038-01-07
5487,Producto_5487,Hogar,19.86,97,2038-01-08
5488,Producto_5488,Electrónica,937.74,97,2038-01-09
5489,Producto_5489,Hogar,631.34,36,2038-01-10
5490,Producto_5490,Electrónica,328.63,91,2038-01-11
5491,Producto_5491,Hogar,254.01,84,2038-01-12
5492,Producto_5492,Deportes,18.92,33,2038-01-13
5493,Producto_5493,Electrónica,243.12,25,2038-01-14
5494,Producto_5494,Deportes,146.35,19,2038-01-15
5495,Producto_5495,Deportes,616.04,47,2038-01-16
5496,Producto_5496,Electrónica,174.88,85,2038-01-17
5497,Producto_5497,Electrónica,533.34,33,2038-01-18
5498,Producto_5498,Ropa,594.22,67,2038-01-19
5499,Producto_5499,Ropa,305.06,14,2038-01-20
5500,Producto_5500,Ropa,44.71,79,2038-01-21
5501,Producto_5501,Deportes,46.88,33,2038-01-22
5502,Producto_5502,Deportes,36.08,42,2038-01-23
5503,Producto_5503,Ropa,741.73,86,2038-01-24
5504,Producto_5504,Deportes,324.83,65,2038-01-25
5505,Producto_5505,Deportes,798.34,95,2038-01-26
5506,Producto_5506,Electrónica,437.42,47,2038-01-27
5507,Producto_5507,Electrónica,458.47,35,2038-01-28
5508,Producto_5508,Deportes,517.75,84,2038-01-29
5509,Producto_5509,Ropa,715.9,32,2038-01-30
5510,Producto_5510,Hogar,280.77,55,2038-01-31
5511,Producto_5511,Ropa,130.37,54,2038-02-01
5512,Producto_5512,Hogar,560.5,76,2038-02-02
5513,Producto_5513,Ropa,333.71,51,2038-02-03
5514,Producto_5514,Electrónica,448.07,80,2038-02-04
5515,Producto_5515,Deportes,650.48,59,2038-02-05
5516,Producto_5516,Deportes,499.18,72,2038-02-06
5517,Producto_5517,Electrónica,624.08,14,2038-02-07
5518,Producto_5518,Hogar,548.76,18,2038-02-08
5519,Producto_5519,Hogar,742.4,55,2038-02-09
5520,Producto_5520,Hogar,708.88,94,2038-02-10
5521,Producto_5521,Electrónica,538.85,97,2038-02-11
5522,Producto_5522,Hogar,682.11,98,2038-02-12
5523,Producto_5523,Electrónica,874.82,56,2038-02-13
5524,Producto_5524,Ropa,437.95,49,2038-02-14
5525,Producto_5525,Ropa,418.64,98,2038-02-15
5526,Producto_5526,Electrónica,766.6,60,2038-02-16
5527,Producto_5527,Deportes,586.73,53,2038-02-17
5528,Producto_5528,Ropa,80.3,71,2038-02-18
5529,Producto_5529,Hogar,893.19,6,2038-02-19
5530,Producto_5530,Electrónica,40.48,70,2038-02-20
5531,Producto_5531,Hogar,750.91,86,2038-02-21
5532,Producto_5532,Hogar,761.21,8,2038-02-22
5533,Producto_5533,Deportes,953.58,15,2038-02-23
5534,Producto_5534,Hogar,63.59,26,2038-02-24
5535,Producto_5535,Deportes,600.89,39,2038-02-25
5536,Producto_5536,Ropa,433.56,3,2038-02-26
5537,Producto_5537,Electrónica,337.33,57,2038-02-27
5538,Producto_5538,Hogar,99.42,10,2038-02-28
5539,Producto_5539,Electrónica,567.03,3,2038-03-01
5540,Producto_5540,Hogar,484.25,94,2038-03-02
5541,Producto_5541,Electrónica,113.51,46,2038-03-03
5542,Producto_5542,Hogar,616.36,22,2038-03-04
5543,Producto_5543,Hogar,740.57,67,2038-03-05
5544,Producto_5544,Hogar,769.61,65,2038-03-06
5545,Producto_5545,Hogar,906.32,97,2038-03-07
5546,Producto_5546,Hogar,415.38,19,2038-03-08
5547,Producto_5547,Hogar,953.54,62,2038-03-09
5548,Producto_5548,Hogar,866.78,98,2038-03-10
5549,Producto_5549,Hogar,303.54,57,2038-03-11
5550,Producto_5550,Hogar,167.69,95,2038-03-12
5551,Producto_5551,Electrónica,441.04,88,2038-03-13
5552,Producto_5552,Deportes,407.88,76,2038-03-14
5553,Producto_5553,Hogar,579.96,13,2038-03-15
5554,Producto_5554,Deportes,587.55,16,2038-03-16
5555,Producto_5555,Hogar,752.49,16,2038-03-17
5556,Producto_5556,Hogar,514.79,52,2038-03-18
5557,Producto_5557,Electrónica,113.77,84,2038-03-19
5558,Producto_5558,Ropa,859.71,41,2038-03-20
5559,Producto_5559,Ropa,316.67,48,2038-03-21
5560,Producto_5560,Electrónica,971.58,91,2038-03-22
5561,Producto_5561,Deportes,126.68,39,2038-03-23
5562,Producto_5562,Ropa,958.67,13,2038-03-24
5563,Producto_5563,Electrónica,100.1,4,2038-03-25
5564,Producto_5564,Electrónica,238.73,96,2038-03-26
5565,Producto_5565,Ropa,56.11,98,2038-03-27
5566,Producto_5566,Deportes,708.06,43,2038-03-28
5567,Producto_5567,Electrónica,851.8,81,2038-03-29
5568,Producto_5568,Hogar,439.73,88,2038-03-30
5569,Producto_5569,Deportes,929.24,93,2038-03-31
5570,Producto_5570,Deportes,594.4,46,2038-04-01
5571,Producto_5571,Ropa,633.71,92,2038-04-02
5572,Producto_5572,Ropa,846.97,47,2038-04-03
5573,Producto_5573,Hogar,303.83,86,2038-04-04
5574,Producto_5574,Electrónica,360.72,92,2038-04-05
5575,Producto_5575,Ropa,906.89,53,2038-04-06
5576,Producto_5576,Ropa,901.95,25,2038-04-07
5577,Producto_5577,Deportes,976.72,41,2038-04-08
5578,Producto_5578,Ropa,902.82,3,2038-04-09
5579,Producto_5579,Ropa,136.1,77,2038-04-10
5580,Producto_5580,Ropa,825.49,95,2038-04-11
5581,Producto_5581,Ropa,415.74,13,2038-04-12
5582,Producto_5582,Deportes,990.89,18,2038-04-13
5583,Producto_5583,Hogar,477.56,37,2038-04-14
5584,Producto_5584,Hogar,558.3,43,2038-04-15
5585,Producto_5585,Electrónica,534.48,34,2038-04-16
5586,Producto_5586,Ropa,328.52,81,2038-04-17
5587,Producto_5587,Deportes,84.27,55,2038-04-18
5588,Producto_5588,Electrónica,896.69,52,2038-04-19
5589,Producto_5589,Electrónica,804.65,85,2038-04-20
5590,Producto_5590,Hogar,148.13,36,2038-04-21
5591,Producto_5591,Deportes,779.0,54,2038-04-22
5592,Producto_5592,Deportes,629.59,59,2038-04-23
5593,Producto_5593,Deportes,415.05,52,2038-04-24
5594,Producto_5594,Hogar,261.48,19,2038-04-25
5595,Producto_5595,Hogar,861.13,12,2038-04-26
5596,Producto_5596,Hogar,703.19,92,2038-04-27
5597,Producto_5597,Hogar,552.26,11,2038-04-28
5598,Producto_5598,Hogar,613.47,48,2038-04-29
5599,Producto_5599,Ropa,100.16,92,2038-04-30
5600,Producto_5600,Ropa,479.18,99,2038-05-01
5601,Producto_5601,Deportes,201.76,79,2038-05-02
5602,Producto_5602,Electrónica,216.3,16,2038-05-03
5603,Producto_5603,Deportes,664.69,71,2038-05-04
5604,Producto_5604,Electrónica,912.14,47,2038-05-05
5605,Producto_5605,Hogar,409.72,67,2038-05-06
5606,Producto_5606,Electrónica,215.67,31,2038-05-07
5607,Producto_5607,Deportes,652.26,76,2038-05-08
5608,Producto_5608,Deportes,872.48,8,2038-05-09
5609,Producto_5609,Electrónica,750.84,89,2038-05-10
5610,Producto_5610,Ropa,870.07,61,2038-05-11
5611,Producto_5611,Hogar,541.19,44,2038-05-12
5612,Producto_5612,Hogar,754.36,50,2038-05-13
5613,Producto_5613,Deportes,148.66,35,2038-05-14
5614,Producto_5614,Ropa,354.79,76,2038-05-15
5615,Producto_5615,Electrónica,395.65,61,2038-05-16
5616,Producto_5616,Hogar,516.18,85,2038-05-17
5617,Producto_5617,Ropa,929.79,90,2038-05-18
5618,Producto_5618,Hogar,875.55,55,2038-05-19
5619,Producto_5619,Ropa,143.18,66,2038-05-20
5620,Producto_5620,Ropa,181.06,14,2038-05-21
5621,Producto_5621,Deportes,364.06,4,2038-05-22
5622,Producto_5622,Hogar,297.84,17,2038-05-23
5623,Producto_5623,Electrónica,618.62,69,2038-05-24
5624,Producto_5624,Deportes,903.75,24,2038-05-25
5625,Producto_5625,Deportes,962.67,49,2038-05-26
5626,Producto_5626,Electrónica,657.07,55,2038-05-27
5627,Producto_5627,Deportes,839.78,71,2038-05-28
5628,Producto_5628,Ropa,529.95,23,2038-05-29
5629,Producto_5629,Ropa,216.24,81,2038-05-30
5630,Producto_5630,Hogar,529.44,12,2038-05-31
5631,Producto_5631,Hogar,559.53,11,2038-06-01
5632,Producto_5632,Electrónica,745.03,75,2038-06-02
5633,Producto_5633,Hogar,227.68,98,2038-06-03
5634,Producto_5634,Ropa,374.63,29,2038-06-04
5635,Producto_5635,Electrónica,370.39,62,2038-06-05
5636,Producto_5636,Electrónica,959.85,53,2038-06-06
5637,Producto_5637,Hogar,449.51,48,2038-06-07
5638,Producto_5638,Ropa,757.54,91,2038-06-08
5639,Producto_5639,Electrónica,753.3,86,2038-06-09
5640,Producto_5640,Ropa,272.89,66,2038-06-10
5641,Producto_5641,Ropa,576.15,48,2038-06-11
5642,Producto_5642,Ropa,895.36,94,2038-06-12
5643,Producto_5643,Hogar,480.45,59,2038-06-13
5644,Producto_5644,Deportes,945.67,71,2038-06-14
5645,Producto_5645,Deportes,222.31,57,2038-06-15
5646,Producto_5646,Electrónica,83.42,76,2038-06-16
5647,Producto_5647,Ropa,892.54,3,2038-06-17
5648,Producto_5648,Hogar,849.2,81,2038-06-18
5649,Producto_5649,Ropa,992.66,32,2038-06-19
5650,Producto_5650,Ropa,682.6,8,2038-06-20
5651,Producto_5651,Hogar,937.32,87,2038-06-21
5652,Producto_5652,Deportes,828.68,30,2038-06-22
5653,Producto_5653,Ropa,845.98,15,2038-06-23
5654,Producto_5654,Ropa,573.45,74,2038-06-24
5655,Producto_5655,Deportes,388.54,55,2038-06-25
5656,Producto_5656,Hogar,935.21,38,2038-06-26
5657,Producto_5657,Electrónica,437.8,15,2038-06-27
5658,Producto_5658,Deportes,543.43,30,2038-06-28
5659,Producto_5659,Electrónica,451.65,46,2038-06-29
5660,Producto_5660,Electrónica,569.17,64,2038-06-30
5661,Producto_5661,Deportes,475.8,26,2038-07-01
5662,Producto_5662,Ropa,57.49,78,2038-07-02
5663,Producto_5663,Electrónica,883.23,67,2038-07-03
5664,Producto_5664,Electrónica,449.95,36,2038-07-04
5665,Producto_5665,Hogar,593.05,90,2038-07-05
5666,Producto_5666,Ropa,147.8,78,2038-07-06
5667,Producto_5667,Electrónica,13.35,31,2038-07-07
5668,Producto_5668,Hogar,252.84,78,2038-07-08
5669,Producto_5669,Ropa,707.54,40,2038-07-09
5670,Producto_5670,Deportes,108.2,74,2038-07-10
5671,Producto_5671,Deportes,909.8,73,2038-07-11
5672,Producto_5672,Hogar,222.87,46,2038-07-12
5673,Producto_5673,Deportes,212.55,42,2038-07-13
5674,Producto_5674,Electrónica,189.69,18,2038-07-14
5675,Producto_5675,Ropa,23.84,36,2038-07-15
5676,Producto_5676,Electrónica,774.09,76,2038-07-16
5677,Producto_5677,Electrónica,876.28,50,2038-07-17
5678,Producto_5678,Deportes,618.02,61,2038-07-18
5679,Producto_5679,Electrónica,196.32,40,2038-07-19
5680,Producto_5680,Deportes,292.43,3,2038-07-20
5681,Producto_5681,Ropa,481.17,82,2038-07-21
5682,Producto_5682,Ropa,954.8,7,2038-07-22
5683,Producto_5683,Electrónica,254.88,31,2038-07-23
5684,Producto_5684,Hogar,734.33,65,2038-07-24
5685,Producto_5685,Deportes,445.05,95,2038-07-25
5686,Producto_5686,Deportes,304.87,64,2038-07-26
5687,Producto_5687,Electrónica,461.36,77,2038-07-27
5688,Producto_5688,Deportes,80.49,93,2038-07-28
5689,Producto_5689,Deportes,800.7,3,2038-07-29
5690,Producto_5690,Hogar,250.87,93,2038-07-30
5691,Producto_5691,Hogar,728.16,35,2038-07-31
5692,Producto_5692,Electrónica,77.66,15,2038-08-01
5693,Producto_5693,Hogar,955.55,21,2038-08-02
5694,Producto_5694,Electrónica,201.08,62,2038-08-03
5695,Producto_5695,Ropa,883.91,83,2038-08-04
5696,Producto_5696,Electrónica,811.38,28,2038-08-05
5697,Producto_5697,Ropa,968.18,4,2038-08-06
5698,Producto_5698,Electrónica,483.11,13,2038-08-07
5699,Producto_5699,Deportes,730.12,79,2038-08-08
5700,Producto_5700,Hogar,377.0,51,2038-08-09
5701,Producto_5701,Ropa,192.52,48,2038-08-10
5702,Producto_5702,Electrónica,448.65,39,2038-08-11
5703,Producto_5703,Hogar,174.09,96,2038-08-12
5704,Producto_5704,Electrónica,982.22,67,2038-08-13
5705,Producto_5705,Hogar,105.28,94,2038-08-14
5706,Producto_5706,Hogar,593.32,58,2038-08-15
5707,Producto_5707,Electrónica,630.2,84,2038-08-16
5708,Producto_5708,Ropa,542.7,2,2038-08-17
5709,Producto_5709,Ropa,665.56,25,2038-08-18
5710,Producto_5710,Deportes,125.02,11,2038-08-19
5711,Producto_5711,Hogar,559.47,1,2038-08-20
5712,Producto_5712,Deportes,294.34,48,2038-08-21
5713,Producto_5713,Deportes,940.77,48,2038-08-22
5714,Producto_5714,Electrónica,764.45,10,2038-08-23
5715,Producto_5715,Electrónica,972.79,81,2038-08-24
5716,Producto_5716,Electrónica,47.18,30,2038-08-25
5717,Producto_5717,Hogar,292.28,35,2038-08-26
5718,Producto_5718,Electrónica,203.47,19,2038-08-27
5719,Producto_5719,Electrónica,21.04,53,2038-08-28
5720,Producto_5720,Hogar,249.9,34,2038-08-29
5721,Producto_5721,Hogar,681.99,32,2038-08-30
5722,Producto_5722,Ropa,238.78,76,2038-08-31
5723,Producto_5723,Electrónica,513.91,81,2038-09-01
5724,Producto_5724,Electrónica,888.94,6,2038-09-02
5725,Producto_5725,Electrónica,696.82,13,2038-09-03
5726,Producto_5726,Ropa,400.68,86,2038-09-04
5727,Producto_5727,Electrónica,378.74,75,2038-09-05
5728,Producto_5728,Ropa,461.18,64,2038-09-06
5729,Producto_5729,Deportes,185.27,7,2038-09-07
5730,Producto_5730,Ropa,637.66,45,2038-09-08
5731,Producto_5731,Deportes,370.51,45,2038-09-09
5732,Producto_5732,Electrónica,853.84,85,2038-09-10
5733,Producto_5733,Deportes,758.99,65,2038-09-11
5734,Producto_5734,Ropa,614.41,94,2038-09-12
5735,Producto_5735,Hogar,370.56,19,2038-09-13
5736,Producto_5736,Deportes,217.83,47,2038-09-14
5737,Producto_5737,Deportes,778.39,46,2038-09-15
5738,Producto_5738,Electrónica,491.55,29,2038-09-16
5739,Producto_5739,Ropa,232.5,99,2038-09-17
5740,Producto_5740,Deportes,203.22,84,2038-09-18
5741,Producto_5741,Deportes,173.75,61,2038-09-19
5742,Producto_5742,Deportes,779.39,65,2038-09-20
5743,Producto_5743,Deportes,236.7,23,2038-09-21
5744,Producto_5744,Hogar,531.38,95,2038-09-22
5745,Producto_5745,Ropa,457.03,51,2038-09-23
5746,Producto_5746,Electrónica,583.81,63,2038-09-24
5747,Producto_5747,Electrónica,878.38,99,2038-09-25
5748,Producto_5748,Hogar,869.07,22,2038-09-26
5749,Producto_5749,Ropa,456.57,71,2038-09-27
5750,Producto_5750,Deportes,25.21,33,2038-09-28
5751,Producto_5751,Hogar,432.18,44,2038-09-29
5752,Producto_5752,Ropa,610.13,7,2038-09-30
5753,Producto_5753,Deportes,562.19,91,2038-10-01
5754,Producto_5754,Hogar,654.82,2,2038-10-02
5755,Producto_5755,Ropa,162.53,17,2038-10-03
5756,Producto_5756,Electrónica,650.07,65,2038-10-04
5757,Producto_5757,Electrónica,190.83,58,2038-10-05
5758,Producto_5758,Ropa,753.02,30,2038-10-06
5759,Producto_5759,Electrónica,345.7,86,2038-10-07
5760,Producto_5760,Ropa,712.8,92,2038-10-08
5761,Producto_5761,Deportes,57.39,97,2038-10-09
5762,Producto_5762,Ropa,413.78,26,2038-10-10
5763,Producto_5763,Deportes,707.98,35,2038-10-11
5764,Producto_5764,Hogar,234.6,63,2038-10-12
5765,Producto_5765,Ropa,797.33,75,2038-10-13
5766,Producto_5766,Hogar,634.47,71,2038-10-14
5767,Producto_5767,Electrónica,591.69,28,2038-10-15
5768,Producto_5768,Deportes,360.01,25,2038-10-16
5769,Producto_5769,Ropa,487.63,61,2038-10-17
5770,Producto_5770,Hogar,601.38,31,2038-10-18
5771,Producto_5771,Deportes,477.74,54,2038-10-19
5772,Producto_5772,Deportes,701.33,67,2038-10-20
5773,Producto_5773,Electrónica,439.36,97,2038-10-21
5774,Producto_5774,Electrónica,210.25,51,2038-10-22
5775,Producto_5775,Deportes,221.79,58,2038-10-23
5776,Producto_5776,Deportes,15.75,34,2038-10-24
5777,Producto_5777,Ropa,307.95,59,2038-10-25
5778,Producto_5778,Deportes,751.43,21,2038-10-26
5779,Producto_5779,Ropa,796.22,56,2038-10-27
5780,Producto_5780,Deportes,210.44,37,2038-10-28
5781,Producto_5781,Electrónica,959.45,64,2038-10-29
5782,Producto_5782,Ropa,507.38,19,2038-10-30
5783,Producto_5783,Hogar,917.81,85,2038-10-31
5784,Producto_5784,Electrónica,709.7,78,2038-11-01
5785,Producto_5785,Ropa,725.21,74,2038-11-02
5786,Producto_5786,Ropa,94.19,53,2038-11-03
5787,Producto_5787,Hogar,227.79,71,2038-11-04
5788,Producto_5788,Ropa,18.73,93,2038-11-05
5789,Producto_5789,Deportes,718.97,63,2038-11-06
5790,Producto_5790,Hogar,350.99,62,2038-11-07
5791,Producto_5791,Electrónica,788.79,72,2038-11-08
5792,Producto_5792,Electrónica,345.55,77,2038-11-09
5793,Producto_5793,Deportes,821.14,19,2038-11-10
5794,Producto_5794,Electrónica,139.39,75,2038-11-11
5795,Producto_5795,Ropa,181.64,2,2038-11-12
5796,Producto_5796,Ropa,347.47,6,2038-11-13
5797,Producto_5797,Deportes,414.4,29,2038-11-14
5798,Producto_5798,Electrónica,355.22,41,2038-11-15
5799,Producto_5799,Electrónica,766.01,51,2038-11-16
5800,Producto_5800,Deportes,105.98,5,2038-11-17
5801,Producto_5801,Hogar,357.7,41,2038-11-18
5802,Producto_5802,Electrónica,838.87,62,2038-11-19
5803,Producto_5803,Hogar,76.13,30,2038-11-20
5804,Producto_5804,Electrónica,942.92,62,2038-11-21
5805,Producto_5805,Electrónica,986.45,27,2038-11-22
5806,Producto_5806,Electrónica,97.68,50,2038-11-23
5807,Producto_5807,Electrónica,298.36,82,2038-11-24
5808,Producto_5808,Ropa,378.68,52,2038-11-25
5809,Producto_5809,Hogar,778.63,49,2038-11-26
5810,Producto_5810,Hogar,599.97,62,2038-11-27
5811,Producto_5811,Electrónica,647.92,60,2038-11-28
5812,Producto_5812,Electrónica,759.93,80,2038-11-29
5813,Producto_5813,Hogar,126.8,54,2038-11-30
5814,Producto_5814,Ropa,834.88,5,2038-12-01
5815,Producto_5815,Deportes,708.56,9,2038-12-02
5816,Producto_5816,Deportes,581.57,34,2038-12-03
5817,Producto_5817,Hogar,890.84,98,2038-12-04
5818,Producto_5818,Electrónica,703.3,36,2038-12-05
5819,Producto_5819,Electrónica,209.68,95,2038-12-06
5820,Producto_5820,Ropa,435.45,20,2038-12-07
5821,Producto_5821,Deportes,499.1,81,2038-12-08
5822,Producto_5822,Ropa,64.67,84,2038-12-09
5823,Producto_5823,Deportes,955.09,92,2038-12-10
5824,Producto_5824,Hogar,137.29,85,2038-12-11
5825,Producto_5825,Deportes,700.49,83,2038-12-12
5826,Producto_5826,Ropa,511.17,63,2038-12-13
5827,Producto_5827,Ropa,35.38,67,2038-12-14
5828,Producto_5828,Ropa,925.5,30,2038-12-15
5829,Producto_5829,Hogar,853.32,69,2038-12-16
5830,Producto_5830,Deportes,529.02,70,2038-12-17
5831,Producto_5831,Deportes,236.65,3,2038-12-18
5832,Producto_5832,Ropa,130.41,49,2038-12-19
5833,Producto_5833,Deportes,369.76,42,2038-12-20
5834,Producto_5834,Electrónica,262.87,24,2038-12-21
5835,Producto_5835,Electrónica,511.62,44,2038-12-22
5836,Producto_5836,Electrónica,966.75,1,2038-12-23
5837,Producto_5837,Deportes,579.2,54,2038-12-24
5838,Producto_5838,Hogar,891.03,52,2038-12-25
5839,Producto_5839,Hogar,654.37,36,2038-12-26
5840,Producto_5840,Hogar,480.49,79,2038-12-27
5841,Producto_5841,Hogar,856.06,38,2038-12-28
5842,Producto_5842,Electrónica,476.65,44,2038-12-29
5843,Producto_5843,Electrónica,869.94,82,2038-12-30
5844,Producto_5844,Ropa,298.66,87,2038-12-31
5845,Producto_5845,Deportes,137.52,47,2039-01-01
5846,Producto_5846,Deportes,856.76,29,2039-01-02
5847,Producto_5847,Hogar,591.54,51,2039-01-03
5848,Producto_5848,Electrónica,890.2,41,2039-01-04
5849,Producto_5849,Hogar,938.45,86,2039-01-05
5850,Producto_5850,Ropa,63.09,64,2039-01-06
5851,Producto_5851,Deportes,505.96,88,2039-01-07
5852,Producto_5852,Deportes,381.21,48,2039-01-08
5853,Producto_5853,Hogar,629.6,77,2039-01-09
5854,Producto_5854,Ropa,795.66,97,2039-01-10
5855,Producto_5855,Deportes,287.78,22,2039-01-11
5856,Producto_5856,Ropa,561.23,99,2039-01-12
5857,Producto_5857,Ropa,711.64,17,2039-01-13
5858,Producto_5858,Hogar,143.09,86,2039-01-14
5859,Producto_5859,Electrónica,815.93,5,2039-01-15
5860,Producto_5860,Hogar,610.05,61,2039-01-16
5861,Producto_5861,Electrónica,950.04,89,2039-01-17
5862,Producto_5862,Ropa,346.13,6,2039-01-18
5863,Producto_5863,Electrónica,117.06,53,2039-01-19
5864,Producto_5864,Ropa,511.44,81,2039-01-20
5865,Producto_5865,Deportes,94.95,95,2039-01-21
5866,Producto_5866,Deportes,969.83,17,2039-01-22
5867,Producto_5867,Deportes,48.3,59,2039-01-23
5868,Producto_5868,Hogar,755.97,97,2039-01-24
5869,Producto_5869,Hogar,529.85,39,2039-01-25
5870,Producto_5870,Ropa,374.93,54,2039-01-26
5871,Producto_5871,Deportes,75.18,48,2039-01-27
5872,Producto_5872,Hogar,625.95,37,2039-01-28
5873,Producto_5873,Deportes,589.37,48,2039-01-29
5874,Producto_5874,Hogar,288.07,68,2039-01-30
5875,Producto_5875,Electrónica,911.12,78,2039-01-31
5876,Producto_5876,Electrónica,311.07,77,2039-02-01
5877,Producto_5877,Deportes,455.23,27,2039-02-02
5878,Producto_5878,Ropa,548.32,88,2039-02-03
5879,Producto_5879,Hogar,109.23,27,2039-02-04
5880,Producto_5880,Hogar,932.84,72,2039-02-05
5881,Producto_5881,Electrónica,380.79,63,2039-02-06
5882,Producto_5882,Electrónica,89.97,52,2039-02-07
5883,Producto_5883,Ropa,393.42,47,2039-02-08
5884,Producto_5884,Ropa,604.2,21,2039-02-09
5885,Producto_5885,Ropa,518.52,57,2039-02-10
5886,Producto_5886,Deportes,697.6,75,2039-02-11
5887,Producto_5887,Electrónica,64.93,95,2039-02-12
5888,Producto_5888,Deportes,291.7,91,2039-02-13
5889,Producto_5889,Electrónica,821.04,42,2039-02-14
5890,Producto_5890,Electrónica,89.09,48,2039-02-15
5891,Producto_5891,Hogar,856.93,27,2039-02-16
5892,Producto_5892,Electrónica,100.98,72,2039-02-17
5893,Producto_5893,Electrónica,836.11,33,2039-02-18
5894,Producto_5894,Deportes,367.18,76,2039-02-19
5895,Producto_5895,Electrónica,616.09,35,2039-02-20
5896,Producto_5896,Deportes,161.36,98,2039-02-21
5897,Producto_5897,Ropa,75.51,16,2039-02-22
5898,Producto_5898,Electrónica,223.78,36,2039-02-23
5899,Producto_5899,Electrónica,136.58,66,2039-02-24
5900,Producto_5900,Deportes,319.28,76,2039-02-25
5901,Producto_5901,Ropa,519.24,91,2039-02-26
5902,Producto_5902,Hogar,592.87,56,2039-02-27
5903,Producto_5903,Ropa,791.97,17,2039-02-28
5904,Producto_5904,Deportes,659.68,20,2039-03-01
5905,Producto_5905,Ropa,612.67,85,2039-03-02
5906,Producto_5906,Deportes,417.66,94,2039-03-03
5907,Producto_5907,Deportes,479.07,84,2039-03-04
5908,Producto_5908,Hogar,420.38,8,2039-03-05
5909,Producto_5909,Electrónica,843.74,18,2039-03-06
5910,Producto_5910,Deportes,237.7,18,2039-03-07
5911,Producto_5911,Deportes,15.66,18,2039-03-08
5912,Producto_5912,Hogar,654.81,2,2039-03-09
5913,Producto_5913,Deportes,210.44,76,2039-03-10
5914,Producto_5914,Electrónica,891.21,96,2039-03-11
5915,Producto_5915,Hogar,860.46,72,2039-03-12
5916,Producto_5916,Electrónica,85.96,51,2039-03-13
5917,Producto_5917,Electrónica,115.32,10,2039-03-14
5918,Producto_5918,Hogar,500.22,75,2039-03-15
5919,Producto_5919,Deportes,613.13,14,2039-03-16
5920,Producto_5920,Electrónica,282.16,26,2039-03-17
5921,Producto_5921,Electrónica,719.63,47,2039-03-18
5922,Producto_5922,Electrónica,598.97,30,2039-03-19
5923,Producto_5923,Electrónica,331.58,56,2039-03-20
5924,Producto_5924,Hogar,35.12,42,2039-03-21
5925,Producto_5925,Hogar,752.65,4,2039-03-22
5926,Producto_5926,Ropa,222.61,11,2039-03-23
5927,Producto_5927,Ropa,836.13,24,2039-03-24
5928,Producto_5928,Electrónica,426.09,86,2039-03-25
5929,Producto_5929,Deportes,581.31,67,2039-03-26
5930,Producto_5930,Electrónica,874.22,37,2039-03-27
5931,Producto_5931,Deportes,864.99,2,2039-03-28
5932,Producto_5932,Electrónica,377.8,12,2039-03-29
5933,Producto_5933,Ropa,216.8,21,2039-03-30
5934,Producto_5934,Ropa,777.39,69,2039-03-31
5935,Producto_5935,Deportes,438.75,71,2039-04-01
5936,Producto_5936,Electrónica,200.12,64,2039-04-02
5937,Producto_5937,Deportes,905.38,68,2039-04-03
5938,Producto_5938,Ropa,206.12,43,2039-04-04
5939,Producto_5939,Electrónica,35.55,54,2039-04-05
5940,Producto_5940,Electrónica,30.08,62,2039-04-06
5941,Producto_5941,Deportes,626.09,86,2039-04-07
5942,Producto_5942,Hogar,665.06,93,2039-04-08
5943,Producto_5943,Deportes,317.93,73,2039-04-09
5944,Producto_5944,Ropa,326.81,90,2039-04-10
5945,Producto_5945,Ropa,346.1,12,2039-04-11
5946,Producto_5946,Ropa,683.36,1,2039-04-12
5947,Producto_5947,Ropa,67.55,72,2039-04-13
5948,Producto_5948,Ropa,929.83,33,2039-04-14
5949,Producto_5949,Hogar,230.3,64,2039-04-15
5950,Producto_5950,Electrónica,999.68,68,2039-04-16
5951,Producto_5951,Deportes,179.81,14,2039-04-17
5952,Producto_5952,Deportes,773.83,93,2039-04-18
5953,Producto_5953,Ropa,231.18,14,2039-04-19
5954,Producto_5954,Deportes,90.04,9,2039-04-20
5955,Producto_5955,Ropa,876.18,73,2039-04-21
5956,Producto_5956,Hogar,860.16,26,2039-04-22
5957,Producto_5957,Hogar,409.53,49,2039-04-23
5958,Producto_5958,Electrónica,705.37,17,2039-04-24
5959,Producto_5959,Hogar,561.5,68,2039-04-25
5960,Producto_5960,Hogar,854.43,60,2039-04-26
5961,Producto_5961,Electrónica,321.91,3,2039-04-27
5962,Producto_5962,Deportes,528.44,93,2039-04-28
5963,Producto_5963,Ropa,490.52,25,2039-04-29
5964,Producto_5964,Ropa,360.37,21,2039-04-30
5965,Producto_5965,Deportes,892.54,12,2039-05-01
5966,Producto_5966,Electrónica,174.22,54,2039-05-02
5967,Producto_5967,Deportes,158.01,1,2039-05-03
5968,Producto_5968,Hogar,581.14,1,2039-05-04
5969,Producto_5969,Electrónica,660.92,45,2039-05-05
5970,Producto_5970,Electrónica,202.67,46,2039-05-06
5971,Producto_5971,Electrónica,396.81,48,2039-05-07
5972,Producto_5972,Ropa,947.1,7,2039-05-08
5973,Producto_5973,Deportes,254.15,10,2039-05-09
5974,Producto_5974,Electrónica,671.68,15,2039-05-10
5975,Producto_5975,Electrónica,742.75,40,2039-05-11
5976,Producto_5976,Electrónica,453.65,11,2039-05-12
5977,Producto_5977,Deportes,938.15,56,2039-05-13
5978,Producto_5978,Ropa,739.29,46,2039-05-14
5979,Producto_5979,Hogar,463.35,45,2039-05-15
5980,Producto_5980,Ropa,573.64,87,2039-05-16
5981,Producto_5981,Electrónica,695.69,13,2039-05-17
5982,Producto_5982,Ropa,596.27,27,2039-05-18
5983,Producto_5983,Ropa,879.91,81,2039-05-19
5984,Producto_5984,Hogar,363.32,50,2039-05-20
5985,Producto_5985,Deportes,306.89,61,2039-05-21
5986,Producto_5986,Deportes,221.7,13,2039-05-22
5987,Producto_5987,Ropa,47.41,12,2039-05-23
5988,Producto_5988,Ropa,52.58,29,2039-05-24
5989,Producto_5989,Deportes,871.35,85,2039-05-25
5990,Producto_5990,Deportes,681.61,84,2039-05-26
5991,Producto_5991,Hogar,663.93,20,2039-05-27
5992,Producto_5992,Electrónica,618.5,31,2039-05-28
5993,Producto_5993,Ropa,850.73,8,2039-05-29
5994,Producto_5994,Deportes,485.46,24,2039-05-30
5995,Producto_5995,Ropa,871.71,75,2039-05-31
5996,Producto_5996,Ropa,365.85,39,2039-06-01
5997,Producto_5997,Deportes,927.44,33,2039-06-02
5998,Producto_5998,Hogar,701.67,42,2039-06-03
5999,Producto_5999,Ropa,264.61,15,2039-06-04
6000,Producto_6000,Hogar,568.44,68,2039-06-05
6001,Producto_6001,Deportes,537.7,65,2039-06-06
6002,Producto_6002,Electrónica,146.52,32,2039-06-07
6003,Producto_6003,Electrónica,595.33,11,2039-06-08
6004,Producto_6004,Ropa,321.64,94,2039-06-09
6005,Producto_6005,Deportes,61.83,37,2039-06-10
6006,Producto_6006,Hogar,949.17,19,2039-06-11
6007,Producto_6007,Ropa,645.08,51,2039-06-12
6008,Producto_6008,Deportes,878.15,34,2039-06-13
6009,Producto_6009,Deportes,679.3,71,2039-06-14
6010,Producto_6010,Hogar,363.41,60,2039-06-15
6011,Producto_6011,Ropa,517.56,84,2039-06-16
6012,Producto_6012,Deportes,678.99,53,2039-06-17
6013,Producto_6013,Deportes,960.65,12,2039-06-18
6014,Producto_6014,Deportes,261.13,62,2039-06-19
6015,Producto_6015,Hogar,876.23,96,2039-06-20
6016,Producto_6016,Ropa,924.84,66,2039-06-21
6017,Producto_6017,Ropa,673.71,86,2039-06-22
6018,Producto_6018,Ropa,931.95,48,2039-06-23
6019,Producto_6019,Ropa,403.9,40,2039-06-24
6020,Producto_6020,Electrónica,953.49,24,2039-06-25
6021,Producto_6021,Electrónica,705.76,50,2039-06-26
6022,Producto_6022,Ropa,51.59,95,2039-06-27
6023,Producto_6023,Hogar,907.8,68,2039-06-28
6024,Producto_6024,Electrónica,489.63,88,2039-06-29
6025,Producto_6025,Deportes,465.72,43,2039-06-30
6026,Producto_6026,Electrónica,570.8,17,2039-07-01
6027,Producto_6027,Deportes,157.89,83,2039-07-02
6028,Producto_6028,Ropa,474.47,55,2039-07-03
6029,Producto_6029,Electrónica,832.82,34,2039-07-04
6030,Producto_6030,Hogar,25.33,97,2039-07-05
6031,Producto_6031,Electrónica,280.19,70,2039-07-06
6032,Producto_6032,Electrónica,12.43,60,2039-07-07
6033,Producto_6033,Electrónica,421.55,51,2039-07-08
6034,Producto_6034,Ropa,731.03,77,2039-07-09
6035,Producto_6035,Hogar,800.78,73,2039-07-10
6036,Producto_6036,Electrónica,945.74,35,2039-07-11
6037,Producto_6037,Hogar,612.42,34,2039-07-12
6038,Producto_6038,Ropa,262.08,16,2039-07-13
6039,Producto_6039,Deportes,924.91,82,2039-07-14
6040,Producto_6040,Electrónica,777.56,18,2039-07-15
6041,Producto_6041,Hogar,578.68,38,2039-07-16
6042,Producto_6042,Hogar,698.68,43,2039-07-17
6043,Producto_6043,Ropa,925.07,32,2039-07-18
6044,Producto_6044,Electrónica,715.27,7,2039-07-19
6045,Producto_6045,Deportes,374.69,87,2039-07-20
6046,Producto_6046,Hogar,715.9,87,2039-07-21
6047,Producto_6047,Electrónica,49.88,46,2039-07-22
6048,Producto_6048,Deportes,392.55,61,2039-07-23
6049,Producto_6049,Hogar,412.26,18,2039-07-24
6050,Producto_6050,Hogar,175.17,71,2039-07-25
6051,Producto_6051,Deportes,32.85,40,2039-07-26
6052,Producto_6052,Deportes,142.05,88,2039-07-27
6053,Producto_6053,Ropa,658.08,78,2039-07-28
6054,Producto_6054,Electrónica,804.27,50,2039-07-29
6055,Producto_6055,Electrónica,988.32,5,2039-07-30
6056,Producto_6056,Ropa,352.9,54,2039-07-31
6057,Producto_6057,Hogar,603.39,86,2039-08-01
6058,Producto_6058,Deportes,937.77,58,2039-08-02
6059,Producto_6059,Deportes,175.37,22,2039-08-03
6060,Producto_6060,Deportes,720.47,74,2039-08-04
6061,Producto_6061,Hogar,757.43,90,2039-08-05
6062,Producto_6062,Deportes,98.09,79,2039-08-06
6063,Producto_6063,Deportes,862.64,38,2039-08-07
6064,Producto_6064,Ropa,814.97,49,2039-08-08
6065,Producto_6065,Hogar,43.07,1,2039-08-09
6066,Producto_6066,Electrónica,100.17,78,2039-08-10
6067,Producto_6067,Ropa,58.64,36,2039-08-11
6068,Producto_6068,Ropa,341.4,95,2039-08-12
6069,Producto_6069,Electrónica,514.2,28,2039-08-13
6070,Producto_6070,Ropa,537.02,98,2039-08-14
6071,Producto_6071,Hogar,274.99,35,2039-08-15
6072,Producto_6072,Deportes,912.48,60,2039-08-16
6073,Producto_6073,Hogar,374.58,62,2039-08-17
6074,Producto_6074,Electrónica,55.09,87,2039-08-18
6075,Producto_6075,Electrónica,307.22,46,2039-08-19
6076,Producto_6076,Ropa,535.8,83,2039-08-20
6077,Producto_6077,Hogar,414.14,82,2039-08-21
6078,Producto_6078,Hogar,281.1,79,2039-08-22
6079,Producto_6079,Electrónica,140.01,61,2039-08-23
6080,Producto_6080,Hogar,820.97,65,2039-08-24
6081,Producto_6081,Electrónica,996.18,89,2039-08-25
6082,Producto_6082,Hogar,336.25,26,2039-08-26
6083,Producto_6083,Hogar,387.8,35,2039-08-27
6084,Producto_6084,Hogar,621.86,57,2039-08-28
6085,Producto_6085,Electrónica,721.26,79,2039-08-29
6086,Producto_6086,Ropa,398.11,63,2039-08-30
6087,Producto_6087,Hogar,905.88,4,2039-08-31
6088,Producto_6088,Electrónica,564.4,79,2039-09-01
6089,Producto_6089,Electrónica,455.89,42,2039-09-02
6090,Producto_6090,Hogar,650.21,45,2039-09-03
6091,Producto_6091,Hogar,953.28,39,2039-09-04
6092,Producto_6092,Ropa,796.61,65,2039-09-05
6093,Producto_6093,Electrónica,49.61,22,2039-09-06
6094,Producto_6094,Electrónica,338.99,11,2039-09-07
6095,Producto_6095,Deportes,475.84,37,2039-09-08
6096,Producto_6096,Electrónica,321.37,90,2039-09-09
6097,Producto_6097,Ropa,703.19,51,2039-09-10
6098,Producto_6098,Deportes,828.01,91,2039-09-11
6099,Producto_6099,Deportes,734.03,58,2039-09-12
6100,Producto_6100,Deportes,989.44,77,2039-09-13
6101,Producto_6101,Hogar,279.82,7,2039-09-14
6102,Producto_6102,Hogar,876.24,8,2039-09-15
6103,Producto_6103,Electrónica,768.96,51,2039-09-16
6104,Producto_6104,Deportes,368.56,23,2039-09-17
6105,Producto_6105,Ropa,736.78,90,2039-09-18
6106,Producto_6106,Hogar,113.04,91,2039-09-19
6107,Producto_6107,Ropa,791.44,9,2039-09-20
6108,Producto_6108,Ropa,537.01,46,2039-09-21
6109,Producto_6109,Hogar,299.37,38,2039-09-22
6110,Producto_6110,Hogar,659.22,13,2039-09-23
6111,Producto_6111,Hogar,645.2,7,2039-09-24
6112,Producto_6112,Hogar,217.39,11,2039-09-25
6113,Producto_6113,Deportes,40.09,74,2039-09-26
6114,Producto_6114,Deportes,439.29,97,2039-09-27
6115,Producto_6115,Deportes,573.82,50,2039-09-28
6116,Producto_6116,Deportes,877.84,67,2039-09-29
6117,Producto_6117,Electrónica,928.93,41,2039-09-30
6118,Producto_6118,Deportes,533.52,29,2039-10-01
6119,Producto_6119,Hogar,756.27,37,2039-10-02
6120,Producto_6120,Ropa,444.91,56,2039-10-03
6121,Producto_6121,Deportes,748.62,80,2039-10-04
6122,Producto_6122,Electrónica,212.75,16,2039-10-05
6123,Producto_6123,Hogar,377.35,44,2039-10-06
6124,Producto_6124,Ropa,637.89,50,2039-10-07
6125,Producto_6125,Ropa,27.98,71,2039-10-08
6126,Producto_6126,Deportes,725.24,79,2039-10-09
6127,Producto_6127,Ropa,837.18,6,2039-10-10
6128,Producto_6128,Deportes,405.15,18,2039-10-11
6129,Producto_6129,Deportes,453.46,19,2039-10-12
6130,Producto_6130,Hogar,852.77,51,2039-10-13
6131,Producto_6131,Hogar,777.9,66,2039-10-14
6132,Producto_6132,Electrónica,295.27,3,2039-10-15
6133,Producto_6133,Hogar,330.74,89,2039-10-16
6134,Producto_6134,Hogar,682.09,54,2039-10-17
6135,Producto_6135,Deportes,567.57,49,2039-10-18
6136,Producto_6136,Hogar,170.61,28,2039-10-19
6137,Producto_6137,Deportes,316.83,38,2039-10-20
6138,Producto_6138,Deportes,900.98,28,2039-10-21
6139,Producto_6139,Hogar,691.29,32,2039-10-22
6140,Producto_6140,Electrónica,986.11,41,2039-10-23
6141,Producto_6141,Electrónica,769.34,36,2039-10-24
6142,Producto_6142,Ropa,942.55,36,2039-10-25
6143,Producto_6143,Ropa,224.03,87,2039-10-26
6144,Producto_6144,Hogar,773.77,66,2039-10-27
6145,Producto_6145,Electrónica,30.02,10,2039-10-28
6146,Producto_6146,Deportes,674.05,70,2039-10-29
6147,Producto_6147,Ropa,474.59,72,2039-10-30
6148,Producto_6148,Deportes,353.29,79,2039-10-31
6149,Producto_6149,Ropa,863.78,93,2039-11-01
6150,Producto_6150,Hogar,855.73,63,2039-11-02
6151,Producto_6151,Electrónica,32.08,92,2039-11-03
6152,Producto_6152,Ropa,613.41,22,2039-11-04
6153,Producto_6153,Electrónica,374.15,98,2039-11-05
6154,Producto_6154,Deportes,421.5,20,2039-11-06
6155,Producto_6155,Hogar,833.72,33,2039-11-07
6156,Producto_6156,Electrónica,316.74,15,2039-11-08
6157,Producto_6157,Hogar,943.62,7,2039-11-09
6158,Producto_6158,Electrónica,187.84,88,2039-11-10
6159,Producto_6159,Deportes,666.1,90,2039-11-11
6160,Producto_6160,Deportes,675.38,50,2039-11-12
6161,Producto_6161,Hogar,259.67,10,2039-11-13
6162,Producto_6162,Deportes,331.5,79,2039-11-14
6163,Producto_6163,Ropa,836.45,37,2039-11-15
6164,Producto_6164,Electrónica,764.19,59,2039-11-16
6165,Producto_6165,Deportes,335.8,88,2039-11-17
6166,Producto_6166,Ropa,538.62,75,2039-11-18
6167,Producto_6167,Hogar,71.06,63,2039-11-19
6168,Producto_6168,Ropa,216.66,21,2039-11-20
6169,Producto_6169,Hogar,490.96,79,2039-11-21
6170,Producto_6170,Hogar,95.11,79,2039-11-22
6171,Producto_6171,Electrónica,844.9,37,2039-11-23
6172,Producto_6172,Electrónica,720.83,45,2039-11-24
6173,Producto_6173,Ropa,944.2,14,2039-11-25
6174,Producto_6174,Electrónica,696.53,43,2039-11-26
6175,Producto_6175,Electrónica,941.0,85,2039-11-27
6176,Producto_6176,Electrónica,558.97,84,2039-11-28
6177,Producto_6177,Ropa,604.22,33,2039-11-29
6178,Producto_6178,Deportes,977.2,3,2039-11-30
6179,Producto_6179,Electrónica,645.71,87,2039-12-01
6180,Producto_6180,Electrónica,40.48,44,2039-12-02
6181,Producto_6181,Ropa,726.56,87,2039-12-03
6182,Producto_6182,Deportes,906.41,91,2039-12-04
6183,Producto_6183,Electrónica,797.62,35,2039-12-05
6184,Producto_6184,Hogar,587.99,25,2039-12-06
6185,Producto_6185,Ropa,674.59,96,2039-12-07
6186,Producto_6186,Electrónica,990.29,86,2039-12-08
6187,Producto_6187,Electrónica,99.76,8,2039-12-09
6188,Producto_6188,Hogar,670.57,62,2039-12-10
6189,Producto_6189,Hogar,290.56,18,2039-12-11
6190,Producto_6190,Ropa,643.69,92,2039-12-12
6191,Producto_6191,Ropa,611.55,28,2039-12-13
6192,Producto_6192,Hogar,161.92,75,2039-12-14
6193,Producto_6193,Ropa,214.68,12,2039-12-15
6194,Producto_6194,Hogar,625.41,64,2039-12-16
6195,Producto_6195,Electrónica,136.95,2,2039-12-17
6196,Producto_6196,Hogar,272.53,59,2039-12-18
6197,Producto_6197,Hogar,836.89,37,2039-12-19
6198,Producto_6198,Deportes,333.82,4,2039-12-20
6199,Producto_6199,Hogar,493.18,41,2039-12-21
6200,Producto_6200,Hogar,941.73,45,2039-12-22
6201,Producto_6201,Deportes,234.88,34,2039-12-23
6202,Producto_6202,Ropa,395.73,87,2039-12-24
6203,Producto_6203,Deportes,610.39,13,2039-12-25
6204,Producto_6204,Electrónica,757.79,7,2039-12-26
6205,Producto_6205,Deportes,902.64,32,2039-12-27
6206,Producto_6206,Electrónica,916.32,23,2039-12-28
6207,Producto_6207,Ropa,778.87,49,2039-12-29
6208,Producto_6208,Deportes,236.05,72,2039-12-30
6209,Producto_6209,Deportes,34.56,47,2039-12-31
6210,Producto_6210,Ropa,389.94,37,2040-01-01
6211,Producto_6211,Electrónica,150.13,98,2040-01-02
6212,Producto_6212,Deportes,713.28,48,2040-01-03
6213,Producto_6213,Electrónica,664.52,29,2040-01-04
6214,Producto_6214,Deportes,53.53,37,2040-01-05
6215,Producto_6215,Hogar,838.23,23,2040-01-06
6216,Producto_6216,Deportes,256.26,38,2040-01-07
6217,Producto_6217,Ropa,437.9,93,2040-01-08
6218,Producto_6218,Ropa,671.25,44,2040-01-09
6219,Producto_6219,Electrónica,435.12,5,2040-01-10
6220,Producto_6220,Deportes,446.87,52,2040-01-11
6221,Producto_6221,Electrónica,74.97,40,2040-01-12
6222,Producto_6222,Electrónica,407.43,11,2040-01-13
6223,Producto_6223,Hogar,767.2,78,2040-01-14
6224,Producto_6224,Hogar,916.02,2,2040-01-15
6225,Producto_6225,Ropa,419.36,35,2040-01-16
6226,Producto_6226,Electrónica,429.35,45,2040-01-17
6227,Producto_6227,Ropa,705.6,49,2040-01-18
6228,Producto_6228,Deportes,943.34,35,2040-01-19
6229,Producto_6229,Electrónica,274.39,92,2040-01-20
6230,Producto_6230,Electrónica,445.74,72,2040-01-21
6231,Producto_6231,Deportes,798.01,32,2040-01-22
6232,Producto_6232,Deportes,613.6,68,2040-01-23
6233,Producto_6233,Ropa,119.48,71,2040-01-24
6234,Producto_6234,Ropa,631.46,39,2040-01-25
6235,Producto_6235,Deportes,194.88,48,2040-01-26
6236,Producto_6236,Ropa,515.11,91,2040-01-27
6237,Producto_6237,Deportes,533.81,37,2040-01-28
6238,Producto_6238,Electrónica,877.44,60,2040-01-29
6239,Producto_6239,Electrónica,467.87,81,2040-01-30
6240,Producto_6240,Hogar,286.65,74,2040-01-31
6241,Producto_6241,Electrónica,238.66,4,2040-02-01
6242,Producto_6242,Deportes,875.51,23,2040-02-02
6243,Producto_6243,Ropa,179.3,14,2040-02-03
6244,Producto_6244,Hogar,431.61,5,2040-02-04
6245,Producto_6245,Ropa,195.3,66,2040-02-05
6246,Producto_6246,Deportes,775.57,24,2040-02-06
6247,Producto_6247,Electrónica,479.63,18,2040-02-07
6248,Producto_6248,Hogar,357.63,27,2040-02-08
6249,Producto_6249,Deportes,367.49,24,2040-02-09
6250,Producto_6250,Hogar,853.69,29,2040-02-10
6251,Producto_6251,Hogar,558.24,11,2040-02-11
6252,Producto_6252,Electrónica,720.69,18,2040-02-12
6253,Producto_6253,Deportes,898.07,4,2040-02-13
6254,Producto_6254,Ropa,902.72,33,2040-02-14
6255,Producto_6255,Hogar,335.22,78,2040-02-15
6256,Producto_6256,Hogar,952.93,42,2040-02-16
6257,Producto_6257,Ropa,34.63,32,2040-02-17
6258,Producto_6258,Deportes,383.07,51,2040-02-18
6259,Producto_6259,Hogar,896.84,4,2040-02-19
6260,Producto_6260,Hogar,281.89,20,2040-02-20
6261,Producto_6261,Hogar,280.35,85,2040-02-21
6262,Producto_6262,Deportes,309.6,67,2040-02-22
6263,Producto_6263,Deportes,616.19,89,2040-02-23
6264,Producto_6264,Ropa,443.95,68,2040-02-24
6265,Producto_6265,Deportes,729.47,62,2040-02-25
6266,Producto_6266,Deportes,895.96,58,2040-02-26
6267,Producto_6267,Electrónica,677.46,47,2040-02-27
6268,Producto_6268,Ropa,212.42,75,2040-02-28
6269,Producto_6269,Hogar,933.36,80,2040-02-29
6270,Producto_6270,Deportes,271.85,59,2040-03-01
6271,Producto_6271,Hogar,158.4,6,2040-03-02
6272,Producto_6272,Hogar,99.07,95,2040-03-03
6273,Producto_6273,Electrónica,567.75,40,2040-03-04
6274,Producto_6274,Deportes,122.62,77,2040-03-05
6275,Producto_6275,Ropa,147.39,23,2040-03-06
6276,Producto_6276,Deportes,307.03,52,2040-03-07
6277,Producto_6277,Hogar,288.84,4,2040-03-08
6278,Producto_6278,Ropa,608.2,37,2040-03-09
6279,Producto_6279,Deportes,818.58,42,2040-03-10
6280,Producto_6280,Hogar,763.74,44,2040-03-11
6281,Producto_6281,Hogar,269.86,97,2040-03-12
6282,Producto_6282,Electrónica,252.86,42,2040-03-13
6283,Producto_6283,Electrónica,966.13,29,2040-03-14
6284,Producto_6284,Electrónica,18.15,19,2040-03-15
6285,Producto_6285,Hogar,880.92,84,2040-03-16
6286,Producto_6286,Deportes,207.73,32,2040-03-17
6287,Producto_6287,Electrónica,947.81,44,2040-03-18
6288,Producto_6288,Deportes,348.88,55,2040-03-19
6289,Producto_6289,Electrónica,445.95,80,2040-03-20
6290,Producto_6290,Ropa,710.05,5,2040-03-21
6291,Producto_6291,Ropa,591.79,46,2040-03-22
6292,Producto_6292,Electrónica,324.76,76,2040-03-23
6293,Producto_6293,Hogar,558.29,45,2040-03-24
6294,Producto_6294,Electrónica,733.4,21,2040-03-25
6295,Producto_6295,Electrónica,51.91,78,2040-03-26
6296,Producto_6296,Hogar,21.09,22,2040-03-27
6297,Producto_6297,Ropa,463.49,30,2040-03-28
6298,Producto_6298,Deportes,140.52,23,2040-03-29
6299,Producto_6299,Electrónica,667.7,5,2040-03-30
6300,Producto_6300,Hogar,221.91,63,2040-03-31
6301,Producto_6301,Electrónica,438.52,93,2040-04-01
6302,Producto_6302,Hogar,205.69,59,2040-04-02
6303,Producto_6303,Deportes,553.0,94,2040-04-03
6304,Producto_6304,Deportes,124.89,82,2040-04-04
6305,Producto_6305,Ropa,32.88,52,2040-04-05
6306,Producto_6306,Hogar,60.62,65,2040-04-06
6307,Producto_6307,Hogar,954.72,39,2040-04-07
6308,Producto_6308,Ropa,150.86,81,2040-04-08
6309,Producto_6309,Ropa,711.39,3,2040-04-09
6310,Producto_6310,Hogar,77.25,42,2040-04-10
6311,Producto_6311,Ropa,117.08,71,2040-04-11
6312,Producto_6312,Deportes,513.79,27,2040-04-12
6313,Producto_6313,Electrónica,470.22,28,2040-04-13
6314,Producto_6314,Deportes,952.06,54,2040-04-14
6315,Producto_6315,Ropa,945.39,95,2040-04-15
6316,Producto_6316,Hogar,781.81,15,2040-04-16
6317,Producto_6317,Hogar,606.08,53,2040-04-17
6318,Producto_6318,Deportes,460.41,72,2040-04-18
6319,Producto_6319,Hogar,362.62,70,2040-04-19
6320,Producto_6320,Ropa,947.62,92,2040-04-20
6321,Producto_6321,Deportes,606.88,4,2040-04-21
6322,Producto_6322,Hogar,583.28,94,2040-04-22
6323,Producto_6323,Electrónica,239.58,17,2040-04-23
6324,Producto_6324,Electrónica,56.23,34,2040-04-24
6325,Producto_6325,Ropa,945.74,6,2040-04-25
6326,Producto_6326,Hogar,320.6,36,2040-04-26
6327,Producto_6327,Ropa,448.16,99,2040-04-27
6328,Producto_6328,Deportes,123.49,39,2040-04-28
6329,Producto_6329,Electrónica,838.56,80,2040-04-29
6330,Producto_6330,Deportes,37.36,66,2040-04-30
6331,Producto_6331,Hogar,835.65,8,2040-05-01
6332,Producto_6332,Ropa,148.88,15,2040-05-02
6333,Producto_6333,Ropa,887.7,63,2040-05-03
6334,Producto_6334,Ropa,732.47,91,2040-05-04
6335,Producto_6335,Deportes,173.02,80,2040-05-05
6336,Producto_6336,Electrónica,570.16,65,2040-05-06
6337,Producto_6337,Deportes,319.53,59,2040-05-07
6338,Producto_6338,Deportes,186.45,10,2040-05-08
6339,Producto_6339,Hogar,860.59,7,2040-05-09
6340,Producto_6340,Hogar,409.49,74,2040-05-10
6341,Producto_6341,Hogar,404.56,76,2040-05-11
6342,Producto_6342,Electrónica,178.19,81,2040-05-12
6343,Producto_6343,Electrónica,389.24,12,2040-05-13
6344,Producto_6344,Hogar,872.9,79,2040-05-14
6345,Producto_6345,Hogar,369.5,46,2040-05-15
6346,Producto_6346,Electrónica,952.09,32,2040-05-16
6347,Producto_6347,Ropa,946.85,32,2040-05-17
6348,Producto_6348,Electrónica,153.45,90,2040-05-18
6349,Producto_6349,Electrónica,185.54,78,2040-05-19
6350,Producto_6350,Electrónica,864.05,90,2040-05-20
6351,Producto_6351,Hogar,398.83,61,2040-05-21
6352,Producto_6352,Ropa,14.33,69,2040-05-22
6353,Producto_6353,Electrónica,281.13,61,2040-05-23
6354,Producto_6354,Hogar,601.65,46,2040-05-24
6355,Producto_6355,Deportes,801.27,68,2040-05-25
6356,Producto_6356,Deportes,142.05,92,2040-05-26
6357,Producto_6357,Electrónica,119.44,55,2040-05-27
6358,Producto_6358,Deportes,922.87,1,2040-05-28
6359,Producto_6359,Ropa,753.64,77,2040-05-29
6360,Producto_6360,Deportes,593.88,67,2040-05-30
6361,Producto_6361,Deportes,771.49,49,2040-05-31
6362,Producto_6362,Ropa,434.57,25,2040-06-01
6363,Producto_6363,Electrónica,760.87,16,2040-06-02
6364,Producto_6364,Electrónica,378.08,85,2040-06-03
6365,Producto_6365,Ropa,251.65,13,2040-06-04
6366,Producto_6366,Ropa,731.72,52,2040-06-05
6367,Producto_6367,Ropa,425.48,36,2040-06-06
6368,Producto_6368,Deportes,981.56,72,2040-06-07
6369,Producto_6369,Ropa,355.99,44,2040-06-08
6370,Producto_6370,Hogar,922.51,83,2040-06-09
6371,Producto_6371,Deportes,933.63,47,2040-06-10
6372,Producto_6372,Electrónica,249.43,80,2040-06-11
6373,Producto_6373,Electrónica,800.24,76,2040-06-12
6374,Producto_6374,Electrónica,438.74,20,2040-06-13
6375,Producto_6375,Deportes,918.35,18,2040-06-14
6376,Producto_6376,Hogar,455.62,54,2040-06-15
6377,Producto_6377,Ropa,746.86,12,2040-06-16
6378,Producto_6378,Ropa,472.3,25,2040-06-17
6379,Producto_6379,Electrónica,235.52,60,2040-06-18
6380,Producto_6380,Electrónica,207.36,75,2040-06-19
6381,Producto_6381,Deportes,431.18,86,2040-06-20
6382,Producto_6382,Hogar,757.94,34,2040-06-21
6383,Producto_6383,Ropa,609.02,13,2040-06-22
6384,Producto_6384,Deportes,691.74,38,2040-06-23
6385,Producto_6385,Ropa,289.5,12,2040-06-24
6386,Producto_6386,Electrónica,486.62,36,2040-06-25
6387,Producto_6387,Ropa,53.95,28,2040-06-26
6388,Producto_6388,Hogar,819.36,91,2040-06-27
6389,Producto_6389,Hogar,989.99,39,2040-06-28
6390,Producto_6390,Electrónica,412.81,77,2040-06-29
6391,Producto_6391,Hogar,20.85,43,2040-06-30
6392,Producto_6392,Hogar,178.09,91,2040-07-01
6393,Producto_6393,Deportes,656.0,31,2040-07-02
6394,Producto_6394,Ropa,615.96,2,2040-07-03
6395,Producto_6395,Electrónica,789.99,82,2040-07-04
6396,Producto_6396,Electrónica,261.35,90,2040-07-05
6397,Producto_6397,Electrónica,766.0,42,2040-07-06
6398,Producto_6398,Electrónica,691.1,31,2040-07-07
6399,Producto_6399,Electrónica,329.59,61,2040-07-08
6400,Producto_6400,Hogar,550.03,56,2040-07-09
6401,Producto_6401,Deportes,155.8,86,2040-07-10
6402,Producto_6402,Electrónica,458.04,83,2040-07-11
6403,Producto_6403,Deportes,882.39,14,2040-07-12
6404,Producto_6404,Deportes,426.98,14,2040-07-13
6405,Producto_6405,Hogar,841.17,29,2040-07-14
6406,Producto_6406,Electrónica,594.35,81,2040-07-15
6407,Producto_6407,Hogar,199.96,50,2040-07-16
6408,Producto_6408,Electrónica,585.3,50,2040-07-17
6409,Producto_6409,Hogar,510.92,63,2040-07-18
6410,Producto_6410,Deportes,404.65,73,2040-07-19
6411,Producto_6411,Electrónica,128.43,65,2040-07-20
6412,Producto_6412,Ropa,422.54,68,2040-07-21
6413,Producto_6413,Deportes,82.03,71,2040-07-22
6414,Producto_6414,Ropa,107.78,11,2040-07-23
6415,Producto_6415,Deportes,421.76,14,2040-07-24
6416,Producto_6416,Hogar,312.33,83,2040-07-25
6417,Producto_6417,Electrónica,926.29,3,2040-07-26
6418,Producto_6418,Deportes,381.95,8,2040-07-27
6419,Producto_6419,Hogar,760.28,93,2040-07-28
6420,Producto_6420,Electrónica,534.95,43,2040-07-29
6421,Producto_6421,Electrónica,707.04,9,2040-07-30
6422,Producto_6422,Deportes,267.51,19,2040-07-31
6423,Producto_6423,Electrónica,942.49,12,2040-08-01
6424,Producto_6424,Deportes,534.79,27,2040-08-02
6425,Producto_6425,Electrónica,833.01,58,2040-08-03
6426,Producto_6426,Ropa,371.4,25,2040-08-04
6427,Producto_6427,Hogar,109.21,45,2040-08-05
6428,Producto_6428,Ropa,676.97,48,2040-08-06
6429,Producto_6429,Deportes,17.68,50,2040-08-07
6430,Producto_6430,Ropa,480.54,81,2040-08-08
6431,Producto_6431,Deportes,200.87,44,2040-08-09
6432,Producto_6432,Electrónica,631.1,59,2040-08-10
6433,Producto_6433,Electrónica,979.63,33,2040-08-11
6434,Producto_6434,Deportes,469.76,78,2040-08-12
6435,Producto_6435,Ropa,819.32,28,2040-08-13
6436,Producto_6436,Electrónica,512.71,18,2040-08-14
6437,Producto_6437,Hogar,500.88,55,2040-08-15
6438,Producto_6438,Electrónica,931.12,33,2040-08-16
6439,Producto_6439,Hogar,891.07,15,2040-08-17
6440,Producto_6440,Ropa,787.94,61,2040-08-18
6441,Producto_6441,Hogar,303.29,11,2040-08-19
6442,Producto_6442,Hogar,549.56,36,2040-08-20
6443,Producto_6443,Hogar,231.66,15,2040-08-21
6444,Producto_6444,Hogar,449.48,53,2040-08-22
6445,Producto_6445,Electrónica,489.37,62,2040-08-23
6446,Producto_6446,Hogar,833.32,48,2040-08-24
6447,Producto_6447,Electrónica,897.07,94,2040-08-25
6448,Producto_6448,Hogar,420.47,15,2040-08-26
6449,Producto_6449,Deportes,27.53,63,2040-08-27
6450,Producto_6450,Ropa,863.16,87,2040-08-28
6451,Producto_6451,Hogar,182.54,43,2040-08-29
6452,Producto_6452,Deportes,625.66,50,2040-08-30
6453,Producto_6453,Hogar,34.72,60,2040-08-31
6454,Producto_6454,Hogar,405.51,59,2040-09-01
6455,Producto_6455,Hogar,986.1,15,2040-09-02
6456,Producto_6456,Deportes,109.69,29,2040-09-03
6457,Producto_6457,Ropa,429.46,75,2040-09-04
6458,Producto_6458,Deportes,314.08,82,2040-09-05
6459,Producto_6459,Ropa,906.04,40,2040-09-06
6460,Producto_6460,Hogar,870.65,31,2040-09-07
6461,Producto_6461,Electrónica,245.32,73,2040-09-08
6462,Producto_6462,Hogar,90.38,86,2040-09-09
6463,Producto_6463,Ropa,630.87,11,2040-09-10
6464,Producto_6464,Deportes,343.01,81,2040-09-11
6465,Producto_6465,Hogar,675.36,97,2040-09-12
6466,Producto_6466,Deportes,41.8,62,2040-09-13
6467,Producto_6467,Deportes,142.07,75,2040-09-14
6468,Producto_6468,Deportes,689.51,8,2040-09-15
6469,Producto_6469,Hogar,220.25,51,2040-09-16
6470,Producto_6470,Deportes,859.01,57,2040-09-17
6471,Producto_6471,Deportes,68.0,4,2040-09-18
6472,Producto_6472,Hogar,223.33,36,2040-09-19
6473,Producto_6473,Deportes,998.57,19,2040-09-20
6474,Producto_6474,Hogar,438.75,24,2040-09-21
6475,Producto_6475,Ropa,705.94,41,2040-09-22
6476,Producto_6476,Ropa,190.84,49,2040-09-23
6477,Producto_6477,Ropa,613.77,82,2040-09-24
6478,Producto_6478,Deportes,728.85,97,2040-09-25
6479,Producto_6479,Electrónica,321.33,46,2040-09-26
6480,Producto_6480,Electrónica,830.61,36,2040-09-27
6481,Producto_6481,Deportes,607.38,10,2040-09-28
6482,Producto_6482,Electrónica,395.23,78,2040-09-29
6483,Producto_6483,Hogar,562.07,7,2040-09-30
6484,Producto_6484,Electrónica,580.99,12,2040-10-01
6485,Producto_6485,Deportes,173.88,86,2040-10-02
6486,Producto_6486,Deportes,408.71,91,2040-10-03
6487,Producto_6487,Hogar,350.0,48,2040-10-04
6488,Producto_6488,Ropa,406.89,37,2040-10-05
6489,Producto_6489,Deportes,763.5,75,2040-10-06
6490,Producto_6490,Hogar,487.71,36,2040-10-07
6491,Producto_6491,Electrónica,940.91,60,2040-10-08
6492,Producto_6492,Electrónica,300.74,77,2040-10-09
6493,Producto_6493,Hogar,421.55,96,2040-10-10
6494,Producto_6494,Hogar,789.09,8,2040-10-11
6495,Producto_6495,Deportes,550.56,7,2040-10-12
6496,Producto_6496,Electrónica,551.56,43,2040-10-13
6497,Producto_6497,Hogar,62.81,58,2040-10-14
6498,Producto_6498,Electrónica,404.61,81,2040-10-15
6499,Producto_6499,Hogar,278.03,86,2040-10-16
6500,Producto_6500,Electrónica,999.34,46,2040-10-17
6501,Producto_6501,Ropa,315.27,34,2040-10-18
6502,Producto_6502,Deportes,885.65,84,2040-10-19
6503,Producto_6503,Electrónica,679.47,72,2040-10-20
6504,Producto_6504,Ropa,347.51,22,2040-10-21
6505,Producto_6505,Electrónica,548.1,91,2040-10-22
6506,Producto_6506,Electrónica,842.13,98,2040-10-23
6507,Producto_6507,Ropa,884.53,21,2040-10-24
6508,Producto_6508,Electrónica,168.79,15,2040-10-25
6509,Producto_6509,Electrónica,346.18,5,2040-10-26
6510,Producto_6510,Deportes,341.87,17,2040-10-27
6511,Producto_6511,Ropa,51.62,72,2040-10-28
6512,Producto_6512,Ropa,602.26,19,2040-10-29
6513,Producto_6513,Hogar,856.27,5,2040-10-30
6514,Producto_6514,Electrónica,387.76,23,2040-10-31
6515,Producto_6515,Deportes,742.64,83,2040-11-01
6516,Producto_6516,Electrónica,631.42,14,2040-11-02
6517,Producto_6517,Electrónica,381.89,10,2040-11-03
6518,Producto_6518,Hogar,149.65,31,2040-11-04
6519,Producto_6519,Electrónica,712.23,13,2040-11-05
6520,Producto_6520,Deportes,856.02,22,2040-11-06
6521,Producto_6521,Deportes,689.0,37,2040-11-07
6522,Producto_6522,Hogar,27.7,39,2040-11-08
6523,Producto_6523,Electrónica,224.07,10,2040-11-09
6524,Producto_6524,Deportes,78.79,31,2040-11-10
6525,Producto_6525,Electrónica,574.68,43,2040-11-11
6526,Producto_6526,Electrónica,758.91,99,2040-11-12
6527,Producto_6527,Electrónica,119.47,77,2040-11-13
6528,Producto_6528,Hogar,839.95,94,2040-11-14
6529,Producto_6529,Electrónica,559.95,98,2040-11-15
6530,Producto_6530,Deportes,693.07,36,2040-11-16
6531,Producto_6531,Electrónica,971.69,35,2040-11-17
6532,Producto_6532,Deportes,92.84,68,2040-11-18
6533,Producto_6533,Electrónica,902.21,55,2040-11-19
6534,Producto_6534,Deportes,134.84,68,2040-11-20
6535,Producto_6535,Deportes,399.03,47,2040-11-21
6536,Producto_6536,Electrónica,852.92,6,2040-11-22
6537,Producto_6537,Electrónica,907.19,28,2040-11-23
6538,Producto_6538,Deportes,511.31,30,2040-11-24
6539,Producto_6539,Ropa,598.16,27,2040-11-25
6540,Producto_6540,Hogar,711.07,69,2040-11-26
6541,Producto_6541,Ropa,834.43,39,2040-11-27
6542,Producto_6542,Ropa,130.3,35,2040-11-28
6543,Producto_6543,Electrónica,811.97,44,2040-11-29
6544,Producto_6544,Hogar,486.46,15,2040-11-30
6545,Producto_6545,Ropa,456.12,83,2040-12-01
6546,Producto_6546,Electrónica,429.66,94,2040-12-02
6547,Producto_6547,Ropa,514.12,32,2040-12-03
6548,Producto_6548,Ropa,945.6,29,2040-12-04
6549,Producto_6549,Electrónica,552.72,63,2040-12-05
6550,Producto_6550,Electrónica,953.65,6,2040-12-06
6551,Producto_6551,Electrónica,188.49,90,2040-12-07
6552,Producto_6552,Hogar,726.89,27,2040-12-08
6553,Producto_6553,Ropa,814.12,99,2040-12-09
6554,Producto_6554,Electrónica,682.34,28,2040-12-10
6555,Producto_6555,Deportes,610.85,5,2040-12-11
6556,Producto_6556,Ropa,569.16,41,2040-12-12
6557,Producto_6557,Deportes,862.32,56,2040-12-13
6558,Producto_6558,Hogar,823.43,54,2040-12-14
6559,Producto_6559,Electrónica,131.07,80,2040-12-15
6560,Producto_6560,Deportes,850.1,18,2040-12-16
6561,Producto_6561,Hogar,419.93,77,2040-12-17
6562,Producto_6562,Electrónica,261.16,43,2040-12-18
6563,Producto_6563,Deportes,871.07,89,2040-12-19
6564,Producto_6564,Deportes,437.7,74,2040-12-20
6565,Producto_6565,Hogar,810.28,29,2040-12-21
6566,Producto_6566,Electrónica,270.77,10,2040-12-22
6567,Producto_6567,Electrónica,13.89,6,2040-12-23
6568,Producto_6568,Deportes,500.5,80,2040-12-24
6569,Producto_6569,Deportes,109.23,89,2040-12-25
6570,Producto_6570,Deportes,756.83,4,2040-12-26
6571,Producto_6571,Electrónica,283.31,34,2040-12-27
6572,Producto_6572,Hogar,449.21,83,2040-12-28
6573,Producto_6573,Hogar,96.16,33,2040-12-29
6574,Producto_6574,Electrónica,293.79,4,2040-12-30
6575,Producto_6575,Ropa,783.68,44,2040-12-31
6576,Producto_6576,Hogar,160.07,98,2041-01-01
6577,Producto_6577,Deportes,650.69,76,2041-01-02
6578,Producto_6578,Ropa,918.25,31,2041-01-03
6579,Producto_6579,Ropa,683.04,80,2041-01-04
6580,Producto_6580,Hogar,812.91,66,2041-01-05
6581,Producto_6581,Ropa,117.88,58,2041-01-06
6582,Producto_6582,Ropa,258.22,60,2041-01-07
6583,Producto_6583,Hogar,895.59,2,2041-01-08
6584,Producto_6584,Hogar,717.95,36,2041-01-09
6585,Producto_6585,Ropa,643.16,70,2041-01-10
6586,Producto_6586,Deportes,667.13,60,2041-01-11
6587,Producto_6587,Electrónica,420.06,23,2041-01-12
6588,Producto_6588,Ropa,54.11,47,2041-01-13
6589,Producto_6589,Ropa,786.6,46,2041-01-14
6590,Producto_6590,Deportes,681.93,80,2041-01-15
6591,Producto_6591,Ropa,478.08,44,2041-01-16
6592,Producto_6592,Ropa,900.76,19,2041-01-17
6593,Producto_6593,Electrónica,342.8,49,2041-01-18
6594,Producto_6594,Electrónica,301.38,88,2041-01-19
6595,Producto_6595,Electrónica,874.07,58,2041-01-20
6596,Producto_6596,Hogar,799.02,91,2041-01-21
6597,Producto_6597,Hogar,519.83,7,2041-01-22
6598,Producto_6598,Electrónica,139.43,94,2041-01-23
6599,Producto_6599,Electrónica,222.92,41,2041-01-24
6600,Producto_6600,Hogar,659.67,78,2041-01-25
6601,Producto_6601,Deportes,391.19,15,2041-01-26
6602,Producto_6602,Ropa,838.11,76,2041-01-27
6603,Producto_6603,Ropa,950.46,53,2041-01-28
6604,Producto_6604,Electrónica,807.58,93,2041-01-29
6605,Producto_6605,Deportes,383.77,23,2041-01-30
6606,Producto_6606,Hogar,790.8,77,2041-01-31
6607,Producto_6607,Electrónica,357.93,73,2041-02-01
6608,Producto_6608,Deportes,175.43,88,2041-02-02
6609,Producto_6609,Deportes,43.06,94,2041-02-03
6610,Producto_6610,Deportes,391.86,65,2041-02-04
6611,Producto_6611,Hogar,904.52,60,2041-02-05
6612,Producto_6612,Hogar,246.6,10,2041-02-06
6613,Producto_6613,Ropa,214.45,58,2041-02-07
6614,Producto_6614,Ropa,970.12,47,2041-02-08
6615,Producto_6615,Deportes,34.75,15,2041-02-09
6616,Producto_6616,Deportes,787.92,9,2041-02-10
6617,Producto_6617,Hogar,328.16,13,2041-02-11
6618,Producto_6618,Ropa,47.11,23,2041-02-12
6619,Producto_6619,Deportes,918.62,33,2041-02-13
6620,Producto_6620,Ropa,148.25,9,2041-02-14
6621,Producto_6621,Ropa,556.26,3,2041-02-15
6622,Producto_6622,Deportes,281.31,94,2041-02-16
6623,Producto_6623,Hogar,74.54,73,2041-02-17
6624,Producto_6624,Deportes,59.42,25,2041-02-18
6625,Producto_6625,Deportes,124.4,88,2041-02-19
6626,Producto_6626,Ropa,80.65,96,2041-02-20
6627,Producto_6627,Deportes,762.95,71,2041-02-21
6628,Producto_6628,Hogar,490.71,36,2041-02-22
6629,Producto_6629,Deportes,349.46,89,2041-02-23
6630,Producto_6630,Hogar,424.19,20,2041-02-24
6631,Producto_6631,Hogar,929.66,81,2041-02-25
6632,Producto_6632,Ropa,911.64,54,2041-02-26
6633,Producto_6633,Electrónica,718.52,90,2041-02-27
6634,Producto_6634,Electrónica,885.84,19,2041-02-28
6635,Producto_6635,Ropa,326.45,60,2041-03-01
6636,Producto_6636,Deportes,387.3,37,2041-03-02
6637,Producto_6637,Ropa,617.58,3,2041-03-03
6638,Producto_6638,Hogar,627.39,92,2041-03-04
6639,Producto_6639,Electrónica,486.88,86,2041-03-05
6640,Producto_6640,Ropa,406.65,19,2041-03-06
6641,Producto_6641,Deportes,986.32,53,2041-03-07
6642,Producto_6642,Ropa,822.91,46,2041-03-08
6643,Producto_6643,Electrónica,440.63,80,2041-03-09
6644,Producto_6644,Ropa,730.02,56,2041-03-10
6645,Producto_6645,Ropa,276.87,70,2041-03-11
6646,Producto_6646,Electrónica,109.17,31,2041-03-12
6647,Producto_6647,Hogar,358.91,53,2041-03-13
6648,Producto_6648,Hogar,408.94,34,2041-03-14
6649,Producto_6649,Electrónica,26.37,31,2041-03-15
6650,Producto_6650,Ropa,816.64,60,2041-03-16
6651,Producto_6651,Electrónica,365.6,11,2041-03-17
6652,Producto_6652,Hogar,584.61,6,2041-03-18
6653,Producto_6653,Deportes,83.22,27,2041-03-19
6654,Producto_6654,Ropa,183.25,7,2041-03-20
6655,Producto_6655,Hogar,890.8,49,2041-03-21
6656,Producto_6656,Ropa,612.6,96,2041-03-22
6657,Producto_6657,Electrónica,950.78,72,2041-03-23
6658,Producto_6658,Deportes,998.76,60,2041-03-24
6659,Producto_6659,Electrónica,378.14,33,2041-03-25
6660,Producto_6660,Deportes,305.82,47,2041-03-26
6661,Producto_6661,Ropa,859.77,44,2041-03-27
6662,Producto_6662,Ropa,998.63,79,2041-03-28
6663,Producto_6663,Electrónica,633.34,27,2041-03-29
6664,Producto_6664,Deportes,797.19,94,2041-03-30
6665,Producto_6665,Deportes,783.93,22,2041-03-31
6666,Producto_6666,Ropa,361.79,47,2041-04-01
6667,Producto_6667,Electrónica,578.53,93,2041-04-02
6668,Producto_6668,Deportes,834.73,48,2041-04-03
6669,Producto_6669,Ropa,691.23,30,2041-04-04
6670,Producto_6670,Hogar,30.95,2,2041-04-05
6671,Producto_6671,Electrónica,343.34,15,2041-04-06
6672,Producto_6672,Hogar,153.03,47,2041-04-07
6673,Producto_6673,Electrónica,240.64,27,2041-04-08
6674,Producto_6674,Ropa,906.43,71,2041-04-09
6675,Producto_6675,Deportes,46.52,27,2041-04-10
6676,Producto_6676,Deportes,227.6,85,2041-04-11
6677,Producto_6677,Deportes,316.47,13,2041-04-12
6678,Producto_6678,Electrónica,620.72,55,2041-04-13
6679,Producto_6679,Ropa,538.76,17,2041-04-14
6680,Producto_6680,Hogar,226.09,75,2041-04-15
6681,Producto_6681,Ropa,172.6,59,2041-04-16
6682,Producto_6682,Hogar,244.43,10,2041-04-17
6683,Producto_6683,Electrónica,507.5,33,2041-04-18
6684,Producto_6684,Electrónica,278.47,78,2041-04-19
6685,Producto_6685,Hogar,948.13,37,2041-04-20
6686,Producto_6686,Hogar,469.23,8,2041-04-21
6687,Producto_6687,Hogar,68.21,33,2041-04-22
6688,Producto_6688,Ropa,731.97,7,2041-04-23
6689,Producto_6689,Hogar,335.56,34,2041-04-24
6690,Producto_6690,Electrónica,656.95,71,2041-04-25
6691,Producto_6691,Electrónica,286.8,7,2041-04-26
6692,Producto_6692,Deportes,575.04,41,2041-04-27
6693,Producto_6693,Hogar,774.43,55,2041-04-28
6694,Producto_6694,Ropa,928.73,7,2041-04-29
6695,Producto_6695,Ropa,268.52,84,2041-04-30
6696,Producto_6696,Ropa,341.51,18,2041-05-01
6697,Producto_6697,Deportes,469.62,43,2041-05-02
6698,Producto_6698,Electrónica,927.9,78,2041-05-03
6699,Producto_6699,Ropa,902.37,40,2041-05-04
6700,Producto_6700,Electrónica,98.98,53,2041-05-05
6701,Producto_6701,Deportes,140.61,14,2041-05-06
6702,Producto_6702,Hogar,500.55,21,2041-05-07
6703,Producto_6703,Hogar,115.55,57,2041-05-08
6704,Producto_6704,Hogar,352.13,91,2041-05-09
6705,Producto_6705,Ropa,156.9,46,2041-05-10
6706,Producto_6706,Hogar,639.68,26,2041-05-11
6707,Producto_6707,Ropa,950.0,91,2041-05-12
6708,Producto_6708,Deportes,996.77,24,2041-05-13
6709,Producto_6709,Deportes,381.49,5,2041-05-14
6710,Producto_6710,Ropa,603.02,42,2041-05-15
6711,Producto_6711,Electrónica,857.7,92,2041-05-16
6712,Producto_6712,Hogar,126.29,43,2041-05-17
6713,Producto_6713,Hogar,692.67,32,2041-05-18
6714,Producto_6714,Hogar,414.76,88,2041-05-19
6715,Producto_6715,Ropa,214.08,6,2041-05-20
6716,Producto_6716,Deportes,408.73,74,2041-05-21
6717,Producto_6717,Hogar,85.2,67,2041-05-22
6718,Producto_6718,Deportes,698.45,7,2041-05-23
6719,Producto_6719,Hogar,260.22,29,2041-05-24
6720,Producto_6720,Hogar,318.29,34,2041-05-25
6721,Producto_6721,Ropa,129.87,7,2041-05-26
6722,Producto_6722,Electrónica,866.01,81,2041-05-27
6723,Producto_6723,Ropa,498.51,77,2041-05-28
6724,Producto_6724,Hogar,576.43,58,2041-05-29
6725,Producto_6725,Hogar,573.74,85,2041-05-30
6726,Producto_6726,Electrónica,416.39,31,2041-05-31
6727,Producto_6727,Deportes,200.6,73,2041-06-01
6728,Producto_6728,Deportes,747.68,45,2041-06-02
6729,Producto_6729,Hogar,135.79,47,2041-06-03
6730,Producto_6730,Deportes,112.84,77,2041-06-04
6731,Producto_6731,Hogar,713.04,81,2041-06-05
6732,Producto_6732,Electrónica,216.75,72,2041-06-06
6733,Producto_6733,Electrónica,313.71,73,2041-06-07
6734,Producto_6734,Hogar,480.48,73,2041-06-08
6735,Producto_6735,Electrónica,454.86,40,2041-06-09
6736,Producto_6736,Ropa,711.49,30,2041-06-10
6737,Producto_6737,Ropa,627.2,62,2041-06-11
6738,Producto_6738,Electrónica,647.95,71,2041-06-12
6739,Producto_6739,Hogar,716.91,17,2041-06-13
6740,Producto_6740,Hogar,299.69,5,2041-06-14
6741,Producto_6741,Electrónica,329.11,81,2041-06-15
6742,Producto_6742,Deportes,443.62,1,2041-06-16
6743,Producto_6743,Ropa,314.39,80,2041-06-17
6744,Producto_6744,Deportes,985.09,81,2041-06-18
6745,Producto_6745,Hogar,815.91,94,2041-06-19
6746,Producto_6746,Hogar,173.01,31,2041-06-20
6747,Producto_6747,Deportes,15.54,35,2041-06-21
6748,Producto_6748,Electrónica,52.36,72,2041-06-22
6749,Producto_6749,Deportes,251.62,30,2041-06-23
6750,Producto_6750,Deportes,123.15,85,2041-06-24
6751,Producto_6751,Ropa,538.0,15,2041-06-25
6752,Producto_6752,Ropa,859.42,98,2041-06-26
6753,Producto_6753,Deportes,739.38,56,2041-06-27
6754,Producto_6754,Deportes,223.45,60,2041-06-28
6755,Producto_6755,Hogar,405.31,27,2041-06-29
6756,Producto_6756,Ropa,512.82,2,2041-06-30
6757,Producto_6757,Ropa,812.1,74,2041-07-01
6758,Producto_6758,Hogar,840.73,64,2041-07-02
6759,Producto_6759,Electrónica,910.62,5,2041-07-03
6760,Producto_6760,Ropa,514.15,91,2041-07-04
6761,Producto_6761,Ropa,697.33,68,2041-07-05
6762,Producto_6762,Electrónica,120.68,13,2041-07-06
6763,Producto_6763,Ropa,569.64,81,2041-07-07
6764,Producto_6764,Ropa,256.2,85,2041-07-08
6765,Producto_6765,Electrónica,437.4,23,2041-07-09
6766,Producto_6766,Electrónica,637.71,97,2041-07-10
6767,Producto_6767,Deportes,264.42,50,2041-07-11
6768,Producto_6768,Hogar,61.66,79,2041-07-12
6769,Producto_6769,Hogar,20.13,78,2041-07-13
6770,Producto_6770,Electrónica,31.94,73,2041-07-14
6771,Producto_6771,Electrónica,18.27,37,2041-07-15
6772,Producto_6772,Ropa,119.25,30,2041-07-16
6773,Producto_6773,Deportes,247.09,93,2041-07-17
6774,Producto_6774,Deportes,229.01,23,2041-07-18
6775,Producto_6775,Electrónica,986.93,34,2041-07-19
6776,Producto_6776,Ropa,312.95,64,2041-07-20
6777,Producto_6777,Ropa,136.15,55,2041-07-21
6778,Producto_6778,Hogar,550.11,71,2041-07-22
6779,Producto_6779,Hogar,859.38,9,2041-07-23
6780,Producto_6780,Ropa,681.28,4,2041-07-24
6781,Producto_6781,Hogar,303.12,66,2041-07-25
6782,Producto_6782,Electrónica,566.0,91,2041-07-26
6783,Producto_6783,Ropa,717.71,33,2041-07-27
6784,Producto_6784,Hogar,730.82,32,2041-07-28
6785,Producto_6785,Deportes,669.87,44,2041-07-29
6786,Producto_6786,Ropa,872.1,37,2041-07-30
6787,Producto_6787,Ropa,871.4,91,2041-07-31
6788,Producto_6788,Deportes,583.15,92,2041-08-01
6789,Producto_6789,Electrónica,435.56,67,2041-08-02
6790,Producto_6790,Deportes,645.15,60,2041-08-03
6791,Producto_6791,Ropa,820.03,59,2041-08-04
6792,Producto_6792,Electrónica,15.6,36,2041-08-05
6793,Producto_6793,Hogar,992.08,49,2041-08-06
6794,Producto_6794,Hogar,191.06,51,2041-08-07
6795,Producto_6795,Hogar,475.55,8,2041-08-08
6796,Producto_6796,Ropa,873.31,50,2041-08-09
6797,Producto_6797,Deportes,232.79,41,2041-08-10
6798,Producto_6798,Electrónica,482.03,38,2041-08-11
6799,Producto_6799,Hogar,141.26,86,2041-08-12
6800,Producto_6800,Electrónica,401.13,78,2041-08-13
6801,Producto_6801,Ropa,185.36,79,2041-08-14
6802,Producto_6802,Hogar,369.99,55,2041-08-15
6803,Producto_6803,Ropa,379.73,68,2041-08-16
6804,Producto_6804,Deportes,993.24,18,2041-08-17
6805,Producto_6805,Ropa,994.86,65,2041-08-18
6806,Producto_6806,Ropa,123.64,64,2041-08-19
6807,Producto_6807,Deportes,728.71,12,2041-08-20
6808,Producto_6808,Electrónica,61.23,41,2041-08-21
6809,Producto_6809,Deportes,39.89,42,2041-08-22
6810,Producto_6810,Deportes,114.28,60,2041-08-23
6811,Producto_6811,Ropa,965.83,50,2041-08-24
6812,Producto_6812,Electrónica,941.45,81,2041-08-25
6813,Producto_6813,Hogar,201.99,83,2041-08-26
6814,Producto_6814,Deportes,170.06,36,2041-08-27
6815,Producto_6815,Electrónica,248.13,48,2041-08-28
6816,Producto_6816,Deportes,520.39,71,2041-08-29
6817,Producto_6817,Deportes,574.01,73,2041-08-30
6818,Producto_6818,Deportes,229.38,8,2041-08-31
6819,Producto_6819,Deportes,759.06,25,2041-09-01
6820,Producto_6820,Ropa,316.46,7,2041-09-02
6821,Producto_6821,Electrónica,922.91,8,2041-09-03
6822,Producto_6822,Electrónica,660.16,88,2041-09-04
6823,Producto_6823,Electrónica,441.99,81,2041-09-05
6824,Producto_6824,Deportes,792.01,76,2041-09-06
6825,Producto_6825,Ropa,819.74,31,2041-09-07
6826,Producto_6826,Deportes,297.58,12,2041-09-08
6827,Producto_6827,Deportes,346.32,57,2041-09-09
6828,Producto_6828,Electrónica,936.6,66,2041-09-10
6829,Producto_6829,Deportes,173.09,12,2041-09-11
6830,Producto_6830,Hogar,51.73,27,2041-09-12
6831,Producto_6831,Deportes,459.51,46,2041-09-13
6832,Producto_6832,Hogar,803.2,7,2041-09-14
6833,Producto_6833,Deportes,773.95,61,2041-09-15
6834,Producto_6834,Ropa,920.34,58,2041-09-16
6835,Producto_6835,Ropa,537.87,58,2041-09-17
6836,Producto_6836,Electrónica,109.06,13,2041-09-18
6837,Producto_6837,Deportes,592.8,53,2041-09-19
6838,Producto_6838,Hogar,780.61,65,2041-09-20
6839,Producto_6839,Hogar,102.39,49,2041-09-21
6840,Producto_6840,Deportes,180.93,35,2041-09-22
6841,Producto_6841,Hogar,22.17,94,2041-09-23
6842,Producto_6842,Ropa,597.72,95,2041-09-24
6843,Producto_6843,Hogar,887.87,17,2041-09-25
6844,Producto_6844,Electrónica,673.96,72,2041-09-26
6845,Producto_6845,Ropa,982.22,67,2041-09-27
6846,Producto_6846,Ropa,72.4,10,2041-09-28
6847,Producto_6847,Ropa,903.97,34,2041-09-29
6848,Producto_6848,Deportes,815.93,86,2041-09-30
6849,Producto_6849,Deportes,321.1,4,2041-10-01
6850,Producto_6850,Ropa,973.79,96,2041-10-02
6851,Producto_6851,Deportes,295.06,29,2041-10-03
6852,Producto_6852,Hogar,890.41,46,2041-10-04
6853,Producto_6853,Deportes,881.94,75,2041-10-05
6854,Producto_6854,Deportes,760.08,46,2041-10-06
6855,Producto_6855,Ropa,567.84,77,2041-10-07
6856,Producto_6856,Electrónica,128.8,59,2041-10-08
6857,Producto_6857,Electrónica,536.65,61,2041-10-09
6858,Producto_6858,Electrónica,363.23,68,2041-10-10
6859,Producto_6859,Hogar,794.29,66,2041-10-11
6860,Producto_6860,Deportes,760.55,34,2041-10-12
6861,Producto_6861,Electrónica,911.51,86,2041-10-13
6862,Producto_6862,Ropa,24.68,5,2041-10-14
6863,Producto_6863,Electrónica,811.01,9,2041-10-15
6864,Producto_6864,Electrónica,939.08,20,2041-10-16
6865,Producto_6865,Deportes,791.41,21,2041-10-17
6866,Producto_6866,Deportes,138.89,17,2041-10-18
6867,Producto_6867,Deportes,90.47,12,2041-10-19
6868,Producto_6868,Hogar,30.64,92,2041-10-20
6869,Producto_6869,Hogar,632.46,82,2041-10-21
6870,Producto_6870,Electrónica,633.38,67,2041-10-22
6871,Producto_6871,Deportes,987.04,5,2041-10-23
6872,Producto_6872,Electrónica,404.06,60,2041-10-24
6873,Producto_6873,Ropa,338.59,53,2041-10-25
6874,Producto_6874,Ropa,628.18,52,2041-10-26
6875,Producto_6875,Deportes,827.35,78,2041-10-27
6876,Producto_6876,Deportes,937.41,48,2041-10-28
6877,Producto_6877,Ropa,805.09,90,2041-10-29
6878,Producto_6878,Deportes,432.41,19,2041-10-30
6879,Producto_6879,Hogar,638.57,17,2041-10-31
6880,Producto_6880,Hogar,857.74,54,2041-11-01
6881,Producto_6881,Deportes,495.7,68,2041-11-02
6882,Producto_6882,Ropa,224.52,35,2041-11-03
6883,Producto_6883,Electrónica,178.03,88,2041-11-04
6884,Producto_6884,Deportes,10.16,41,2041-11-05
6885,Producto_6885,Deportes,721.06,13,2041-11-06
6886,Producto_6886,Electrónica,119.99,33,2041-11-07
6887,Producto_6887,Deportes,251.4,15,2041-11-08
6888,Producto_6888,Electrónica,304.9,63,2041-11-09
6889,Producto_6889,Ropa,564.78,15,2041-11-10
6890,Producto_6890,Hogar,403.98,31,2041-11-11
6891,Producto_6891,Ropa,677.93,28,2041-11-12
6892,Producto_6892,Hogar,65.08,10,2041-11-13
6893,Producto_6893,Electrónica,132.7,57,2041-11-14
6894,Producto_6894,Hogar,504.22,71,2041-11-15
6895,Producto_6895,Ropa,343.6,33,2041-11-16
6896,Producto_6896,Hogar,302.86,7,2041-11-17
6897,Producto_6897,Electrónica,76.36,5,2041-11-18
6898,Producto_6898,Hogar,896.76,90,2041-11-19
6899,Producto_6899,Deportes,694.9,80,2041-11-20
6900,Producto_6900,Ropa,130.4,57,2041-11-21
6901,Producto_6901,Deportes,74.4,72,2041-11-22
6902,Producto_6902,Electrónica,975.12,86,2041-11-23
6903,Producto_6903,Hogar,684.36,98,2041-11-24
6904,Producto_6904,Deportes,423.28,40,2041-11-25
6905,Producto_6905,Deportes,704.71,28,2041-11-26
6906,Producto_6906,Hogar,758.77,36,2041-11-27
6907,Producto_6907,Hogar,782.16,56,2041-11-28
6908,Producto_6908,Ropa,483.1,47,2041-11-29
6909,Producto_6909,Deportes,435.58,71,2041-11-30
6910,Producto_6910,Deportes,20.92,40,2041-12-01
6911,Producto_6911,Electrónica,927.29,59,2041-12-02
6912,Producto_6912,Ropa,607.27,43,2041-12-03
6913,Producto_6913,Electrónica,211.12,92,2041-12-04
6914,Producto_6914,Deportes,920.41,66,2041-12-05
6915,Producto_6915,Electrónica,915.78,9,2041-12-06
6916,Producto_6916,Deportes,989.29,6,2041-12-07
6917,Producto_6917,Deportes,875.32,65,2041-12-08
6918,Producto_6918,Electrónica,997.81,3,2041-12-09
6919,Producto_6919,Electrónica,252.24,74,2041-12-10
6920,Producto_6920,Hogar,843.83,37,2041-12-11
6921,Producto_6921,Hogar,824.8,87,2041-12-12
6922,Producto_6922,Hogar,238.63,33,2041-12-13
6923,Producto_6923,Deportes,107.45,9,2041-12-14
6924,Producto_6924,Electrónica,979.63,53,2041-12-15
6925,Producto_6925,Ropa,303.06,77,2041-12-16
6926,Producto_6926,Deportes,872.18,92,2041-12-17
6927,Producto_6927,Ropa,14.09,51,2041-12-18
6928,Producto_6928,Electrónica,30.81,71,2041-12-19
6929,Producto_6929,Deportes,471.21,26,2041-12-20
6930,Producto_6930,Ropa,246.33,16,2041-12-21
6931,Producto_6931,Ropa,692.94,40,2041-12-22
6932,Producto_6932,Hogar,569.91,90,2041-12-23
6933,Producto_6933,Hogar,86.71,51,2041-12-24
6934,Producto_6934,Hogar,171.0,39,2041-12-25
6935,Producto_6935,Deportes,394.17,55,2041-12-26
6936,Producto_6936,Electrónica,193.75,96,2041-12-27
6937,Producto_6937,Electrónica,794.3,36,2041-12-28
6938,Producto_6938,Hogar,421.91,65,2041-12-29
6939,Producto_6939,Hogar,102.5,85,2041-12-30
6940,Producto_6940,Hogar,489.5,77,2041-12-31
6941,Producto_6941,Ropa,99.93,90,2042-01-01
6942,Producto_6942,Hogar,137.65,45,2042-01-02
6943,Producto_6943,Ropa,247.21,9,2042-01-03
6944,Producto_6944,Electrónica,860.93,37,2042-01-04
6945,Producto_6945,Deportes,925.37,87,2042-01-05
6946,Producto_6946,Deportes,828.0,1,2042-01-06
6947,Producto_6947,Deportes,340.74,66,2042-01-07
6948,Producto_6948,Deportes,279.72,63,2042-01-08
6949,Producto_6949,Ropa,553.66,43,2042-01-09
6950,Producto_6950,Ropa,724.63,28,2042-01-10
6951,Producto_6951,Hogar,993.44,31,2042-01-11
6952,Producto_6952,Ropa,140.26,69,2042-01-12
6953,Producto_6953,Hogar,58.8,89,2042-01-13
6954,Producto_6954,Hogar,697.41,8,2042-01-14
6955,Producto_6955,Deportes,833.9,34,2042-01-15
6956,Producto_6956,Ropa,847.89,49,2042-01-16
6957,Producto_6957,Ropa,681.68,96,2042-01-17
6958,Producto_6958,Hogar,954.48,58,2042-01-18
6959,Producto_6959,Hogar,515.89,75,2042-01-19
6960,Producto_6960,Electrónica,914.68,47,2042-01-20
6961,Producto_6961,Electrónica,968.13,25,2042-01-21
6962,Producto_6962,Hogar,848.69,3,2042-01-22
6963,Producto_6963,Electrónica,316.66,45,2042-01-23
6964,Producto_6964,Electrónica,204.25,52,2042-01-24
6965,Producto_6965,Hogar,552.64,96,2042-01-25
6966,Producto_6966,Hogar,458.48,99,2042-01-26
6967,Producto_6967,Ropa,878.98,96,2042-01-27
6968,Producto_6968,Hogar,109.03,34,2042-01-28
6969,Producto_6969,Hogar,265.16,69,2042-01-29
6970,Producto_6970,Deportes,754.28,92,2042-01-30
6971,Producto_6971,Ropa,104.04,92,2042-01-31
6972,Producto_6972,Ropa,327.56,8,2042-02-01
6973,Producto_6973,Ropa,393.28,27,2042-02-02
6974,Producto_6974,Deportes,626.37,80,2042-02-03
6975,Producto_6975,Hogar,166.55,63,2042-02-04
6976,Producto_6976,Ropa,862.0,82,2042-02-05
6977,Producto_6977,Ropa,453.07,25,2042-02-06
6978,Producto_6978,Electrónica,917.85,58,2042-02-07
6979,Producto_6979,Ropa,473.19,48,2042-02-08
6980,Producto_6980,Hogar,282.29,1,2042-02-09
6981,Producto_6981,Hogar,150.41,8,2042-02-10
6982,Producto_6982,Electrónica,13.71,21,2042-02-11
6983,Producto_6983,Ropa,536.84,98,2042-02-12
6984,Producto_6984,Ropa,116.09,88,2042-02-13
6985,Producto_6985,Ropa,397.81,90,2042-02-14
6986,Producto_6986,Deportes,593.38,78,2042-02-15
6987,Producto_6987,Ropa,282.93,29,2042-02-16
6988,Producto_6988,Hogar,183.47,30,2042-02-17
6989,Producto_6989,Hogar,776.97,3,2042-02-18
6990,Producto_6990,Deportes,947.32,7,2042-02-19
6991,Producto_6991,Deportes,109.44,11,2042-02-20
6992,Producto_6992,Ropa,164.03,32,2042-02-21
6993,Producto_6993,Electrónica,960.41,59,2042-02-22
6994,Producto_6994,Deportes,47.41,12,2042-02-23
6995,Producto_6995,Deportes,977.86,79,2042-02-24
6996,Producto_6996,Ropa,14.6,38,2042-02-25
6997,Producto_6997,Ropa,874.93,24,2042-02-26
6998,Producto_6998,Deportes,314.25,65,2042-02-27
6999,Producto_6999,Electrónica,939.2,18,2042-02-28
7000,Producto_7000,Deportes,323.78,46,2042-03-01
7001,Producto_7001,Ropa,657.76,56,2042-03-02
7002,Producto_7002,Ropa,89.23,63,2042-03-03
7003,Producto_7003,Deportes,249.91,7,2042-03-04
7004,Producto_7004,Electrónica,775.94,66,2042-03-05
7005,Producto_7005,Deportes,533.4,40,2042-03-06
7006,Producto_7006,Deportes,928.69,54,2042-03-07
7007,Producto_7007,Ropa,434.46,31,2042-03-08
7008,Producto_7008,Electrónica,871.11,97,2042-03-09
7009,Producto_7009,Hogar,454.47,52,2042-03-10
7010,Producto_7010,Electrónica,979.46,94,2042-03-11
7011,Producto_7011,Deportes,960.24,31,2042-03-12
7012,Producto_7012,Deportes,335.85,34,2042-03-13
7013,Producto_7013,Deportes,887.06,7,2042-03-14
7014,Producto_7014,Electrónica,849.14,89,2042-03-15
7015,Producto_7015,Ropa,218.57,16,2042-03-16
7016,Producto_7016,Deportes,628.05,22,2042-03-17
7017,Producto_7017,Deportes,81.96,53,2042-03-18
7018,Producto_7018,Electrónica,838.34,91,2042-03-19
7019,Producto_7019,Hogar,182.8,17,2042-03-20
7020,Producto_7020,Hogar,80.11,4,2042-03-21
7021,Producto_7021,Ropa,406.22,61,2042-03-22
7022,Producto_7022,Ropa,581.15,99,2042-03-23
7023,Producto_7023,Deportes,856.37,86,2042-03-24
7024,Producto_7024,Electrónica,974.5,52,2042-03-25
7025,Producto_7025,Deportes,445.1,35,2042-03-26
7026,Producto_7026,Ropa,69.84,44,2042-03-27
7027,Producto_7027,Electrónica,751.62,15,2042-03-28
7028,Producto_7028,Electrónica,569.52,61,2042-03-29
7029,Producto_7029,Ropa,453.41,44,2042-03-30
7030,Producto_7030,Hogar,316.18,21,2042-03-31
7031,Producto_7031,Hogar,507.37,77,2042-04-01
7032,Producto_7032,Electrónica,345.29,47,2042-04-02
7033,Producto_7033,Deportes,759.44,75,2042-04-03
7034,Producto_7034,Hogar,548.45,49,2042-04-04
7035,Producto_7035,Deportes,878.08,53,2042-04-05
7036,Producto_7036,Hogar,548.11,27,2042-04-06
7037,Producto_7037,Hogar,245.88,31,2042-04-07
7038,Producto_7038,Deportes,852.58,44,2042-04-08
7039,Producto_7039,Ropa,561.65,32,2042-04-09
7040,Producto_7040,Hogar,214.77,30,2042-04-10
7041,Producto_7041,Hogar,627.27,18,2042-04-11
7042,Producto_7042,Deportes,364.14,63,2042-04-12
7043,Producto_7043,Ropa,845.96,16,2042-04-13
7044,Producto_7044,Hogar,458.77,35,2042-04-14
7045,Producto_7045,Hogar,729.18,62,2042-04-15
7046,Producto_7046,Ropa,104.58,9,2042-04-16
7047,Producto_7047,Hogar,402.06,62,2042-04-17
7048,Producto_7048,Ropa,983.41,39,2042-04-18
7049,Producto_7049,Ropa,810.38,51,2042-04-19
7050,Producto_7050,Deportes,168.34,10,2042-04-20
7051,Producto_7051,Electrónica,284.99,52,2042-04-21
7052,Producto_7052,Ropa,336.52,12,2042-04-22
7053,Producto_7053,Deportes,653.86,72,2042-04-23
7054,Producto_7054,Electrónica,759.42,62,2042-04-24
7055,Producto_7055,Hogar,752.03,3,2042-04-25
7056,Producto_7056,Electrónica,514.78,83,2042-04-26
7057,Producto_7057,Ropa,812.71,11,2042-04-27
7058,Producto_7058,Ropa,442.71,8,2042-04-28
7059,Producto_7059,Ropa,132.64,90,2042-04-29
7060,Producto_7060,Ropa,568.8,23,2042-04-30
7061,Producto_7061,Ropa,952.78,10,2042-05-01
7062,Producto_7062,Deportes,795.06,18,2042-05-02
7063,Producto_7063,Ropa,582.91,76,2042-05-03
7064,Producto_7064,Deportes,650.34,39,2042-05-04
7065,Producto_7065,Hogar,931.26,26,2042-05-05
7066,Producto_7066,Ropa,434.06,11,2042-05-06
7067,Producto_7067,Ropa,338.08,10,2042-05-07
7068,Producto_7068,Electrónica,977.47,3,2042-05-08
7069,Producto_7069,Hogar,864.81,62,2042-05-09
7070,Producto_7070,Ropa,329.81,71,2042-05-10
7071,Producto_7071,Ropa,469.14,61,2042-05-11
7072,Producto_7072,Hogar,420.93,4,2042-05-12
7073,Producto_7073,Deportes,157.6,61,2042-05-13
7074,Producto_7074,Ropa,958.24,8,2042-05-14
7075,Producto_7075,Electrónica,410.27,13,2042-05-15
7076,Producto_7076,Ropa,876.58,12,2042-05-16
7077,Producto_7077,Electrónica,197.46,35,2042-05-17
7078,Producto_7078,Electrónica,552.39,54,2042-05-18
7079,Producto_7079,Ropa,33.72,51,2042-05-19
7080,Producto_7080,Ropa,766.58,43,2042-05-20
7081,Producto_7081,Electrónica,585.1,66,2042-05-21
7082,Producto_7082,Hogar,629.33,15,2042-05-22
7083,Producto_7083,Hogar,61.2,49,2042-05-23
7084,Producto_7084,Ropa,218.93,34,2042-05-24
7085,Producto_7085,Deportes,83.59,39,2042-05-25
7086,Producto_7086,Hogar,296.03,26,2042-05-26
7087,Producto_7087,Ropa,631.16,69,2042-05-27
7088,Producto_7088,Hogar,570.52,48,2042-05-28
7089,Producto_7089,Deportes,616.03,89,2042-05-29
7090,Producto_7090,Ropa,553.76,51,2042-05-30
7091,Producto_7091,Deportes,280.3,98,2042-05-31
7092,Producto_7092,Ropa,252.06,4,2042-06-01
7093,Producto_7093,Deportes,145.69,98,2042-06-02
7094,Producto_7094,Hogar,850.58,27,2042-06-03
7095,Producto_7095,Hogar,620.31,42,2042-06-04
7096,Producto_7096,Deportes,194.65,56,2042-06-05
7097,Producto_7097,Deportes,185.44,93,2042-06-06
7098,Producto_7098,Deportes,874.31,69,2042-06-07
7099,Producto_7099,Ropa,745.3,18,2042-06-08
7100,Producto_7100,Hogar,662.81,61,2042-06-09
7101,Producto_7101,Ropa,412.8,4,2042-06-10
7102,Producto_7102,Hogar,269.36,1,2042-06-11
7103,Producto_7103,Electrónica,979.66,50,2042-06-12
7104,Producto_7104,Ropa,799.27,84,2042-06-13
7105,Producto_7105,Hogar,308.76,70,2042-06-14
7106,Producto_7106,Hogar,849.09,20,2042-06-15
7107,Producto_7107,Ropa,761.34,20,2042-06-16
7108,Producto_7108,Ropa,304.11,46,2042-06-17
7109,Producto_7109,Hogar,432.29,27,2042-06-18
7110,Producto_7110,Ropa,194.09,26,2042-06-19
7111,Producto_7111,Deportes,119.94,32,2042-06-20
7112,Producto_7112,Ropa,725.53,10,2042-06-21
7113,Producto_7113,Ropa,274.84,82,2042-06-22
7114,Producto_7114,Ropa,821.86,12,2042-06-23
7115,Producto_7115,Hogar,995.65,74,2042-06-24
7116,Producto_7116,Deportes,85.85,88,2042-06-25
7117,Producto_7117,Electrónica,478.3,24,2042-06-26
7118,Producto_7118,Electrónica,804.04,51,2042-06-27
7119,Producto_7119,Deportes,791.06,38,2042-06-28
7120,Producto_7120,Deportes,762.4,46,2042-06-29
7121,Producto_7121,Deportes,355.5,89,2042-06-30
7122,Producto_7122,Hogar,459.31,8,2042-07-01
7123,Producto_7123,Electrónica,599.02,55,2042-07-02
7124,Producto_7124,Deportes,974.2,78,2042-07-03
7125,Producto_7125,Hogar,334.27,31,2042-07-04
7126,Producto_7126,Electrónica,923.91,88,2042-07-05
7127,Producto_7127,Ropa,276.66,16,2042-07-06
7128,Producto_7128,Hogar,989.18,20,2042-07-07
7129,Producto_7129,Electrónica,673.56,38,2042-07-08
7130,Producto_7130,Hogar,468.88,15,2042-07-09
7131,Producto_7131,Electrónica,617.26,78,2042-07-10
7132,Producto_7132,Electrónica,279.81,76,2042-07-11
7133,Producto_7133,Ropa,281.43,34,2042-07-12
7134,Producto_7134,Hogar,122.42,72,2042-07-13
7135,Producto_7135,Deportes,122.91,19,2042-07-14
7136,Producto_7136,Ropa,354.2,69,2042-07-15
7137,Producto_7137,Ropa,765.23,91,2042-07-16
7138,Producto_7138,Electrónica,611.89,63,2042-07-17
7139,Producto_7139,Deportes,111.56,77,2042-07-18
7140,Producto_7140,Hogar,853.71,32,2042-07-19
7141,Producto_7141,Deportes,605.35,95,2042-07-20
7142,Producto_7142,Deportes,961.25,37,2042-07-21
7143,Producto_7143,Deportes,673.48,66,2042-07-22
7144,Producto_7144,Deportes,183.42,7,2042-07-23
7145,Producto_7145,Deportes,479.05,48,2042-07-24
7146,Producto_7146,Electrónica,652.01,11,2042-07-25
7147,Producto_7147,Electrónica,37.98,75,2042-07-26
7148,Producto_7148,Ropa,24.76,87,2042-07-27
7149,Producto_7149,Electrónica,138.11,31,2042-07-28
7150,Producto_7150,Ropa,259.15,44,2042-07-29
7151,Producto_7151,Ropa,435.25,45,2042-07-30
7152,Producto_7152,Hogar,492.57,72,2042-07-31
7153,Producto_7153,Deportes,146.65,56,2042-08-01
7154,Producto_7154,Electrónica,676.66,32,2042-08-02
7155,Producto_7155,Hogar,600.18,21,2042-08-03
7156,Producto_7156,Electrónica,301.52,31,2042-08-04
7157,Producto_7157,Ropa,23.52,1,2042-08-05
7158,Producto_7158,Electrónica,86.87,77,2042-08-06
7159,Producto_7159,Deportes,397.78,11,2042-08-07
7160,Producto_7160,Ropa,162.43,93,2042-08-08
7161,Producto_7161,Ropa,383.05,68,2042-08-09
7162,Producto_7162,Hogar,631.9,36,2042-08-10
7163,Producto_7163,Deportes,551.77,79,2042-08-11
7164,Producto_7164,Ropa,238.86,59,2042-08-12
7165,Producto_7165,Deportes,350.38,67,2042-08-13
7166,Producto_7166,Electrónica,617.89,56,2042-08-14
7167,Producto_7167,Deportes,862.25,51,2042-08-15
7168,Producto_7168,Ropa,755.68,29,2042-08-16
7169,Producto_7169,Hogar,557.87,85,2042-08-17
7170,Producto_7170,Ropa,368.67,2,2042-08-18
7171,Producto_7171,Deportes,371.4,6,2042-08-19
7172,Producto_7172,Deportes,880.62,31,2042-08-20
7173,Producto_7173,Ropa,48.85,54,2042-08-21
7174,Producto_7174,Deportes,988.1,88,2042-08-22
7175,Producto_7175,Electrónica,667.73,40,2042-08-23
7176,Producto_7176,Ropa,684.33,17,2042-08-24
7177,Producto_7177,Hogar,47.62,5,2042-08-25
7178,Producto_7178,Ropa,609.47,2,2042-08-26
7179,Producto_7179,Electrónica,489.93,58,2042-08-27
7180,Producto_7180,Electrónica,114.72,12,2042-08-28
7181,Producto_7181,Electrónica,285.14,5,2042-08-29
7182,Producto_7182,Electrónica,891.41,60,2042-08-30
7183,Producto_7183,Electrónica,554.49,41,2042-08-31
7184,Producto_7184,Hogar,419.28,20,2042-09-01
7185,Producto_7185,Deportes,81.96,72,2042-09-02
7186,Producto_7186,Electrónica,716.98,1,2042-09-03
7187,Producto_7187,Electrónica,705.82,56,2042-09-04
7188,Producto_7188,Ropa,617.9,70,2042-09-05
7189,Producto_7189,Hogar,515.16,56,2042-09-06
7190,Producto_7190,Hogar,439.45,54,2042-09-07
7191,Producto_7191,Deportes,597.34,11,2042-09-08
7192,Producto_7192,Hogar,241.06,3,2042-09-09
7193,Producto_7193,Ropa,941.85,95,2042-09-10
7194,Producto_7194,Ropa,592.91,28,2042-09-11
7195,Producto_7195,Deportes,318.08,5,2042-09-12
7196,Producto_7196,Ropa,455.18,90,2042-09-13
7197,Producto_7197,Electrónica,807.63,16,2042-09-14
7198,Producto_7198,Electrónica,170.0,31,2042-09-15
7199,Producto_7199,Ropa,299.91,28,2042-09-16
7200,Producto_7200,Deportes,682.71,7,2042-09-17
7201,Producto_7201,Hogar,322.33,9,2042-09-18
7202,Producto_7202,Deportes,794.58,39,2042-09-19
7203,Producto_7203,Hogar,139.15,99,2042-09-20
7204,Producto_7204,Ropa,765.06,43,2042-09-21
7205,Producto_7205,Ropa,77.67,27,2042-09-22
7206,Producto_7206,Electrónica,22.47,76,2042-09-23
7207,Producto_7207,Hogar,899.24,89,2042-09-24
7208,Producto_7208,Deportes,585.53,93,2042-09-25
7209,Producto_7209,Ropa,358.31,95,2042-09-26
7210,Producto_7210,Deportes,240.27,98,2042-09-27
7211,Producto_7211,Electrónica,620.72,33,2042-09-28
7212,Producto_7212,Hogar,513.91,91,2042-09-29
7213,Producto_7213,Hogar,991.68,56,2042-09-30
7214,Producto_7214,Ropa,983.38,2,2042-10-01
7215,Producto_7215,Hogar,638.67,14,2042-10-02
7216,Producto_7216,Ropa,448.44,13,2042-10-03
7217,Producto_7217,Electrónica,496.23,24,2042-10-04
7218,Producto_7218,Hogar,685.65,69,2042-10-05
7219,Producto_7219,Ropa,110.56,34,2042-10-06
7220,Producto_7220,Deportes,335.07,87,2042-10-07
7221,Producto_7221,Ropa,84.52,19,2042-10-08
7222,Producto_7222,Hogar,82.63,30,2042-10-09
7223,Producto_7223,Electrónica,203.88,49,2042-10-10
7224,Producto_7224,Hogar,490.4,43,2042-10-11
7225,Producto_7225,Hogar,786.93,16,2042-10-12
7226,Producto_7226,Ropa,490.64,52,2042-10-13
7227,Producto_7227,Deportes,342.12,98,2042-10-14
7228,Producto_7228,Hogar,91.53,49,2042-10-15
7229,Producto_7229,Deportes,554.79,11,2042-10-16
7230,Producto_7230,Ropa,278.56,78,2042-10-17
7231,Producto_7231,Deportes,618.78,47,2042-10-18
7232,Producto_7232,Ropa,977.42,79,2042-10-19
7233,Producto_7233,Electrónica,120.2,35,2042-10-20
7234,Producto_7234,Deportes,220.0,71,2042-10-21
7235,Producto_7235,Deportes,478.36,29,2042-10-22
7236,Producto_7236,Electrónica,968.93,54,2042-10-23
7237,Producto_7237,Deportes,774.09,86,2042-10-24
7238,Producto_7238,Electrónica,899.25,23,2042-10-25
7239,Producto_7239,Hogar,340.38,24,2042-10-26
7240,Producto_7240,Ropa,992.12,99,2042-10-27
7241,Producto_7241,Electrónica,111.8,10,2042-10-28
7242,Producto_7242,Deportes,62.44,61,2042-10-29
7243,Producto_7243,Electrónica,857.05,8,2042-10-30
7244,Producto_7244,Deportes,927.99,48,2042-10-31
7245,Producto_7245,Hogar,99.68,76,2042-11-01
7246,Producto_7246,Electrónica,122.29,93,2042-11-02
7247,Producto_7247,Hogar,42.84,29,2042-11-03
7248,Producto_7248,Ropa,113.46,87,2042-11-04
7249,Producto_7249,Deportes,217.33,26,2042-11-05
7250,Producto_7250,Deportes,970.38,37,2042-11-06
7251,Producto_7251,Hogar,671.18,96,2042-11-07
7252,Producto_7252,Ropa,780.77,52,2042-11-08
7253,Producto_7253,Electrónica,778.38,38,2042-11-09
7254,Producto_7254,Electrónica,539.72,6,2042-11-10
7255,Producto_7255,Deportes,799.51,8,2042-11-11
7256,Producto_7256,Hogar,599.85,17,2042-11-12
7257,Producto_7257,Hogar,321.4,76,2042-11-13
7258,Producto_7258,Electrónica,565.5,62,2042-11-14
7259,Producto_7259,Ropa,538.17,86,2042-11-15
7260,Producto_7260,Ropa,825.22,78,2042-11-16
7261,Producto_7261,Electrónica,981.91,34,2042-11-17
7262,Producto_7262,Electrónica,416.93,19,2042-11-18
7263,Producto_7263,Hogar,765.76,70,2042-11-19
7264,Producto_7264,Ropa,108.77,82,2042-11-20
7265,Producto_7265,Electrónica,779.06,37,2042-11-21
7266,Producto_7266,Electrónica,377.7,38,2042-11-22
7267,Producto_7267,Deportes,49.0,15,2042-11-23
7268,Producto_7268,Electrónica,369.61,40,2042-11-24
7269,Producto_7269,Electrónica,614.54,9,2042-11-25
7270,Producto_7270,Ropa,128.06,53,2042-11-26
7271,Producto_7271,Hogar,924.79,70,2042-11-27
7272,Producto_7272,Ropa,86.9,66,2042-11-28
7273,Producto_7273,Hogar,930.71,80,2042-11-29
7274,Producto_7274,Deportes,710.07,52,2042-11-30
7275,Producto_7275,Electrónica,336.42,1,2042-12-01
7276,Producto_7276,Deportes,396.84,30,2042-12-02
7277,Producto_7277,Hogar,743.4,97,2042-12-03
7278,Producto_7278,Ropa,605.46,1,2042-12-04
7279,Producto_7279,Ropa,674.93,39,2042-12-05
7280,Producto_7280,Deportes,395.27,16,2042-12-06
7281,Producto_7281,Hogar,492.94,17,2042-12-07
7282,Producto_7282,Deportes,989.97,82,2042-12-08
7283,Producto_7283,Deportes,221.78,22,2042-12-09
7284,Producto_7284,Electrónica,423.68,86,2042-12-10
7285,Producto_7285,Deportes,298.9,99,2042-12-11
7286,Producto_7286,Electrónica,767.46,31,2042-12-12
7287,Producto_7287,Electrónica,766.37,40,2042-12-13
7288,Producto_7288,Ropa,299.52,27,2042-12-14
7289,Producto_7289,Electrónica,90.58,36,2042-12-15
7290,Producto_7290,Electrónica,21.32,4,2042-12-16
7291,Producto_7291,Ropa,433.18,69,2042-12-17
7292,Producto_7292,Deportes,416.23,25,2042-12-18
7293,Producto_7293,Hogar,988.51,95,2042-12-19
7294,Producto_7294,Hogar,475.1,78,2042-12-20
7295,Producto_7295,Hogar,263.85,30,2042-12-21
7296,Producto_7296,Deportes,892.32,47,2042-12-22
7297,Producto_7297,Electrónica,496.16,12,2042-12-23
7298,Producto_7298,Hogar,603.18,27,2042-12-24
7299,Producto_7299,Deportes,104.71,45,2042-12-25
7300,Producto_7300,Electrónica,389.09,88,2042-12-26
7301,Producto_7301,Ropa,944.78,63,2042-12-27
7302,Producto_7302,Hogar,593.61,55,2042-12-28
7303,Producto_7303,Electrónica,351.06,30,2042-12-29
7304,Producto_7304,Hogar,629.41,82,2042-12-30
7305,Producto_7305,Hogar,911.31,14,2042-12-31
7306,Producto_7306,Hogar,281.25,56,2043-01-01
7307,Producto_7307,Electrónica,510.07,19,2043-01-02
7308,Producto_7308,Deportes,959.1,86,2043-01-03
7309,Producto_7309,Electrónica,180.67,26,2043-01-04
7310,Producto_7310,Hogar,722.47,71,2043-01-05
7311,Producto_7311,Electrónica,618.34,92,2043-01-06
7312,Producto_7312,Ropa,682.88,38,2043-01-07
7313,Producto_7313,Deportes,357.71,69,2043-01-08
7314,Producto_7314,Electrónica,320.74,36,2043-01-09
7315,Producto_7315,Ropa,687.37,18,2043-01-10
7316,Producto_7316,Deportes,223.39,57,2043-01-11
7317,Producto_7317,Ropa,425.46,78,2043-01-12
7318,Producto_7318,Deportes,196.29,23,2043-01-13
7319,Producto_7319,Electrónica,18.22,14,2043-01-14
7320,Producto_7320,Ropa,970.36,96,2043-01-15
7321,Producto_7321,Hogar,437.39,69,2043-01-16
7322,Producto_7322,Ropa,969.66,22,2043-01-17
7323,Producto_7323,Deportes,148.92,28,2043-01-18
7324,Producto_7324,Electrónica,591.49,43,2043-01-19
7325,Producto_7325,Deportes,208.96,76,2043-01-20
7326,Producto_7326,Ropa,792.17,18,2043-01-21
7327,Producto_7327,Ropa,785.87,95,2043-01-22
7328,Producto_7328,Hogar,121.48,77,2043-01-23
7329,Producto_7329,Electrónica,912.94,84,2043-01-24
7330,Producto_7330,Electrónica,202.68,36,2043-01-25
7331,Producto_7331,Ropa,616.85,7,2043-01-26
7332,Producto_7332,Electrónica,985.78,23,2043-01-27
7333,Producto_7333,Hogar,883.57,34,2043-01-28
7334,Producto_7334,Deportes,957.0,96,2043-01-29
7335,Producto_7335,Electrónica,349.17,21,2043-01-30
7336,Producto_7336,Ropa,114.52,70,2043-01-31
7337,Producto_7337,Deportes,196.46,80,2043-02-01
7338,Producto_7338,Deportes,505.49,99,2043-02-02
7339,Producto_7339,Hogar,795.3,47,2043-02-03
7340,Producto_7340,Ropa,158.65,53,2043-02-04
7341,Producto_7341,Electrónica,663.13,84,2043-02-05
7342,Producto_7342,Ropa,330.34,41,2043-02-06
7343,Producto_7343,Deportes,347.79,75,2043-02-07
7344,Producto_7344,Ropa,665.3,32,2043-02-08
7345,Producto_7345,Electrónica,472.33,14,2043-02-09
7346,Producto_7346,Electrónica,813.91,88,2043-02-10
7347,Producto_7347,Hogar,164.36,95,2043-02-11
7348,Producto_7348,Electrónica,792.05,17,2043-02-12
7349,Producto_7349,Electrónica,73.59,25,2043-02-13
7350,Producto_7350,Ropa,202.11,64,2043-02-14
7351,Producto_7351,Ropa,659.59,73,2043-02-15
7352,Producto_7352,Deportes,856.38,86,2043-02-16
7353,Producto_7353,Hogar,260.15,48,2043-02-17
7354,Producto_7354,Ropa,333.92,35,2043-02-18
7355,Producto_7355,Electrónica,541.75,37,2043-02-19
7356,Producto_7356,Deportes,219.46,55,2043-02-20
7357,Producto_7357,Ropa,813.04,17,2043-02-21
7358,Producto_7358,Hogar,775.9,28,2043-02-22
7359,Producto_7359,Hogar,153.84,1,2043-02-23
7360,Producto_7360,Deportes,469.19,53,2043-02-24
7361,Producto_7361,Deportes,777.08,73,2043-02-25
7362,Producto_7362,Deportes,343.96,55,2043-02-26
7363,Producto_7363,Deportes,636.78,61,2043-02-27
7364,Producto_7364,Deportes,59.71,13,2043-02-28
7365,Producto_7365,Electrónica,612.6,47,2043-03-01
7366,Producto_7366,Electrónica,161.13,64,2043-03-02
7367,Producto_7367,Ropa,832.28,32,2043-03-03
7368,Producto_7368,Hogar,361.89,28,2043-03-04
7369,Producto_7369,Electrónica,288.74,53,2043-03-05
7370,Producto_7370,Electrónica,842.48,31,2043-03-06
7371,Producto_7371,Electrónica,59.64,8,2043-03-07
7372,Producto_7372,Ropa,402.64,72,2043-03-08
7373,Producto_7373,Deportes,376.3,98,2043-03-09
7374,Producto_7374,Ropa,291.95,87,2043-03-10
7375,Producto_7375,Hogar,912.64,74,2043-03-11
7376,Producto_7376,Hogar,753.42,25,2043-03-12
7377,Producto_7377,Hogar,73.28,33,2043-03-13
7378,Producto_7378,Hogar,717.54,68,2043-03-14
7379,Producto_7379,Electrónica,532.03,7,2043-03-15
7380,Producto_7380,Electrónica,901.86,97,2043-03-16
7381,Producto_7381,Ropa,319.82,66,2043-03-17
7382,Producto_7382,Deportes,578.42,46,2043-03-18
7383,Producto_7383,Hogar,505.75,96,2043-03-19
7384,Producto_7384,Ropa,494.67,5,2043-03-20
7385,Producto_7385,Electrónica,461.54,17,2043-03-21
7386,Producto_7386,Electrónica,213.57,76,2043-03-22
7387,Producto_7387,Deportes,758.15,52,2043-03-23
7388,Producto_7388,Deportes,456.82,12,2043-03-24
7389,Producto_7389,Deportes,958.93,62,2043-03-25
7390,Producto_7390,Ropa,268.2,35,2043-03-26
7391,Producto_7391,Electrónica,685.92,62,2043-03-27
7392,Producto_7392,Electrónica,941.31,21,2043-03-28
7393,Producto_7393,Deportes,666.82,85,2043-03-29
7394,Producto_7394,Hogar,872.56,66,2043-03-30
7395,Producto_7395,Deportes,829.21,53,2043-03-31
7396,Producto_7396,Ropa,366.52,21,2043-04-01
7397,Producto_7397,Deportes,604.12,15,2043-04-02
7398,Producto_7398,Deportes,164.7,75,2043-04-03
7399,Producto_7399,Ropa,540.17,74,2043-04-04
7400,Producto_7400,Deportes,238.12,82,2043-04-05
7401,Producto_7401,Electrónica,746.3,23,2043-04-06
7402,Producto_7402,Hogar,532.78,31,2043-04-07
7403,Producto_7403,Deportes,417.12,54,2043-04-08
7404,Producto_7404,Ropa,276.11,55,2043-04-09
7405,Producto_7405,Hogar,998.71,26,2043-04-10
7406,Producto_7406,Ropa,80.99,53,2043-04-11
7407,Producto_7407,Hogar,53.13,66,2043-04-12
7408,Producto_7408,Hogar,225.08,39,2043-04-13
7409,Producto_7409,Deportes,971.36,7,2043-04-14
7410,Producto_7410,Electrónica,979.45,88,2043-04-15
7411,Producto_7411,Deportes,658.38,39,2043-04-16
7412,Producto_7412,Ropa,881.31,32,2043-04-17
7413,Producto_7413,Ropa,221.82,26,2043-04-18
7414,Producto_7414,Hogar,972.32,87,2043-04-19
7415,Producto_7415,Hogar,151.36,78,2043-04-20
7416,Producto_7416,Electrónica,110.11,29,2043-04-21
7417,Producto_7417,Deportes,121.09,25,2043-04-22
7418,Producto_7418,Ropa,577.4,56,2043-04-23
7419,Producto_7419,Hogar,783.16,31,2043-04-24
7420,Producto_7420,Electrónica,373.0,66,2043-04-25
7421,Producto_7421,Ropa,978.12,2,2043-04-26
7422,Producto_7422,Hogar,440.08,87,2043-04-27
7423,Producto_7423,Ropa,158.94,47,2043-04-28
7424,Producto_7424,Electrónica,471.31,75,2043-04-29
7425,Producto_7425,Electrónica,682.25,29,2043-04-30
7426,Producto_7426,Ropa,833.9,99,2043-05-01
7427,Producto_7427,Deportes,464.18,49,2043-05-02
7428,Producto_7428,Ropa,597.67,73,2043-05-03
7429,Producto_7429,Hogar,274.67,32,2043-05-04
7430,Producto_7430,Deportes,649.46,30,2043-05-05
7431,Producto_7431,Hogar,986.11,15,2043-05-06
7432,Producto_7432,Ropa,58.56,62,2043-05-07
7433,Producto_7433,Deportes,887.67,78,2043-05-08
7434,Producto_7434,Hogar,566.66,17,2043-05-09
7435,Producto_7435,Ropa,259.58,22,2043-05-10
7436,Producto_7436,Ropa,955.34,30,2043-05-11
7437,Producto_7437,Deportes,488.52,81,2043-05-12
7438,Producto_7438,Ropa,338.37,16,2043-05-13
7439,Producto_7439,Electrónica,189.68,52,2043-05-14
7440,Producto_7440,Hogar,252.01,8,2043-05-15
7441,Producto_7441,Hogar,834.52,64,2043-05-16
7442,Producto_7442,Ropa,618.27,39,2043-05-17
7443,Producto_7443,Ropa,914.11,31,2043-05-18
7444,Producto_7444,Electrónica,239.65,12,2043-05-19
7445,Producto_7445,Deportes,129.93,33,2043-05-20
7446,Producto_7446,Ropa,16.03,58,2043-05-21
7447,Producto_7447,Ropa,512.78,12,2043-05-22
7448,Producto_7448,Ropa,998.32,25,2043-05-23
7449,Producto_7449,Ropa,698.02,38,2043-05-24
7450,Producto_7450,Hogar,315.31,48,2043-05-25
7451,Producto_7451,Ropa,878.09,82,2043-05-26
7452,Producto_7452,Hogar,783.91,83,2043-05-27
7453,Producto_7453,Ropa,25.26,55,2043-05-28
7454,Producto_7454,Deportes,818.69,3,2043-05-29
7455,Producto_7455,Electrónica,307.52,99,2043-05-30
7456,Producto_7456,Deportes,158.18,69,2043-05-31
7457,Producto_7457,Ropa,234.07,35,2043-06-01
7458,Producto_7458,Ropa,473.89,51,2043-06-02
7459,Producto_7459,Ropa,430.62,27,2043-06-03
7460,Producto_7460,Deportes,296.0,37,2043-06-04
7461,Producto_7461,Ropa,180.5,85,2043-06-05
7462,Producto_7462,Deportes,764.61,16,2043-06-06
7463,Producto_7463,Hogar,990.21,92,2043-06-07
7464,Producto_7464,Electrónica,780.01,25,2043-06-08
7465,Producto_7465,Electrónica,302.98,33,2043-06-09
7466,Producto_7466,Deportes,252.36,62,2043-06-10
7467,Producto_7467,Hogar,225.49,17,2043-06-11
7468,Producto_7468,Deportes,145.33,43,2043-06-12
7469,Producto_7469,Hogar,555.82,30,2043-06-13
7470,Producto_7470,Ropa,609.35,41,2043-06-14
7471,Producto_7471,Hogar,708.45,4,2043-06-15
7472,Producto_7472,Hogar,683.41,66,2043-06-16
7473,Producto_7473,Hogar,299.41,60,2043-06-17
7474,Producto_7474,Electrónica,337.01,9,2043-06-18
7475,Producto_7475,Hogar,684.7,31,2043-06-19
7476,Producto_7476,Ropa,355.95,89,2043-06-20
7477,Producto_7477,Ropa,220.5,69,2043-06-21
7478,Producto_7478,Ropa,380.59,24,2043-06-22
7479,Producto_7479,Hogar,279.36,24,2043-06-23
7480,Producto_7480,Deportes,97.43,93,2043-06-24
7481,Producto_7481,Deportes,831.84,45,2043-06-25
7482,Producto_7482,Ropa,854.58,95,2043-06-26
7483,Producto_7483,Electrónica,227.55,37,2043-06-27
7484,Producto_7484,Deportes,74.12,58,2043-06-28
7485,Producto_7485,Hogar,741.44,83,2043-06-29
7486,Producto_7486,Deportes,219.41,23,2043-06-30
7487,Producto_7487,Ropa,399.5,35,2043-07-01
7488,Producto_7488,Electrónica,73.49,63,2043-07-02
7489,Producto_7489,Deportes,234.01,6,2043-07-03
7490,Producto_7490,Deportes,794.97,6,2043-07-04
7491,Producto_7491,Ropa,806.35,30,2043-07-05
7492,Producto_7492,Electrónica,215.01,1,2043-07-06
7493,Producto_7493,Electrónica,342.55,63,2043-07-07
7494,Producto_7494,Ropa,142.9,8,2043-07-08
7495,Producto_7495,Hogar,83.43,28,2043-07-09
7496,Producto_7496,Deportes,992.25,89,2043-07-10
7497,Producto_7497,Hogar,659.04,33,2043-07-11
7498,Producto_7498,Deportes,546.68,53,2043-07-12
7499,Producto_7499,Deportes,767.84,38,2043-07-13
7500,Producto_7500,Hogar,841.68,52,2043-07-14
7501,Producto_7501,Ropa,808.65,78,2043-07-15
7502,Producto_7502,Ropa,26.37,11,2043-07-16
7503,Producto_7503,Deportes,194.94,2,2043-07-17
7504,Producto_7504,Ropa,658.36,53,2043-07-18
7505,Producto_7505,Deportes,382.0,94,2043-07-19
7506,Producto_7506,Ropa,982.66,94,2043-07-20
7507,Producto_7507,Deportes,668.75,68,2043-07-21
7508,Producto_7508,Ropa,956.98,77,2043-07-22
7509,Producto_7509,Electrónica,209.43,7,2043-07-23
7510,Producto_7510,Hogar,865.32,67,2043-07-24
7511,Producto_7511,Electrónica,328.14,9,2043-07-25
7512,Producto_7512,Hogar,989.67,78,2043-07-26
7513,Producto_7513,Hogar,166.11,63,2043-07-27
7514,Producto_7514,Deportes,521.18,11,2043-07-28
7515,Producto_7515,Hogar,794.92,37,2043-07-29
7516,Producto_7516,Electrónica,438.32,14,2043-07-30
7517,Producto_7517,Electrónica,473.4,19,2043-07-31
7518,Producto_7518,Ropa,986.49,8,2043-08-01
7519,Producto_7519,Electrónica,431.06,7,2043-08-02
7520,Producto_7520,Ropa,608.03,59,2043-08-03
7521,Producto_7521,Hogar,63.99,63,2043-08-04
7522,Producto_7522,Electrónica,843.79,7,2043-08-05
7523,Producto_7523,Hogar,651.69,55,2043-08-06
7524,Producto_7524,Electrónica,409.98,3,2043-08-07
7525,Producto_7525,Electrónica,26.01,67,2043-08-08
7526,Producto_7526,Ropa,595.75,18,2043-08-09
7527,Producto_7527,Hogar,22.53,45,2043-08-10
7528,Producto_7528,Electrónica,11.19,97,2043-08-11
7529,Producto_7529,Deportes,619.94,92,2043-08-12
7530,Producto_7530,Hogar,197.13,36,2043-08-13
7531,Producto_7531,Hogar,199.97,16,2043-08-14
7532,Producto_7532,Hogar,656.74,79,2043-08-15
7533,Producto_7533,Ropa,63.16,29,2043-08-16
7534,Producto_7534,Deportes,320.27,59,2043-08-17
7535,Producto_7535,Hogar,157.94,18,2043-08-18
7536,Producto_7536,Electrónica,584.37,49,2043-08-19
7537,Producto_7537,Electrónica,665.15,46,2043-08-20
7538,Producto_7538,Ropa,723.92,83,2043-08-21
7539,Producto_7539,Electrónica,262.68,29,2043-08-22
7540,Producto_7540,Hogar,98.36,70,2043-08-23
7541,Producto_7541,Electrónica,87.9,50,2043-08-24
7542,Producto_7542,Hogar,431.89,55,2043-08-25
7543,Producto_7543,Electrónica,946.39,27,2043-08-26
7544,Producto_7544,Deportes,225.55,7,2043-08-27
7545,Producto_7545,Ropa,264.17,91,2043-08-28
7546,Producto_7546,Ropa,109.88,83,2043-08-29
7547,Producto_7547,Deportes,609.51,81,2043-08-30
7548,Producto_7548,Deportes,683.07,41,2043-08-31
7549,Producto_7549,Ropa,646.5,11,2043-09-01
7550,Producto_7550,Deportes,862.52,5,2043-09-02
7551,Producto_7551,Hogar,491.56,66,2043-09-03
7552,Producto_7552,Electrónica,143.11,56,2043-09-04
7553,Producto_7553,Ropa,296.51,12,2043-09-05
7554,Producto_7554,Deportes,665.81,42,2043-09-06
7555,Producto_7555,Hogar,616.99,75,2043-09-07
7556,Producto_7556,Ropa,535.69,10,2043-09-08
7557,Producto_7557,Deportes,686.13,28,2043-09-09
7558,Producto_7558,Ropa,641.02,7,2043-09-10
7559,Producto_7559,Deportes,882.51,14,2043-09-11
7560,Producto_7560,Ropa,590.16,77,2043-09-12
7561,Producto_7561,Hogar,780.82,69,2043-09-13
7562,Producto_7562,Hogar,256.22,61,2043-09-14
7563,Producto_7563,Electrónica,681.4,51,2043-09-15
7564,Producto_7564,Ropa,903.17,42,2043-09-16
7565,Producto_7565,Electrónica,391.88,8,2043-09-17
7566,Producto_7566,Ropa,781.31,50,2043-09-18
7567,Producto_7567,Deportes,727.54,1,2043-09-19
7568,Producto_7568,Deportes,68.93,69,2043-09-20
7569,Producto_7569,Electrónica,585.69,11,2043-09-21
7570,Producto_7570,Ropa,138.89,48,2043-09-22
7571,Producto_7571,Electrónica,967.65,10,2043-09-23
7572,Producto_7572,Hogar,813.29,15,2043-09-24
7573,Producto_7573,Electrónica,118.63,47,2043-09-25
7574,Producto_7574,Electrónica,130.53,93,2043-09-26
7575,Producto_7575,Deportes,598.53,25,2043-09-27
7576,Producto_7576,Electrónica,351.44,6,2043-09-28
7577,Producto_7577,Ropa,44.56,11,2043-09-29
7578,Producto_7578,Deportes,546.23,17,2043-09-30
7579,Producto_7579,Electrónica,393.97,15,2043-10-01
7580,Producto_7580,Hogar,110.07,16,2043-10-02
7581,Producto_7581,Electrónica,803.9,56,2043-10-03
7582,Producto_7582,Electrónica,915.93,66,2043-10-04
7583,Producto_7583,Electrónica,759.03,36,2043-10-05
7584,Producto_7584,Deportes,824.2,83,2043-10-06
7585,Producto_7585,Ropa,224.33,38,2043-10-07
7586,Producto_7586,Hogar,270.94,85,2043-10-08
7587,Producto_7587,Electrónica,216.44,75,2043-10-09
7588,Producto_7588,Ropa,767.41,3,2043-10-10
7589,Producto_7589,Ropa,948.44,98,2043-10-11
7590,Producto_7590,Deportes,719.67,18,2043-10-12
7591,Producto_7591,Hogar,882.65,79,2043-10-13
7592,Producto_7592,Deportes,642.31,89,2043-10-14
7593,Producto_7593,Ropa,393.78,54,2043-10-15
7594,Producto_7594,Ropa,431.5,79,2043-10-16
7595,Producto_7595,Ropa,84.57,94,2043-10-17
7596,Producto_7596,Deportes,41.14,17,2043-10-18
7597,Producto_7597,Hogar,698.52,82,2043-10-19
7598,Producto_7598,Electrónica,444.04,95,2043-10-20
7599,Producto_7599,Deportes,556.69,82,2043-10-21
7600,Producto_7600,Ropa,562.08,99,2043-10-22
7601,Producto_7601,Deportes,284.6,13,2043-10-23
7602,Producto_7602,Ropa,481.13,63,2043-10-24
7603,Producto_7603,Electrónica,476.05,14,2043-10-25
7604,Producto_7604,Electrónica,394.54,59,2043-10-26
7605,Producto_7605,Hogar,822.47,36,2043-10-27
7606,Producto_7606,Ropa,456.65,18,2043-10-28
7607,Producto_7607,Hogar,607.61,5,2043-10-29
7608,Producto_7608,Hogar,896.56,14,2043-10-30
7609,Producto_7609,Electrónica,867.57,25,2043-10-31
7610,Producto_7610,Deportes,891.52,44,2043-11-01
7611,Producto_7611,Deportes,277.3,39,2043-11-02
7612,Producto_7612,Hogar,44.63,12,2043-11-03
7613,Producto_7613,Electrónica,268.46,61,2043-11-04
7614,Producto_7614,Ropa,285.92,62,2043-11-05
7615,Producto_7615,Deportes,910.27,53,2043-11-06
7616,Producto_7616,Hogar,652.75,53,2043-11-07
7617,Producto_7617,Deportes,90.89,28,2043-11-08
7618,Producto_7618,Deportes,144.02,35,2043-11-09
7619,Producto_7619,Ropa,164.12,65,2043-11-10
7620,Producto_7620,Electrónica,634.12,3,2043-11-11
7621,Producto_7621,Ropa,738.06,43,2043-11-12
7622,Producto_7622,Electrónica,861.05,50,2043-11-13
7623,Producto_7623,Deportes,941.23,71,2043-11-14
7624,Producto_7624,Hogar,209.69,9,2043-11-15
7625,Producto_7625,Ropa,316.67,36,2043-11-16
7626,Producto_7626,Electrónica,247.92,23,2043-11-17
7627,Producto_7627,Deportes,365.17,88,2043-11-18
7628,Producto_7628,Electrónica,915.52,74,2043-11-19
7629,Producto_7629,Electrónica,579.36,50,2043-11-20
7630,Producto_7630,Electrónica,740.81,55,2043-11-21
7631,Producto_7631,Deportes,495.22,12,2043-11-22
7632,Producto_7632,Hogar,38.57,83,2043-11-23
7633,Producto_7633,Hogar,73.55,32,2043-11-24
7634,Producto_7634,Hogar,542.54,24,2043-11-25
7635,Producto_7635,Electrónica,721.6,86,2043-11-26
7636,Producto_7636,Deportes,223.18,67,2043-11-27
7637,Producto_7637,Electrónica,724.69,27,2043-11-28
7638,Producto_7638,Hogar,812.56,61,2043-11-29
7639,Producto_7639,Hogar,417.78,19,2043-11-30
7640,Producto_7640,Deportes,748.96,73,2043-12-01
7641,Producto_7641,Electrónica,409.99,51,2043-12-02
7642,Producto_7642,Ropa,681.57,64,2043-12-03
7643,Producto_7643,Ropa,766.36,77,2043-12-04
7644,Producto_7644,Hogar,992.01,2,2043-12-05
7645,Producto_7645,Deportes,351.94,36,2043-12-06
7646,Producto_7646,Electrónica,416.93,93,2043-12-07
7647,Producto_7647,Electrónica,173.96,11,2043-12-08
7648,Producto_7648,Hogar,212.03,98,2043-12-09
7649,Producto_7649,Hogar,696.46,68,2043-12-10
7650,Producto_7650,Electrónica,917.88,68,2043-12-11
7651,Producto_7651,Electrónica,400.66,64,2043-12-12
7652,Producto_7652,Hogar,188.05,1,2043-12-13
7653,Producto_7653,Electrónica,292.25,89,2043-12-14
7654,Producto_7654,Ropa,460.5,26,2043-12-15
7655,Producto_7655,Hogar,297.74,11,2043-12-16
7656,Producto_7656,Electrónica,241.24,87,2043-12-17
7657,Producto_7657,Hogar,738.62,2,2043-12-18
7658,Producto_7658,Deportes,17.77,83,2043-12-19
7659,Producto_7659,Hogar,543.84,93,2043-12-20
7660,Producto_7660,Hogar,795.83,40,2043-12-21
7661,Producto_7661,Deportes,273.57,4,2043-12-22
7662,Producto_7662,Ropa,607.26,80,2043-12-23
7663,Producto_7663,Electrónica,672.21,37,2043-12-24
7664,Producto_7664,Deportes,658.47,61,2043-12-25
7665,Producto_7665,Hogar,451.39,91,2043-12-26
7666,Producto_7666,Electrónica,353.11,5,2043-12-27
7667,Producto_7667,Deportes,837.56,15,2043-12-28
7668,Producto_7668,Electrónica,760.86,87,2043-12-29
7669,Producto_7669,Electrónica,328.04,67,2043-12-30
7670,Producto_7670,Deportes,111.99,82,2043-12-31
7671,Producto_7671,Electrónica,81.09,26,2044-01-01
7672,Producto_7672,Ropa,103.33,6,2044-01-02
7673,Producto_7673,Deportes,587.04,44,2044-01-03
7674,Producto_7674,Ropa,61.15,58,2044-01-04
7675,Producto_7675,Hogar,343.56,81,2044-01-05
7676,Producto_7676,Electrónica,755.67,46,2044-01-06
7677,Producto_7677,Hogar,301.4,42,2044-01-07
7678,Producto_7678,Hogar,765.67,48,2044-01-08
7679,Producto_7679,Electrónica,748.01,27,2044-01-09
7680,Producto_7680,Deportes,253.37,20,2044-01-10
7681,Producto_7681,Electrónica,731.53,70,2044-01-11
7682,Producto_7682,Hogar,750.3,35,2044-01-12
7683,Producto_7683,Hogar,403.48,76,2044-01-13
7684,Producto_7684,Deportes,218.32,48,2044-01-14
7685,Producto_7685,Electrónica,526.06,67,2044-01-15
7686,Producto_7686,Hogar,922.18,68,2044-01-16
7687,Producto_7687,Ropa,643.22,52,2044-01-17
7688,Producto_7688,Hogar,181.19,68,2044-01-18
7689,Producto_7689,Hogar,685.93,4,2044-01-19
7690,Producto_7690,Deportes,432.93,39,2044-01-20
7691,Producto_7691,Ropa,595.61,21,2044-01-21
7692,Producto_7692,Hogar,736.72,66,2044-01-22
7693,Producto_7693,Hogar,519.8,16,2044-01-23
7694,Producto_7694,Ropa,815.84,7,2044-01-24
7695,Producto_7695,Electrónica,724.93,83,2044-01-25
7696,Producto_7696,Electrónica,618.92,97,2044-01-26
7697,Producto_7697,Hogar,159.28,9,2044-01-27
7698,Producto_7698,Hogar,837.59,17,2044-01-28
7699,Producto_7699,Electrónica,936.55,91,2044-01-29
7700,Producto_7700,Deportes,145.6,97,2044-01-30
7701,Producto_7701,Ropa,493.36,12,2044-01-31
7702,Producto_7702,Ropa,266.3,57,2044-02-01
7703,Producto_7703,Deportes,756.98,45,2044-02-02
7704,Producto_7704,Deportes,724.41,11,2044-02-03
7705,Producto_7705,Deportes,149.48,13,2044-02-04
7706,Producto_7706,Deportes,878.26,31,2044-02-05
7707,Producto_7707,Deportes,189.16,77,2044-02-06
7708,Producto_7708,Deportes,799.29,26,2044-02-07
7709,Producto_7709,Ropa,462.41,63,2044-02-08
7710,Producto_7710,Deportes,334.99,31,2044-02-09
7711,Producto_7711,Electrónica,166.66,22,2044-02-10
7712,Producto_7712,Deportes,175.94,6,2044-02-11
7713,Producto_7713,Deportes,665.27,20,2044-02-12
7714,Producto_7714,Ropa,554.93,85,2044-02-13
7715,Producto_7715,Ropa,130.86,10,2044-02-14
7716,Producto_7716,Deportes,121.57,83,2044-02-15
7717,Producto_7717,Ropa,81.59,35,2044-02-16
7718,Producto_7718,Hogar,746.33,26,2044-02-17
7719,Producto_7719,Ropa,714.76,71,2044-02-18
7720,Producto_7720,Ropa,67.85,37,2044-02-19
7721,Producto_7721,Ropa,564.67,8,2044-02-20
7722,Producto_7722,Ropa,93.83,5,2044-02-21
7723,Producto_7723,Electrónica,904.71,44,2044-02-22
7724,Producto_7724,Electrónica,908.05,92,2044-02-23
7725,Producto_7725,Electrónica,701.25,67,2044-02-24
7726,Producto_7726,Deportes,926.93,72,2044-02-25
7727,Producto_7727,Deportes,813.34,79,2044-02-26
7728,Producto_7728,Hogar,830.25,91,2044-02-27
7729,Producto_7729,Electrónica,574.01,49,2044-02-28
7730,Producto_7730,Deportes,313.0,36,2044-02-29
7731,Producto_7731,Ropa,225.62,80,2044-03-01
7732,Producto_7732,Ropa,333.93,26,2044-03-02
7733,Producto_7733,Electrónica,632.21,45,2044-03-03
7734,Producto_7734,Hogar,180.93,61,2044-03-04
7735,Producto_7735,Hogar,266.05,44,2044-03-05
7736,Producto_7736,Ropa,473.38,4,2044-03-06
7737,Producto_7737,Hogar,240.72,76,2044-03-07
7738,Producto_7738,Electrónica,592.76,81,2044-03-08
7739,Producto_7739,Ropa,923.94,58,2044-03-09
7740,Producto_7740,Deportes,750.61,26,2044-03-10
7741,Producto_7741,Deportes,669.76,95,2044-03-11
7742,Producto_7742,Hogar,586.89,79,2044-03-12
7743,Producto_7743,Ropa,493.07,98,2044-03-13
7744,Producto_7744,Ropa,194.7,29,2044-03-14
7745,Producto_7745,Deportes,895.76,9,2044-03-15
7746,Producto_7746,Ropa,256.05,78,2044-03-16
7747,Producto_7747,Ropa,100.4,36,2044-03-17
7748,Producto_7748,Ropa,752.52,4,2044-03-18
7749,Producto_7749,Hogar,183.86,59,2044-03-19
7750,Producto_7750,Ropa,378.18,37,2044-03-20
7751,Producto_7751,Electrónica,38.0,88,2044-03-21
7752,Producto_7752,Hogar,145.7,81,2044-03-22
7753,Producto_7753,Ropa,181.47,13,2044-03-23
7754,Producto_7754,Ropa,63.87,20,2044-03-24
7755,Producto_7755,Electrónica,660.09,17,2044-03-25
7756,Producto_7756,Hogar,838.64,51,2044-03-26
7757,Producto_7757,Deportes,379.58,91,2044-03-27
7758,Producto_7758,Deportes,875.83,55,2044-03-28
7759,Producto_7759,Hogar,221.21,33,2044-03-29
7760,Producto_7760,Ropa,332.14,21,2044-03-30
7761,Producto_7761,Ropa,159.23,81,2044-03-31
7762,Producto_7762,Deportes,624.35,22,2044-04-01
7763,Producto_7763,Deportes,425.67,25,2044-04-02
7764,Producto_7764,Deportes,617.15,67,2044-04-03
7765,Producto_7765,Electrónica,764.06,91,2044-04-04
7766,Producto_7766,Deportes,550.25,91,2044-04-05
7767,Producto_7767,Electrónica,631.35,12,2044-04-06
7768,Producto_7768,Hogar,935.9,15,2044-04-07
7769,Producto_7769,Ropa,306.07,84,2044-04-08
7770,Producto_7770,Deportes,365.57,86,2044-04-09
7771,Producto_7771,Ropa,720.53,2,2044-04-10
7772,Producto_7772,Ropa,615.19,4,2044-04-11
7773,Producto_7773,Deportes,186.75,45,2044-04-12
7774,Producto_7774,Deportes,382.39,13,2044-04-13
7775,Producto_7775,Hogar,473.16,55,2044-04-14
7776,Producto_7776,Electrónica,425.2,32,2044-04-15
7777,Producto_7777,Electrónica,186.49,22,2044-04-16
7778,Producto_7778,Ropa,925.19,89,2044-04-17
7779,Producto_7779,Deportes,764.7,91,2044-04-18
7780,Producto_7780,Hogar,486.54,55,2044-04-19
7781,Producto_7781,Hogar,683.26,17,2044-04-20
7782,Producto_7782,Hogar,898.31,70,2044-04-21
7783,Producto_7783,Hogar,144.81,51,2044-04-22
7784,Producto_7784,Hogar,257.87,80,2044-04-23
7785,Producto_7785,Electrónica,547.27,8,2044-04-24
7786,Producto_7786,Electrónica,801.02,61,2044-04-25
7787,Producto_7787,Electrónica,45.89,97,2044-04-26
7788,Producto_7788,Deportes,984.18,10,2044-04-27
7789,Producto_7789,Ropa,460.36,98,2044-04-28
7790,Producto_7790,Hogar,365.64,19,2044-04-29
7791,Producto_7791,Deportes,299.8,14,2044-04-30
7792,Producto_7792,Hogar,182.61,67,2044-05-01
7793,Producto_7793,Electrónica,793.66,55,2044-05-02
7794,Producto_7794,Deportes,955.86,61,2044-05-03
7795,Producto_7795,Electrónica,419.51,56,2044-05-04
7796,Producto_7796,Hogar,952.9,63,2044-05-05
7797,Producto_7797,Hogar,825.56,87,2044-05-06
7798,Producto_7798,Ropa,486.24,11,2044-05-07
7799,Producto_7799,Hogar,677.29,47,2044-05-08
7800,Producto_7800,Electrónica,440.63,6,2044-05-09
7801,Producto_7801,Hogar,563.14,34,2044-05-10
7802,Producto_7802,Ropa,67.47,65,2044-05-11
7803,Producto_7803,Ropa,699.3,99,2044-05-12
7804,Producto_7804,Electrónica,62.3,89,2044-05-13
7805,Producto_7805,Deportes,818.91,64,2044-05-14
7806,Producto_7806,Hogar,826.7,93,2044-05-15
7807,Producto_7807,Ropa,244.71,87,2044-05-16
7808,Producto_7808,Hogar,330.43,82,2044-05-17
7809,Producto_7809,Hogar,486.5,78,2044-05-18
7810,Producto_7810,Deportes,600.7,81,2044-05-19
7811,Producto_7811,Ropa,294.48,66,2044-05-20
7812,Producto_7812,Hogar,596.56,31,2044-05-21
7813,Producto_7813,Ropa,304.81,83,2044-05-22
7814,Producto_7814,Electrónica,64.94,96,2044-05-23
7815,Producto_7815,Electrónica,12.5,62,2044-05-24
7816,Producto_7816,Hogar,110.14,54,2044-05-25
7817,Producto_7817,Ropa,794.33,92,2044-05-26
7818,Producto_7818,Hogar,961.82,8,2044-05-27
7819,Producto_7819,Ropa,432.7,42,2044-05-28
7820,Producto_7820,Ropa,517.56,41,2044-05-29
7821,Producto_7821,Deportes,155.38,59,2044-05-30
7822,Producto_7822,Deportes,555.52,40,2044-05-31
7823,Producto_7823,Deportes,153.21,22,2044-06-01
7824,Producto_7824,Hogar,615.1,24,2044-06-02
7825,Producto_7825,Deportes,933.93,38,2044-06-03
7826,Producto_7826,Deportes,203.74,2,2044-06-04
7827,Producto_7827,Electrónica,766.92,41,2044-06-05
7828,Producto_7828,Ropa,33.27,19,2044-06-06
7829,Producto_7829,Ropa,381.74,2,2044-06-07
7830,Producto_7830,Deportes,119.64,92,2044-06-08
7831,Producto_7831,Ropa,358.95,96,2044-06-09
7832,Producto_7832,Electrónica,181.8,62,2044-06-10
7833,Producto_7833,Electrónica,379.57,83,2044-06-11
7834,Producto_7834,Deportes,423.35,16,2044-06-12
7835,Producto_7835,Electrónica,307.59,94,2044-06-13
7836,Producto_7836,Ropa,660.06,22,2044-06-14
7837,Producto_7837,Hogar,919.66,14,2044-06-15
7838,Producto_7838,Ropa,406.59,56,2044-06-16
7839,Producto_7839,Hogar,200.42,65,2044-06-17
7840,Producto_7840,Deportes,278.02,45,2044-06-18
7841,Producto_7841,Hogar,855.46,54,2044-06-19
7842,Producto_7842,Electrónica,575.92,66,2044-06-20
7843,Producto_7843,Ropa,460.46,86,2044-06-21
7844,Producto_7844,Hogar,158.14,46,2044-06-22
7845,Producto_7845,Ropa,455.23,33,2044-06-23
7846,Producto_7846,Deportes,285.71,79,2044-06-24
7847,Producto_7847,Deportes,943.73,50,2044-06-25
7848,Producto_7848,Electrónica,885.23,22,2044-06-26
7849,Producto_7849,Deportes,93.06,40,2044-06-27
7850,Producto_7850,Hogar,521.49,39,2044-06-28
7851,Producto_7851,Deportes,232.81,41,2044-06-29
7852,Producto_7852,Electrónica,416.67,75,2044-06-30
7853,Producto_7853,Ropa,878.08,68,2044-07-01
7854,Producto_7854,Ropa,532.24,7,2044-07-02
7855,Producto_7855,Deportes,340.87,85,2044-07-03
7856,Producto_7856,Hogar,215.81,71,2044-07-04
7857,Producto_7857,Electrónica,802.32,4,2044-07-05
7858,Producto_7858,Hogar,628.27,76,2044-07-06
7859,Producto_7859,Electrónica,473.38,91,2044-07-07
7860,Producto_7860,Deportes,225.31,59,2044-07-08
7861,Producto_7861,Electrónica,340.9,81,2044-07-09
7862,Producto_7862,Electrónica,960.24,84,2044-07-10
7863,Producto_7863,Deportes,524.89,95,2044-07-11
7864,Producto_7864,Hogar,406.69,26,2044-07-12
7865,Producto_7865,Deportes,526.21,31,2044-07-13
7866,Producto_7866,Electrónica,781.2,99,2044-07-14
7867,Producto_7867,Deportes,346.71,73,2044-07-15
7868,Producto_7868,Electrónica,186.92,69,2044-07-16
7869,Producto_7869,Deportes,589.09,52,2044-07-17
7870,Producto_7870,Ropa,668.55,72,2044-07-18
7871,Producto_7871,Ropa,715.59,21,2044-07-19
7872,Producto_7872,Deportes,883.17,16,2044-07-20
7873,Producto_7873,Hogar,377.46,51,2044-07-21
7874,Producto_7874,Electrónica,84.6,16,2044-07-22
7875,Producto_7875,Ropa,958.77,18,2044-07-23
7876,Producto_7876,Hogar,440.66,47,2044-07-24
7877,Producto_7877,Electrónica,627.02,56,2044-07-25
7878,Producto_7878,Ropa,669.64,28,2044-07-26
7879,Producto_7879,Ropa,551.05,82,2044-07-27
7880,Producto_7880,Deportes,213.2,78,2044-07-28
7881,Producto_7881,Electrónica,757.59,56,2044-07-29
7882,Producto_7882,Hogar,805.71,37,2044-07-30
7883,Producto_7883,Hogar,557.45,16,2044-07-31
7884,Producto_7884,Hogar,493.68,85,2044-08-01
7885,Producto_7885,Electrónica,122.8,65,2044-08-02
7886,Producto_7886,Hogar,93.11,60,2044-08-03
7887,Producto_7887,Hogar,346.17,61,2044-08-04
7888,Producto_7888,Hogar,317.74,11,2044-08-05
7889,Producto_7889,Deportes,954.12,75,2044-08-06
7890,Producto_7890,Deportes,785.79,66,2044-08-07
7891,Producto_7891,Electrónica,663.33,32,2044-08-08
7892,Producto_7892,Electrónica,522.47,19,2044-08-09
7893,Producto_7893,Hogar,175.69,56,2044-08-10
7894,Producto_7894,Deportes,978.67,5,2044-08-11
7895,Producto_7895,Ropa,381.29,3,2044-08-12
7896,Producto_7896,Ropa,115.86,28,2044-08-13
7897,Producto_7897,Hogar,498.86,90,2044-08-14
7898,Producto_7898,Hogar,875.26,87,2044-08-15
7899,Producto_7899,Deportes,888.42,94,2044-08-16
7900,Producto_7900,Deportes,20.86,72,2044-08-17
7901,Producto_7901,Deportes,887.43,29,2044-08-18
7902,Producto_7902,Electrónica,278.77,77,2044-08-19
7903,Producto_7903,Electrónica,48.58,59,2044-08-20
7904,Producto_7904,Hogar,849.31,25,2044-08-21
7905,Producto_7905,Electrónica,865.23,22,2044-08-22
7906,Producto_7906,Deportes,600.27,97,2044-08-23
7907,Producto_7907,Deportes,578.69,71,2044-08-24
7908,Producto_7908,Electrónica,814.99,23,2044-08-25
7909,Producto_7909,Ropa,788.45,70,2044-08-26
7910,Producto_7910,Hogar,891.2,79,2044-08-27
7911,Producto_7911,Ropa,557.22,79,2044-08-28
7912,Producto_7912,Hogar,967.97,40,2044-08-29
7913,Producto_7913,Ropa,996.19,98,2044-08-30
7914,Producto_7914,Electrónica,125.38,14,2044-08-31
7915,Producto_7915,Hogar,851.05,29,2044-09-01
7916,Producto_7916,Hogar,504.82,16,2044-09-02
7917,Producto_7917,Hogar,393.69,93,2044-09-03
7918,Producto_7918,Deportes,616.94,87,2044-09-04
7919,Producto_7919,Deportes,65.41,10,2044-09-05
7920,Producto_7920,Ropa,511.4,47,2044-09-06
7921,Producto_7921,Electrónica,872.18,4,2044-09-07
7922,Producto_7922,Deportes,221.33,12,2044-09-08
7923,Producto_7923,Hogar,432.13,42,2044-09-09
7924,Producto_7924,Deportes,940.09,98,2044-09-10
7925,Producto_7925,Electrónica,434.28,4,2044-09-11
7926,Producto_7926,Deportes,364.78,84,2044-09-12
7927,Producto_7927,Hogar,446.13,92,2044-09-13
7928,Producto_7928,Ropa,524.26,92,2044-09-14
7929,Producto_7929,Hogar,635.67,6,2044-09-15
7930,Producto_7930,Electrónica,802.69,14,2044-09-16
7931,Producto_7931,Ropa,457.58,35,2044-09-17
7932,Producto_7932,Deportes,819.31,47,2044-09-18
7933,Producto_7933,Deportes,538.38,58,2044-09-19
7934,Producto_7934,Deportes,345.1,65,2044-09-20
7935,Producto_7935,Ropa,661.37,19,2044-09-21
7936,Producto_7936,Hogar,720.55,57,2044-09-22
7937,Producto_7937,Ropa,562.47,65,2044-09-23
7938,Producto_7938,Ropa,66.05,13,2044-09-24
7939,Producto_7939,Electrónica,178.18,8,2044-09-25
7940,Producto_7940,Ropa,292.44,18,2044-09-26
7941,Producto_7941,Deportes,289.8,35,2044-09-27
7942,Producto_7942,Hogar,676.69,87,2044-09-28
7943,Producto_7943,Hogar,28.17,26,2044-09-29
7944,Producto_7944,Hogar,758.12,38,2044-09-30
7945,Producto_7945,Deportes,272.69,84,2044-10-01
7946,Producto_7946,Deportes,316.92,66,2044-10-02
7947,Producto_7947,Deportes,532.63,26,2044-10-03
7948,Producto_7948,Deportes,223.77,57,2044-10-04
7949,Producto_7949,Deportes,885.63,25,2044-10-05
7950,Producto_7950,Ropa,94.52,30,2044-10-06
7951,Producto_7951,Deportes,449.94,82,2044-10-07
7952,Producto_7952,Deportes,850.93,7,2044-10-08
7953,Producto_7953,Deportes,619.69,27,2044-10-09
7954,Producto_7954,Deportes,299.41,11,2044-10-10
7955,Producto_7955,Hogar,426.55,8,2044-10-11
7956,Producto_7956,Deportes,709.63,11,2044-10-12
7957,Producto_7957,Ropa,973.53,88,2044-10-13
7958,Producto_7958,Ropa,894.21,30,2044-10-14
7959,Producto_7959,Ropa,349.01,94,2044-10-15
7960,Producto_7960,Electrónica,998.22,15,2044-10-16
7961,Producto_7961,Hogar,13.47,56,2044-10-17
7962,Producto_7962,Deportes,37.35,35,2044-10-18
7963,Producto_7963,Electrónica,825.6,39,2044-10-19
7964,Producto_7964,Deportes,207.47,24,2044-10-20
7965,Producto_7965,Electrónica,70.16,8,2044-10-21
7966,Producto_7966,Electrónica,244.78,43,2044-10-22
7967,Producto_7967,Ropa,431.84,42,2044-10-23
7968,Producto_7968,Ropa,733.26,84,2044-10-24
7969,Producto_7969,Electrónica,628.09,41,2044-10-25
7970,Producto_7970,Ropa,245.25,47,2044-10-26
7971,Producto_7971,Electrónica,508.24,26,2044-10-27
7972,Producto_7972,Hogar,926.95,52,2044-10-28
7973,Producto_7973,Ropa,816.86,88,2044-10-29
7974,Producto_7974,Ropa,329.96,22,2044-10-30
7975,Producto_7975,Ropa,982.44,5,2044-10-31
7976,Producto_7976,Hogar,711.53,15,2044-11-01
7977,Producto_7977,Electrónica,71.82,36,2044-11-02
7978,Producto_7978,Deportes,44.81,63,2044-11-03
7979,Producto_7979,Ropa,176.72,93,2044-11-04
7980,Producto_7980,Electrónica,730.58,79,2044-11-05
7981,Producto_7981,Hogar,191.9,91,2044-11-06
7982,Producto_7982,Deportes,516.37,49,2044-11-07
7983,Producto_7983,Ropa,102.33,55,2044-11-08
7984,Producto_7984,Hogar,921.68,72,2044-11-09
7985,Producto_7985,Hogar,350.52,60,2044-11-10
7986,Producto_7986,Deportes,909.05,57,2044-11-11
7987,Producto_7987,Electrónica,945.43,29,2044-11-12
7988,Producto_7988,Ropa,16.07,19,2044-11-13
7989,Producto_7989,Ropa,469.49,95,2044-11-14
7990,Producto_7990,Electrónica,34.41,73,2044-11-15
7991,Producto_7991,Electrónica,909.61,10,2044-11-16
7992,Producto_7992,Electrónica,523.22,10,2044-11-17
7993,Producto_7993,Deportes,84.19,97,2044-11-18
7994,Producto_7994,Deportes,119.17,89,2044-11-19
7995,Producto_7995,Ropa,389.67,57,2044-11-20
7996,Producto_7996,Deportes,940.83,54,2044-11-21
7997,Producto_7997,Hogar,695.98,56,2044-11-22
7998,Producto_7998,Ropa,868.94,68,2044-11-23
7999,Producto_7999,Deportes,372.79,69,2044-11-24
8000,Producto_8000,Electrónica,52.78,87,2044-11-25
8001,Producto_8001,Hogar,974.57,55,2044-11-26
8002,Producto_8002,Electrónica,27.0,69,2044-11-27
8003,Producto_8003,Ropa,948.18,72,2044-11-28
8004,Producto_8004,Electrónica,374.99,81,2044-11-29
8005,Producto_8005,Deportes,19.99,1,2044-11-30
8006,Producto_8006,Deportes,692.27,12,2044-12-01
8007,Producto_8007,Ropa,980.73,35,2044-12-02
8008,Producto_8008,Electrónica,965.97,78,2044-12-03
8009,Producto_8009,Ropa,169.33,82,2044-12-04
8010,Producto_8010,Electrónica,189.44,74,2044-12-05
8011,Producto_8011,Hogar,569.88,79,2044-12-06
8012,Producto_8012,Deportes,640.93,33,2044-12-07
8013,Producto_8013,Ropa,742.02,83,2044-12-08
8014,Producto_8014,Hogar,189.24,98,2044-12-09
8015,Producto_8015,Hogar,959.42,25,2044-12-10
8016,Producto_8016,Ropa,642.35,16,2044-12-11
8017,Producto_8017,Ropa,848.58,8,2044-12-12
8018,Producto_8018,Hogar,544.67,35,2044-12-13
8019,Producto_8019,Electrónica,420.13,85,2044-12-14
8020,Producto_8020,Hogar,977.41,83,2044-12-15
8021,Producto_8021,Ropa,586.3,46,2044-12-16
8022,Producto_8022,Hogar,868.2,11,2044-12-17
8023,Producto_8023,Electrónica,953.76,61,2044-12-18
8024,Producto_8024,Deportes,678.6,44,2044-12-19
8025,Producto_8025,Deportes,553.45,11,2044-12-20
8026,Producto_8026,Hogar,13.48,11,2044-12-21
8027,Producto_8027,Electrónica,49.62,22,2044-12-22
8028,Producto_8028,Deportes,208.84,85,2044-12-23
8029,Producto_8029,Hogar,194.15,91,2044-12-24
8030,Producto_8030,Hogar,262.21,82,2044-12-25
8031,Producto_8031,Electrónica,311.89,62,2044-12-26
8032,Producto_8032,Ropa,366.46,48,2044-12-27
8033,Producto_8033,Hogar,426.33,94,2044-12-28
8034,Producto_8034,Ropa,107.88,63,2044-12-29
8035,Producto_8035,Ropa,51.94,51,2044-12-30
8036,Producto_8036,Deportes,677.21,45,2044-12-31
8037,Producto_8037,Ropa,541.96,33,2045-01-01
8038,Producto_8038,Electrónica,449.7,85,2045-01-02
8039,Producto_8039,Deportes,638.1,60,2045-01-03
8040,Producto_8040,Deportes,829.4,2,2045-01-04
8041,Producto_8041,Deportes,433.42,13,2045-01-05
8042,Producto_8042,Hogar,644.71,66,2045-01-06
8043,Producto_8043,Hogar,954.04,57,2045-01-07
8044,Producto_8044,Ropa,841.23,43,2045-01-08
8045,Producto_8045,Deportes,431.74,45,2045-01-09
8046,Producto_8046,Deportes,648.27,31,2045-01-10
8047,Producto_8047,Electrónica,185.3,10,2045-01-11
8048,Producto_8048,Ropa,564.92,23,2045-01-12
8049,Producto_8049,Electrónica,981.52,86,2045-01-13
8050,Producto_8050,Ropa,523.13,29,2045-01-14
8051,Producto_8051,Ropa,928.36,97,2045-01-15
8052,Producto_8052,Hogar,413.26,31,2045-01-16
8053,Producto_8053,Hogar,998.86,78,2045-01-17
8054,Producto_8054,Electrónica,583.43,74,2045-01-18
8055,Producto_8055,Ropa,51.85,18,2045-01-19
8056,Producto_8056,Deportes,590.89,11,2045-01-20
8057,Producto_8057,Hogar,281.83,47,2045-01-21
8058,Producto_8058,Deportes,42.16,3,2045-01-22
8059,Producto_8059,Electrónica,822.64,2,2045-01-23
8060,Producto_8060,Hogar,282.97,54,2045-01-24
8061,Producto_8061,Hogar,798.58,72,2045-01-25
8062,Producto_8062,Ropa,295.34,31,2045-01-26
8063,Producto_8063,Electrónica,202.38,8,2045-01-27
8064,Producto_8064,Ropa,974.2,43,2045-01-28
8065,Producto_8065,Hogar,368.03,48,2045-01-29
8066,Producto_8066,Electrónica,605.36,2,2045-01-30
8067,Producto_8067,Hogar,613.88,22,2045-01-31
8068,Producto_8068,Electrónica,564.87,5,2045-02-01
8069,Producto_8069,Hogar,915.55,7,2045-02-02
8070,Producto_8070,Deportes,677.7,20,2045-02-03
8071,Producto_8071,Deportes,409.7,92,2045-02-04
8072,Producto_8072,Ropa,863.76,77,2045-02-05
8073,Producto_8073,Deportes,189.25,2,2045-02-06
8074,Producto_8074,Hogar,548.79,32,2045-02-07
8075,Producto_8075,Hogar,951.04,90,2045-02-08
8076,Producto_8076,Deportes,629.14,3,2045-02-09
8077,Producto_8077,Ropa,818.8,41,2045-02-10
8078,Producto_8078,Deportes,657.03,42,2045-02-11
8079,Producto_8079,Electrónica,840.98,77,2045-02-12
8080,Producto_8080,Electrónica,945.04,85,2045-02-13
8081,Producto_8081,Electrónica,280.19,45,2045-02-14
8082,Producto_8082,Deportes,177.96,87,2045-02-15
8083,Producto_8083,Deportes,489.15,71,2045-02-16
8084,Producto_8084,Deportes,704.84,17,2045-02-17
8085,Producto_8085,Electrónica,234.92,92,2045-02-18
8086,Producto_8086,Ropa,14.06,47,2045-02-19
8087,Producto_8087,Hogar,349.51,94,2045-02-20
8088,Producto_8088,Deportes,969.17,69,2045-02-21
8089,Producto_8089,Ropa,698.02,24,2045-02-22
8090,Producto_8090,Hogar,407.31,71,2045-02-23
8091,Producto_8091,Hogar,200.65,34,2045-02-24
8092,Producto_8092,Hogar,362.53,50,2045-02-25
8093,Producto_8093,Ropa,178.14,42,2045-02-26
8094,Producto_8094,Ropa,115.24,33,2045-02-27
8095,Producto_8095,Electrónica,907.67,27,2045-02-28
8096,Producto_8096,Ropa,997.67,78,2045-03-01
8097,Producto_8097,Ropa,172.47,59,2045-03-02
8098,Producto_8098,Ropa,63.98,19,2045-03-03
8099,Producto_8099,Hogar,336.43,76,2045-03-04
8100,Producto_8100,Deportes,467.04,3,2045-03-05
8101,Producto_8101,Electrónica,212.77,71,2045-03-06
8102,Producto_8102,Deportes,308.41,99,2045-03-07
8103,Producto_8103,Deportes,208.86,25,2045-03-08
8104,Producto_8104,Ropa,776.52,15,2045-03-09
8105,Producto_8105,Electrónica,715.45,83,2045-03-10
8106,Producto_8106,Deportes,638.6,60,2045-03-11
8107,Producto_8107,Deportes,393.35,83,2045-03-12
8108,Producto_8108,Electrónica,909.95,23,2045-03-13
8109,Producto_8109,Ropa,969.84,11,2045-03-14
8110,Producto_8110,Deportes,181.9,59,2045-03-15
8111,Producto_8111,Hogar,230.78,85,2045-03-16
8112,Producto_8112,Deportes,530.37,34,2045-03-17
8113,Producto_8113,Hogar,100.34,7,2045-03-18
8114,Producto_8114,Ropa,442.08,44,2045-03-19
8115,Producto_8115,Deportes,585.97,91,2045-03-20
8116,Producto_8116,Electrónica,526.85,64,2045-03-21
8117,Producto_8117,Electrónica,337.6,23,2045-03-22
8118,Producto_8118,Deportes,547.02,58,2045-03-23
8119,Producto_8119,Ropa,959.21,20,2045-03-24
8120,Producto_8120,Ropa,213.96,27,2045-03-25
8121,Producto_8121,Electrónica,658.28,60,2045-03-26
8122,Producto_8122,Deportes,52.96,8,2045-03-27
8123,Producto_8123,Ropa,75.75,67,2045-03-28
8124,Producto_8124,Electrónica,556.31,2,2045-03-29
8125,Producto_8125,Hogar,113.89,22,2045-03-30
8126,Producto_8126,Deportes,32.12,70,2045-03-31
8127,Producto_8127,Hogar,179.8,36,2045-04-01
8128,Producto_8128,Hogar,569.2,24,2045-04-02
8129,Producto_8129,Ropa,706.31,12,2045-04-03
8130,Producto_8130,Ropa,210.45,81,2045-04-04
8131,Producto_8131,Ropa,671.58,22,2045-04-05
8132,Producto_8132,Deportes,190.65,83,2045-04-06
8133,Producto_8133,Hogar,617.32,73,2045-04-07
8134,Producto_8134,Deportes,417.84,76,2045-04-08
8135,Producto_8135,Ropa,657.26,96,2045-04-09
8136,Producto_8136,Hogar,995.1,95,2045-04-10
8137,Producto_8137,Deportes,938.44,81,2045-04-11
8138,Producto_8138,Deportes,14.24,23,2045-04-12
8139,Producto_8139,Electrónica,886.58,74,2045-04-13
8140,Producto_8140,Deportes,75.83,63,2045-04-14
8141,Producto_8141,Ropa,953.52,30,2045-04-15
8142,Producto_8142,Deportes,289.01,19,2045-04-16
8143,Producto_8143,Hogar,388.21,26,2045-04-17
8144,Producto_8144,Deportes,100.72,90,2045-04-18
8145,Producto_8145,Electrónica,121.15,11,2045-04-19
8146,Producto_8146,Hogar,729.47,20,2045-04-20
8147,Producto_8147,Hogar,944.89,56,2045-04-21
8148,Producto_8148,Electrónica,614.64,45,2045-04-22
8149,Producto_8149,Ropa,718.69,68,2045-04-23
8150,Producto_8150,Hogar,764.35,47,2045-04-24
8151,Producto_8151,Ropa,270.19,76,2045-04-25
8152,Producto_8152,Hogar,54.78,89,2045-04-26
8153,Producto_8153,Hogar,11.85,58,2045-04-27
8154,Producto_8154,Ropa,357.14,10,2045-04-28
8155,Producto_8155,Hogar,249.05,22,2045-04-29
8156,Producto_8156,Ropa,71.69,71,2045-04-30
8157,Producto_8157,Electrónica,187.73,24,2045-05-01
8158,Producto_8158,Ropa,133.25,66,2045-05-02
8159,Producto_8159,Electrónica,915.73,96,2045-05-03
8160,Producto_8160,Hogar,148.86,85,2045-05-04
8161,Producto_8161,Ropa,542.27,61,2045-05-05
8162,Producto_8162,Hogar,597.17,7,2045-05-06
8163,Producto_8163,Ropa,548.05,72,2045-05-07
8164,Producto_8164,Electrónica,108.07,38,2045-05-08
8165,Producto_8165,Electrónica,325.61,21,2045-05-09
8166,Producto_8166,Ropa,60.76,8,2045-05-10
8167,Producto_8167,Electrónica,401.71,89,2045-05-11
8168,Producto_8168,Hogar,196.71,28,2045-05-12
8169,Producto_8169,Hogar,566.02,92,2045-05-13
8170,Producto_8170,Deportes,695.88,54,2045-05-14
8171,Producto_8171,Electrónica,536.8,31,2045-05-15
8172,Producto_8172,Hogar,439.89,89,2045-05-16
8173,Producto_8173,Ropa,393.46,41,2045-05-17
8174,Producto_8174,Electrónica,843.27,37,2045-05-18
8175,Producto_8175,Hogar,227.17,38,2045-05-19
8176,Producto_8176,Electrónica,736.88,51,2045-05-20
8177,Producto_8177,Ropa,759.91,76,2045-05-21
8178,Producto_8178,Hogar,425.01,37,2045-05-22
8179,Producto_8179,Deportes,304.33,31,2045-05-23
8180,Producto_8180,Deportes,475.84,62,2045-05-24
8181,Producto_8181,Electrónica,102.28,18,2045-05-25
8182,Producto_8182,Ropa,55.47,90,2045-05-26
8183,Producto_8183,Hogar,120.49,6,2045-05-27
8184,Producto_8184,Ropa,195.27,9,2045-05-28
8185,Producto_8185,Hogar,509.14,11,2045-05-29
8186,Producto_8186,Electrónica,850.65,95,2045-05-30
8187,Producto_8187,Hogar,243.29,2,2045-05-31
8188,Producto_8188,Ropa,935.81,29,2045-06-01
8189,Producto_8189,Ropa,955.36,51,2045-06-02
8190,Producto_8190,Electrónica,959.32,69,2045-06-03
8191,Producto_8191,Ropa,839.19,23,2045-06-04
8192,Producto_8192,Hogar,370.19,7,2045-06-05
8193,Producto_8193,Electrónica,81.96,56,2045-06-06
8194,Producto_8194,Hogar,573.13,77,2045-06-07
8195,Producto_8195,Ropa,563.09,62,2045-06-08
8196,Producto_8196,Electrónica,851.48,74,2045-06-09
8197,Producto_8197,Hogar,996.03,80,2045-06-10
8198,Producto_8198,Ropa,513.08,15,2045-06-11
8199,Producto_8199,Ropa,351.75,53,2045-06-12
8200,Producto_8200,Deportes,194.04,43,2045-06-13
8201,Producto_8201,Ropa,14.75,83,2045-06-14
8202,Producto_8202,Hogar,514.02,85,2045-06-15
8203,Producto_8203,Electrónica,559.96,35,2045-06-16
8204,Producto_8204,Deportes,826.69,79,2045-06-17
8205,Producto_8205,Ropa,509.53,14,2045-06-18
8206,Producto_8206,Ropa,917.3,93,2045-06-19
8207,Producto_8207,Ropa,631.8,69,2045-06-20
8208,Producto_8208,Hogar,841.93,49,2045-06-21
8209,Producto_8209,Deportes,156.82,18,2045-06-22
8210,Producto_8210,Hogar,856.78,51,2045-06-23
8211,Producto_8211,Deportes,678.39,1,2045-06-24
8212,Producto_8212,Electrónica,178.53,27,2045-06-25
8213,Producto_8213,Hogar,197.87,64,2045-06-26
8214,Producto_8214,Hogar,927.24,60,2045-06-27
8215,Producto_8215,Electrónica,41.89,91,2045-06-28
8216,Producto_8216,Deportes,467.91,89,2045-06-29
8217,Producto_8217,Ropa,320.34,41,2045-06-30
8218,Producto_8218,Electrónica,668.43,21,2045-07-01
8219,Producto_8219,Ropa,841.23,14,2045-07-02
8220,Producto_8220,Ropa,366.77,20,2045-07-03
8221,Producto_8221,Electrónica,432.63,92,2045-07-04
8222,Producto_8222,Deportes,982.1,85,2045-07-05
8223,Producto_8223,Ropa,786.08,87,2045-07-06
8224,Producto_8224,Electrónica,898.23,11,2045-07-07
8225,Producto_8225,Hogar,444.37,66,2045-07-08
8226,Producto_8226,Hogar,241.74,84,2045-07-09
8227,Producto_8227,Hogar,417.74,24,2045-07-10
8228,Producto_8228,Electrónica,718.93,89,2045-07-11
8229,Producto_8229,Hogar,118.34,37,2045-07-12
8230,Producto_8230,Ropa,277.76,86,2045-07-13
8231,Producto_8231,Hogar,56.17,24,2045-07-14
8232,Producto_8232,Hogar,438.02,15,2045-07-15
8233,Producto_8233,Ropa,829.17,12,2045-07-16
8234,Producto_8234,Hogar,34.42,95,2045-07-17
8235,Producto_8235,Ropa,678.57,64,2045-07-18
8236,Producto_8236,Hogar,933.17,31,2045-07-19
8237,Producto_8237,Ropa,244.56,53,2045-07-20
8238,Producto_8238,Hogar,696.7,94,2045-07-21
8239,Producto_8239,Ropa,975.35,84,2045-07-22
8240,Producto_8240,Electrónica,962.66,72,2045-07-23
8241,Producto_8241,Ropa,242.58,44,2045-07-24
8242,Producto_8242,Hogar,109.33,30,2045-07-25
8243,Producto_8243,Hogar,156.8,35,2045-07-26
8244,Producto_8244,Deportes,705.02,21,2045-07-27
8245,Producto_8245,Ropa,728.5,63,2045-07-28
8246,Producto_8246,Electrónica,677.49,92,2045-07-29
8247,Producto_8247,Ropa,342.72,17,2045-07-30
8248,Producto_8248,Ropa,178.08,12,2045-07-31
8249,Producto_8249,Electrónica,584.95,18,2045-08-01
8250,Producto_8250,Ropa,488.84,92,2045-08-02
8251,Producto_8251,Electrónica,731.55,60,2045-08-03
8252,Producto_8252,Electrónica,446.95,67,2045-08-04
8253,Producto_8253,Ropa,345.25,15,2045-08-05
8254,Producto_8254,Ropa,300.54,16,2045-08-06
8255,Producto_8255,Hogar,219.36,22,2045-08-07
8256,Producto_8256,Hogar,273.09,95,2045-08-08
8257,Producto_8257,Deportes,103.88,63,2045-08-09
8258,Producto_8258,Deportes,353.39,31,2045-08-10
8259,Producto_8259,Ropa,46.2,1,2045-08-11
8260,Producto_8260,Electrónica,194.55,75,2045-08-12
8261,Producto_8261,Deportes,749.3,6,2045-08-13
8262,Producto_8262,Ropa,332.21,87,2045-08-14
8263,Producto_8263,Deportes,671.55,9,2045-08-15
8264,Producto_8264,Electrónica,719.72,52,2045-08-16
8265,Producto_8265,Ropa,585.37,80,2045-08-17
8266,Producto_8266,Electrónica,959.11,62,2045-08-18
8267,Producto_8267,Ropa,31.23,58,2045-08-19
8268,Producto_8268,Deportes,741.27,19,2045-08-20
8269,Producto_8269,Hogar,959.2,13,2045-08-21
8270,Producto_8270,Deportes,863.65,32,2045-08-22
8271,Producto_8271,Deportes,176.21,9,2045-08-23
8272,Producto_8272,Hogar,333.55,49,2045-08-24
8273,Producto_8273,Hogar,180.73,37,2045-08-25
8274,Producto_8274,Ropa,605.3,31,2045-08-26
8275,Producto_8275,Ropa,715.07,31,2045-08-27
8276,Producto_8276,Electrónica,323.9,59,2045-08-28
8277,Producto_8277,Electrónica,544.11,55,2045-08-29
8278,Producto_8278,Deportes,694.01,19,2045-08-30
8279,Producto_8279,Hogar,427.13,63,2045-08-31
8280,Producto_8280,Electrónica,855.48,2,2045-09-01
8281,Producto_8281,Deportes,773.83,45,2045-09-02
8282,Producto_8282,Hogar,74.02,96,2045-09-03
8283,Producto_8283,Ropa,624.91,43,2045-09-04
8284,Producto_8284,Deportes,242.97,98,2045-09-05
8285,Producto_8285,Ropa,561.94,1,2045-09-06
8286,Producto_8286,Electrónica,957.32,85,2045-09-07
8287,Producto_8287,Electrónica,880.27,61,2045-09-08
8288,Producto_8288,Hogar,410.47,3,2045-09-09
8289,Producto_8289,Deportes,298.6,91,2045-09-10
8290,Producto_8290,Ropa,242.06,44,2045-09-11
8291,Producto_8291,Hogar,537.19,7,2045-09-12
8292,Producto_8292,Electrónica,123.11,33,2045-09-13
8293,Producto_8293,Electrónica,553.78,9,2045-09-14
8294,Producto_8294,Deportes,11.32,30,2045-09-15
8295,Producto_8295,Ropa,330.61,18,2045-09-16
8296,Producto_8296,Deportes,227.73,56,2045-09-17
8297,Producto_8297,Ropa,971.51,90,2045-09-18
8298,Producto_8298,Ropa,729.97,84,2045-09-19
8299,Producto_8299,Deportes,356.16,31,2045-09-20
8300,Producto_8300,Hogar,101.92,72,2045-09-21
8301,Producto_8301,Deportes,521.63,63,2045-09-22
8302,Producto_8302,Deportes,221.31,87,2045-09-23
8303,Producto_8303,Electrónica,541.07,50,2045-09-24
8304,Producto_8304,Electrónica,837.01,89,2045-09-25
8305,Producto_8305,Deportes,619.63,1,2045-09-26
8306,Producto_8306,Deportes,637.45,82,2045-09-27
8307,Producto_8307,Electrónica,545.62,19,2045-09-28
8308,Producto_8308,Ropa,927.99,64,2045-09-29
8309,Producto_8309,Deportes,932.58,53,2045-09-30
8310,Producto_8310,Hogar,517.6,6,2045-10-01
8311,Producto_8311,Hogar,312.7,17,2045-10-02
8312,Producto_8312,Hogar,464.99,46,2045-10-03
8313,Producto_8313,Deportes,194.69,72,2045-10-04
8314,Producto_8314,Ropa,639.98,73,2045-10-05
8315,Producto_8315,Ropa,505.09,55,2045-10-06
8316,Producto_8316,Electrónica,112.27,91,2045-10-07
8317,Producto_8317,Deportes,205.67,6,2045-10-08
8318,Producto_8318,Ropa,484.84,70,2045-10-09
8319,Producto_8319,Deportes,888.71,68,2045-10-10
8320,Producto_8320,Electrónica,570.73,86,2045-10-11
8321,Producto_8321,Electrónica,684.72,40,2045-10-12
8322,Producto_8322,Electrónica,345.64,91,2045-10-13
8323,Producto_8323,Hogar,575.7,66,2045-10-14
8324,Producto_8324,Deportes,452.91,9,2045-10-15
8325,Producto_8325,Electrónica,662.54,11,2045-10-16
8326,Producto_8326,Deportes,60.07,20,2045-10-17
8327,Producto_8327,Hogar,498.37,43,2045-10-18
8328,Producto_8328,Hogar,303.03,58,2045-10-19
8329,Producto_8329,Electrónica,332.92,78,2045-10-20
8330,Producto_8330,Electrónica,961.31,26,2045-10-21
8331,Producto_8331,Ropa,190.87,38,2045-10-22
8332,Producto_8332,Deportes,318.13,94,2045-10-23
8333,Producto_8333,Electrónica,514.79,36,2045-10-24
8334,Producto_8334,Ropa,864.4,99,2045-10-25
8335,Producto_8335,Deportes,422.5,55,2045-10-26
8336,Producto_8336,Electrónica,746.43,6,2045-10-27
8337,Producto_8337,Ropa,857.81,3,2045-10-28
8338,Producto_8338,Ropa,316.92,65,2045-10-29
8339,Producto_8339,Deportes,398.82,64,2045-10-30
8340,Producto_8340,Ropa,362.99,58,2045-10-31
8341,Producto_8341,Deportes,834.53,58,2045-11-01
8342,Producto_8342,Deportes,53.9,18,2045-11-02
8343,Producto_8343,Deportes,315.34,23,2045-11-03
8344,Producto_8344,Hogar,682.61,96,2045-11-04
8345,Producto_8345,Ropa,569.79,29,2045-11-05
8346,Producto_8346,Deportes,441.93,23,2045-11-06
8347,Producto_8347,Electrónica,544.55,36,2045-11-07
8348,Producto_8348,Hogar,205.61,70,2045-11-08
8349,Producto_8349,Hogar,436.41,81,2045-11-09
8350,Producto_8350,Ropa,506.69,82,2045-11-10
8351,Producto_8351,Deportes,902.18,95,2045-11-11
8352,Producto_8352,Ropa,268.23,6,2045-11-12
8353,Producto_8353,Hogar,869.15,34,2045-11-13
8354,Producto_8354,Deportes,647.8,44,2045-11-14
8355,Producto_8355,Electrónica,30.14,44,2045-11-15
8356,Producto_8356,Deportes,727.39,27,2045-11-16
8357,Producto_8357,Hogar,45.2,52,2045-11-17
8358,Producto_8358,Electrónica,997.41,42,2045-11-18
8359,Producto_8359,Deportes,873.91,25,2045-11-19
8360,Producto_8360,Electrónica,304.37,74,2045-11-20
8361,Producto_8361,Electrónica,264.84,39,2045-11-21
8362,Producto_8362,Hogar,387.63,39,2045-11-22
8363,Producto_8363,Electrónica,362.61,12,2045-11-23
8364,Producto_8364,Ropa,378.61,11,2045-11-24
8365,Producto_8365,Hogar,325.09,3,2045-11-25
8366,Producto_8366,Ropa,624.92,22,2045-11-26
8367,Producto_8367,Electrónica,172.62,4,2045-11-27
8368,Producto_8368,Ropa,847.52,8,2045-11-28
8369,Producto_8369,Deportes,814.28,14,2045-11-29
8370,Producto_8370,Electrónica,481.72,84,2045-11-30
8371,Producto_8371,Deportes,854.2,88,2045-12-01
8372,Producto_8372,Ropa,254.67,14,2045-12-02
8373,Producto_8373,Deportes,27.39,92,2045-12-03
8374,Producto_8374,Electrónica,623.02,16,2045-12-04
8375,Producto_8375,Deportes,463.33,32,2045-12-05
8376,Producto_8376,Ropa,571.49,64,2045-12-06
8377,Producto_8377,Ropa,900.35,76,2045-12-07
8378,Producto_8378,Ropa,970.23,16,2045-12-08
8379,Producto_8379,Electrónica,638.11,52,2045-12-09
8380,Producto_8380,Ropa,766.42,19,2045-12-10
8381,Producto_8381,Electrónica,92.97,69,2045-12-11
8382,Producto_8382,Deportes,169.11,12,2045-12-12
8383,Producto_8383,Ropa,735.87,93,2045-12-13
8384,Producto_8384,Deportes,437.05,5,2045-12-14
8385,Producto_8385,Hogar,451.51,42,2045-12-15
8386,Producto_8386,Deportes,315.52,17,2045-12-16
8387,Producto_8387,Hogar,611.28,72,2045-12-17
8388,Producto_8388,Deportes,193.31,94,2045-12-18
8389,Producto_8389,Electrónica,630.65,10,2045-12-19
8390,Producto_8390,Deportes,182.06,84,2045-12-20
8391,Producto_8391,Electrónica,73.19,16,2045-12-21
8392,Producto_8392,Electrónica,337.05,16,2045-12-22
8393,Producto_8393,Ropa,238.83,42,2045-12-23
8394,Producto_8394,Electrónica,890.1,3,2045-12-24
8395,Producto_8395,Hogar,64.4,23,2045-12-25
8396,Producto_8396,Ropa,184.85,86,2045-12-26
8397,Producto_8397,Ropa,553.23,28,2045-12-27
8398,Producto_8398,Deportes,486.26,45,2045-12-28
8399,Producto_8399,Electrónica,55.39,68,2045-12-29
8400,Producto_8400,Electrónica,17.18,24,2045-12-30
8401,Producto_8401,Hogar,988.19,19,2045-12-31
8402,Producto_8402,Deportes,662.25,75,2046-01-01
8403,Producto_8403,Deportes,371.75,40,2046-01-02
8404,Producto_8404,Ropa,475.73,46,2046-01-03
8405,Producto_8405,Ropa,273.88,40,2046-01-04
8406,Producto_8406,Ropa,351.43,62,2046-01-05
8407,Producto_8407,Hogar,652.55,18,2046-01-06
8408,Producto_8408,Hogar,883.98,12,2046-01-07
8409,Producto_8409,Ropa,192.29,14,2046-01-08
8410,Producto_8410,Deportes,841.96,82,2046-01-09
8411,Producto_8411,Hogar,130.34,61,2046-01-10
8412,Producto_8412,Deportes,222.84,12,2046-01-11
8413,Producto_8413,Deportes,46.8,27,2046-01-12
8414,Producto_8414,Electrónica,149.4,6,2046-01-13
8415,Producto_8415,Ropa,918.13,88,2046-01-14
8416,Producto_8416,Electrónica,464.84,33,2046-01-15
8417,Producto_8417,Ropa,86.89,80,2046-01-16
8418,Producto_8418,Ropa,960.13,50,2046-01-17
8419,Producto_8419,Deportes,880.2,12,2046-01-18
8420,Producto_8420,Ropa,757.14,95,2046-01-19
8421,Producto_8421,Deportes,934.14,57,2046-01-20
8422,Producto_8422,Deportes,227.93,53,2046-01-21
8423,Producto_8423,Ropa,838.01,13,2046-01-22
8424,Producto_8424,Deportes,693.09,72,2046-01-23
8425,Producto_8425,Deportes,871.06,3,2046-01-24
8426,Producto_8426,Deportes,798.94,64,2046-01-25
8427,Producto_8427,Hogar,353.03,84,2046-01-26
8428,Producto_8428,Deportes,776.65,58,2046-01-27
8429,Producto_8429,Hogar,269.83,4,2046-01-28
8430,Producto_8430,Hogar,335.31,45,2046-01-29
8431,Producto_8431,Deportes,116.83,66,2046-01-30
8432,Producto_8432,Deportes,935.73,36,2046-01-31
8433,Producto_8433,Hogar,298.09,23,2046-02-01
8434,Producto_8434,Hogar,525.42,19,2046-02-02
8435,Producto_8435,Deportes,397.42,40,2046-02-03
8436,Producto_8436,Deportes,960.33,72,2046-02-04
8437,Producto_8437,Ropa,341.7,16,2046-02-05
8438,Producto_8438,Hogar,780.76,58,2046-02-06
8439,Producto_8439,Hogar,856.86,18,2046-02-07
8440,Producto_8440,Ropa,441.25,36,2046-02-08
8441,Producto_8441,Hogar,384.39,24,2046-02-09
8442,Producto_8442,Electrónica,750.27,1,2046-02-10
8443,Producto_8443,Hogar,913.77,1,2046-02-11
8444,Producto_8444,Ropa,757.38,64,2046-02-12
8445,Producto_8445,Electrónica,234.86,62,2046-02-13
8446,Producto_8446,Deportes,889.42,36,2046-02-14
8447,Producto_8447,Ropa,393.71,75,2046-02-15
8448,Producto_8448,Ropa,580.47,18,2046-02-16
8449,Producto_8449,Deportes,833.12,16,2046-02-17
8450,Producto_8450,Ropa,196.51,17,2046-02-18
8451,Producto_8451,Hogar,786.67,24,2046-02-19
8452,Producto_8452,Deportes,600.2,98,2046-02-20
8453,Producto_8453,Ropa,894.41,68,2046-02-21
8454,Producto_8454,Deportes,180.25,99,2046-02-22
8455,Producto_8455,Deportes,426.48,79,2046-02-23
8456,Producto_8456,Deportes,834.51,2,2046-02-24
8457,Producto_8457,Electrónica,29.04,95,2046-02-25
8458,Producto_8458,Ropa,121.08,73,2046-02-26
8459,Producto_8459,Electrónica,990.66,10,2046-02-27
8460,Producto_8460,Ropa,287.59,53,2046-02-28
8461,Producto_8461,Hogar,975.79,89,2046-03-01
8462,Producto_8462,Hogar,190.71,51,2046-03-02
8463,Producto_8463,Hogar,367.48,69,2046-03-03
8464,Producto_8464,Ropa,755.34,14,2046-03-04
8465,Producto_8465,Deportes,661.2,66,2046-03-05
8466,Producto_8466,Deportes,585.31,82,2046-03-06
8467,Producto_8467,Electrónica,534.6,93,2046-03-07
8468,Producto_8468,Electrónica,845.01,53,2046-03-08
8469,Producto_8469,Hogar,242.6,84,2046-03-09
8470,Producto_8470,Electrónica,448.05,64,2046-03-10
8471,Producto_8471,Ropa,163.9,72,2046-03-11
8472,Producto_8472,Ropa,599.98,49,2046-03-12
8473,Producto_8473,Electrónica,258.04,90,2046-03-13
8474,Producto_8474,Electrónica,340.5,62,2046-03-14
8475,Producto_8475,Electrónica,476.54,37,2046-03-15
8476,Producto_8476,Electrónica,36.5,49,2046-03-16
8477,Producto_8477,Hogar,101.02,68,2046-03-17
8478,Producto_8478,Hogar,689.07,33,2046-03-18
8479,Producto_8479,Electrónica,434.68,22,2046-03-19
8480,Producto_8480,Ropa,866.14,70,2046-03-20
8481,Producto_8481,Hogar,697.73,33,2046-03-21
8482,Producto_8482,Ropa,18.02,28,2046-03-22
8483,Producto_8483,Deportes,620.55,88,2046-03-23
8484,Producto_8484,Ropa,102.79,4,2046-03-24
8485,Producto_8485,Electrónica,783.12,66,2046-03-25
8486,Producto_8486,Deportes,991.59,77,2046-03-26
8487,Producto_8487,Hogar,535.89,49,2046-03-27
8488,Producto_8488,Hogar,685.95,11,2046-03-28
8489,Producto_8489,Deportes,244.94,35,2046-03-29
8490,Producto_8490,Ropa,443.22,39,2046-03-30
8491,Producto_8491,Hogar,857.53,10,2046-03-31
8492,Producto_8492,Electrónica,175.75,74,2046-04-01
8493,Producto_8493,Deportes,272.88,72,2046-04-02
8494,Producto_8494,Electrónica,450.98,69,2046-04-03
8495,Producto_8495,Deportes,715.13,23,2046-04-04
8496,Producto_8496,Hogar,382.13,34,2046-04-05
8497,Producto_8497,Ropa,928.45,32,2046-04-06
8498,Producto_8498,Deportes,103.51,16,2046-04-07
8499,Producto_8499,Deportes,377.1,68,2046-04-08
8500,Producto_8500,Electrónica,711.86,54,2046-04-09
8501,Producto_8501,Hogar,233.73,28,2046-04-10
8502,Producto_8502,Electrónica,659.85,60,2046-04-11
8503,Producto_8503,Hogar,172.57,78,2046-04-12
8504,Producto_8504,Electrónica,65.42,76,2046-04-13
8505,Producto_8505,Deportes,129.81,60,2046-04-14
8506,Producto_8506,Electrónica,930.68,85,2046-04-15
8507,Producto_8507,Ropa,556.23,80,2046-04-16
8508,Producto_8508,Hogar,798.38,44,2046-04-17
8509,Producto_8509,Hogar,339.33,2,2046-04-18
8510,Producto_8510,Deportes,596.73,23,2046-04-19
8511,Producto_8511,Hogar,500.0,93,2046-04-20
8512,Producto_8512,Ropa,946.28,46,2046-04-21
8513,Producto_8513,Electrónica,750.1,73,2046-04-22
8514,Producto_8514,Deportes,733.24,54,2046-04-23
8515,Producto_8515,Ropa,55.89,71,2046-04-24
8516,Producto_8516,Hogar,554.17,93,2046-04-25
8517,Producto_8517,Hogar,472.32,81,2046-04-26
8518,Producto_8518,Ropa,928.56,9,2046-04-27
8519,Producto_8519,Electrónica,264.77,70,2046-04-28
8520,Producto_8520,Electrónica,277.14,44,2046-04-29
8521,Producto_8521,Deportes,417.23,84,2046-04-30
8522,Producto_8522,Hogar,250.94,74,2046-05-01
8523,Producto_8523,Ropa,137.89,73,2046-05-02
8524,Producto_8524,Electrónica,858.84,12,2046-05-03
8525,Producto_8525,Deportes,562.69,97,2046-05-04
8526,Producto_8526,Hogar,862.75,32,2046-05-05
8527,Producto_8527,Hogar,832.82,34,2046-05-06
8528,Producto_8528,Deportes,289.22,83,2046-05-07
8529,Producto_8529,Deportes,552.26,33,2046-05-08
8530,Producto_8530,Electrónica,92.39,64,2046-05-09
8531,Producto_8531,Ropa,916.1,48,2046-05-10
8532,Producto_8532,Hogar,410.22,16,2046-05-11
8533,Producto_8533,Ropa,399.74,50,2046-05-12
8534,Producto_8534,Hogar,309.73,23,2046-05-13
8535,Producto_8535,Hogar,466.06,26,2046-05-14
8536,Producto_8536,Ropa,259.24,54,2046-05-15
8537,Producto_8537,Deportes,381.1,44,2046-05-16
8538,Producto_8538,Electrónica,801.95,37,2046-05-17
8539,Producto_8539,Hogar,835.91,9,2046-05-18
8540,Producto_8540,Deportes,311.14,94,2046-05-19
8541,Producto_8541,Hogar,474.32,13,2046-05-20
8542,Producto_8542,Electrónica,875.08,60,2046-05-21
8543,Producto_8543,Hogar,62.15,80,2046-05-22
8544,Producto_8544,Electrónica,890.25,2,2046-05-23
8545,Producto_8545,Electrónica,226.99,95,2046-05-24
8546,Producto_8546,Hogar,681.75,60,2046-05-25
8547,Producto_8547,Hogar,586.73,57,2046-05-26
8548,Producto_8548,Electrónica,557.41,43,2046-05-27
8549,Producto_8549,Deportes,860.77,19,2046-05-28
8550,Producto_8550,Ropa,110.56,11,2046-05-29
8551,Producto_8551,Electrónica,353.56,78,2046-05-30
8552,Producto_8552,Hogar,542.87,47,2046-05-31
8553,Producto_8553,Hogar,813.18,89,2046-06-01
8554,Producto_8554,Deportes,224.28,63,2046-06-02
8555,Producto_8555,Ropa,804.9,7,2046-06-03
8556,Producto_8556,Electrónica,405.64,79,2046-06-04
8557,Producto_8557,Electrónica,197.02,94,2046-06-05
8558,Producto_8558,Ropa,761.4,31,2046-06-06
8559,Producto_8559,Electrónica,99.99,88,2046-06-07
8560,Producto_8560,Ropa,519.62,55,2046-06-08
8561,Producto_8561,Hogar,73.24,25,2046-06-09
8562,Producto_8562,Ropa,362.85,72,2046-06-10
8563,Producto_8563,Electrónica,605.07,30,2046-06-11
8564,Producto_8564,Ropa,560.55,36,2046-06-12
8565,Producto_8565,Deportes,410.61,50,2046-06-13
8566,Producto_8566,Hogar,434.76,14,2046-06-14
8567,Producto_8567,Hogar,234.5,29,2046-06-15
8568,Producto_8568,Ropa,461.32,27,2046-06-16
8569,Producto_8569,Electrónica,953.72,50,2046-06-17
8570,Producto_8570,Deportes,851.95,36,2046-06-18
8571,Producto_8571,Hogar,153.78,34,2046-06-19
8572,Producto_8572,Hogar,39.48,21,2046-06-20
8573,Producto_8573,Electrónica,934.19,38,2046-06-21
8574,Producto_8574,Electrónica,531.48,75,2046-06-22
8575,Producto_8575,Deportes,542.46,97,2046-06-23
8576,Producto_8576,Ropa,782.91,79,2046-06-24
8577,Producto_8577,Electrónica,321.54,76,2046-06-25
8578,Producto_8578,Ropa,487.09,88,2046-06-26
8579,Producto_8579,Deportes,968.98,50,2046-06-27
8580,Producto_8580,Ropa,675.43,37,2046-06-28
8581,Producto_8581,Hogar,162.21,75,2046-06-29
8582,Producto_8582,Ropa,141.89,19,2046-06-30
8583,Producto_8583,Deportes,212.22,1,2046-07-01
8584,Producto_8584,Deportes,769.04,81,2046-07-02
8585,Producto_8585,Deportes,302.42,40,2046-07-03
8586,Producto_8586,Ropa,31.17,55,2046-07-04
8587,Producto_8587,Hogar,944.73,80,2046-07-05
8588,Producto_8588,Electrónica,178.02,26,2046-07-06
8589,Producto_8589,Hogar,19.46,43,2046-07-07
8590,Producto_8590,Ropa,244.76,59,2046-07-08
8591,Producto_8591,Ropa,242.68,51,2046-07-09
8592,Producto_8592,Electrónica,427.79,15,2046-07-10
8593,Producto_8593,Ropa,921.19,8,2046-07-11
8594,Producto_8594,Deportes,880.39,94,2046-07-12
8595,Producto_8595,Deportes,462.33,14,2046-07-13
8596,Producto_8596,Deportes,416.79,97,2046-07-14
8597,Producto_8597,Deportes,559.46,7,2046-07-15
8598,Producto_8598,Deportes,251.02,18,2046-07-16
8599,Producto_8599,Ropa,61.66,12,2046-07-17
8600,Producto_8600,Electrónica,939.83,2,2046-07-18
8601,Producto_8601,Electrónica,194.83,50,2046-07-19
8602,Producto_8602,Deportes,206.42,93,2046-07-20
8603,Producto_8603,Ropa,477.74,21,2046-07-21
8604,Producto_8604,Hogar,496.7,7,2046-07-22
8605,Producto_8605,Hogar,28.25,91,2046-07-23
8606,Producto_8606,Ropa,156.48,12,2046-07-24
8607,Producto_8607,Deportes,384.37,84,2046-07-25
8608,Producto_8608,Electrónica,686.89,57,2046-07-26
8609,Producto_8609,Ropa,236.13,78,2046-07-27
8610,Producto_8610,Hogar,428.78,74,2046-07-28
8611,Producto_8611,Hogar,561.77,23,2046-07-29
8612,Producto_8612,Hogar,889.71,30,2046-07-30
8613,Producto_8613,Deportes,332.81,58,2046-07-31
8614,Producto_8614,Hogar,142.22,95,2046-08-01
8615,Producto_8615,Ropa,494.38,52,2046-08-02
8616,Producto_8616,Ropa,749.25,56,2046-08-03
8617,Producto_8617,Hogar,118.76,10,2046-08-04
8618,Producto_8618,Ropa,430.44,19,2046-08-05
8619,Producto_8619,Hogar,27.61,19,2046-08-06
8620,Producto_8620,Hogar,43.22,87,2046-08-07
8621,Producto_8621,Electrónica,488.12,59,2046-08-08
8622,Producto_8622,Deportes,305.22,44,2046-08-09
8623,Producto_8623,Deportes,846.66,59,2046-08-10
8624,Producto_8624,Electrónica,606.13,96,2046-08-11
8625,Producto_8625,Electrónica,459.39,84,2046-08-12
8626,Producto_8626,Deportes,413.86,4,2046-08-13
8627,Producto_8627,Hogar,502.27,97,2046-08-14
8628,Producto_8628,Hogar,50.03,65,2046-08-15
8629,Producto_8629,Deportes,893.87,13,2046-08-16
8630,Producto_8630,Hogar,998.32,67,2046-08-17
8631,Producto_8631,Electrónica,189.67,12,2046-08-18
8632,Producto_8632,Hogar,129.18,93,2046-08-19
8633,Producto_8633,Hogar,152.14,55,2046-08-20
8634,Producto_8634,Ropa,664.42,61,2046-08-21
8635,Producto_8635,Ropa,664.83,95,2046-08-22
8636,Producto_8636,Ropa,849.44,41,2046-08-23
8637,Producto_8637,Hogar,754.31,36,2046-08-24
8638,Producto_8638,Deportes,455.19,2,2046-08-25
8639,Producto_8639,Electrónica,616.73,22,2046-08-26
8640,Producto_8640,Hogar,691.4,22,2046-08-27
8641,Producto_8641,Deportes,517.61,41,2046-08-28
8642,Producto_8642,Hogar,480.89,95,2046-08-29
8643,Producto_8643,Electrónica,648.65,14,2046-08-30
8644,Producto_8644,Hogar,561.9,93,2046-08-31
8645,Producto_8645,Electrónica,647.5,35,2046-09-01
8646,Producto_8646,Hogar,616.73,50,2046-09-02
8647,Producto_8647,Electrónica,722.0,9,2046-09-03
8648,Producto_8648,Hogar,646.38,96,2046-09-04
8649,Producto_8649,Electrónica,524.55,59,2046-09-05
8650,Producto_8650,Ropa,684.98,56,2046-09-06
8651,Producto_8651,Hogar,454.99,91,2046-09-07
8652,Producto_8652,Hogar,249.25,10,2046-09-08
8653,Producto_8653,Deportes,11.4,25,2046-09-09
8654,Producto_8654,Deportes,564.36,45,2046-09-10
8655,Producto_8655,Electrónica,594.75,97,2046-09-11
8656,Producto_8656,Hogar,972.33,11,2046-09-12
8657,Producto_8657,Electrónica,367.86,9,2046-09-13
8658,Producto_8658,Ropa,400.19,7,2046-09-14
8659,Producto_8659,Deportes,209.78,71,2046-09-15
8660,Producto_8660,Electrónica,79.83,34,2046-09-16
8661,Producto_8661,Electrónica,775.08,83,2046-09-17
8662,Producto_8662,Deportes,257.18,20,2046-09-18
8663,Producto_8663,Hogar,612.82,89,2046-09-19
8664,Producto_8664,Electrónica,690.9,5,2046-09-20
8665,Producto_8665,Deportes,476.52,93,2046-09-21
8666,Producto_8666,Hogar,877.59,55,2046-09-22
8667,Producto_8667,Ropa,449.36,91,2046-09-23
8668,Producto_8668,Deportes,292.06,89,2046-09-24
8669,Producto_8669,Electrónica,897.06,15,2046-09-25
8670,Producto_8670,Ropa,862.95,48,2046-09-26
8671,Producto_8671,Hogar,172.4,4,2046-09-27
8672,Producto_8672,Hogar,35.7,78,2046-09-28
8673,Producto_8673,Deportes,99.09,81,2046-09-29
8674,Producto_8674,Deportes,293.68,21,2046-09-30
8675,Producto_8675,Deportes,972.54,80,2046-10-01
8676,Producto_8676,Hogar,562.93,90,2046-10-02
8677,Producto_8677,Ropa,379.53,9,2046-10-03
8678,Producto_8678,Hogar,889.83,66,2046-10-04
8679,Producto_8679,Electrónica,458.6,79,2046-10-05
8680,Producto_8680,Hogar,322.09,35,2046-10-06
8681,Producto_8681,Electrónica,941.81,88,2046-10-07
8682,Producto_8682,Ropa,851.02,51,2046-10-08
8683,Producto_8683,Deportes,845.23,78,2046-10-09
8684,Producto_8684,Deportes,517.16,37,2046-10-10
8685,Producto_8685,Hogar,791.54,6,2046-10-11
8686,Producto_8686,Deportes,187.56,82,2046-10-12
8687,Producto_8687,Ropa,577.49,86,2046-10-13
8688,Producto_8688,Deportes,984.01,82,2046-10-14
8689,Producto_8689,Hogar,298.05,51,2046-10-15
8690,Producto_8690,Ropa,796.41,66,2046-10-16
8691,Producto_8691,Electrónica,495.57,96,2046-10-17
8692,Producto_8692,Hogar,49.41,17,2046-10-18
8693,Producto_8693,Electrónica,765.39,65,2046-10-19
8694,Producto_8694,Ropa,176.88,9,2046-10-20
8695,Producto_8695,Hogar,635.16,13,2046-10-21
8696,Producto_8696,Hogar,94.81,58,2046-10-22
8697,Producto_8697,Ropa,947.4,30,2046-10-23
8698,Producto_8698,Deportes,298.81,31,2046-10-24
8699,Producto_8699,Hogar,234.2,23,2046-10-25
8700,Producto_8700,Hogar,137.85,63,2046-10-26
8701,Producto_8701,Electrónica,946.54,28,2046-10-27
8702,Producto_8702,Deportes,714.78,59,2046-10-28
8703,Producto_8703,Electrónica,744.24,10,2046-10-29
8704,Producto_8704,Electrónica,504.41,89,2046-10-30
8705,Producto_8705,Deportes,479.98,90,2046-10-31
8706,Producto_8706,Deportes,118.92,26,2046-11-01
8707,Producto_8707,Ropa,564.24,77,2046-11-02
8708,Producto_8708,Deportes,254.45,17,2046-11-03
8709,Producto_8709,Hogar,977.37,40,2046-11-04
8710,Producto_8710,Deportes,798.62,68,2046-11-05
8711,Producto_8711,Ropa,418.86,23,2046-11-06
8712,Producto_8712,Ropa,159.83,35,2046-11-07
8713,Producto_8713,Ropa,787.48,75,2046-11-08
8714,Producto_8714,Deportes,130.83,76,2046-11-09
8715,Producto_8715,Deportes,197.44,9,2046-11-10
8716,Producto_8716,Electrónica,219.41,79,2046-11-11
8717,Producto_8717,Electrónica,561.32,45,2046-11-12
8718,Producto_8718,Hogar,789.19,37,2046-11-13
8719,Producto_8719,Electrónica,321.17,69,2046-11-14
8720,Producto_8720,Hogar,93.82,19,2046-11-15
8721,Producto_8721,Ropa,469.89,75,2046-11-16
8722,Producto_8722,Electrónica,750.63,73,2046-11-17
8723,Producto_8723,Deportes,229.45,99,2046-11-18
8724,Producto_8724,Electrónica,227.73,27,2046-11-19
8725,Producto_8725,Hogar,947.75,13,2046-11-20
8726,Producto_8726,Electrónica,954.61,57,2046-11-21
8727,Producto_8727,Ropa,990.56,60,2046-11-22
8728,Producto_8728,Deportes,809.58,12,2046-11-23
8729,Producto_8729,Hogar,196.3,9,2046-11-24
8730,Producto_8730,Deportes,219.86,92,2046-11-25
8731,Producto_8731,Deportes,346.82,77,2046-11-26
8732,Producto_8732,Hogar,324.95,84,2046-11-27
8733,Producto_8733,Deportes,956.96,77,2046-11-28
8734,Producto_8734,Deportes,791.18,27,2046-11-29
8735,Producto_8735,Electrónica,726.77,90,2046-11-30
8736,Producto_8736,Deportes,194.1,63,2046-12-01
8737,Producto_8737,Deportes,910.43,93,2046-12-02
8738,Producto_8738,Deportes,829.59,29,2046-12-03
8739,Producto_8739,Deportes,172.01,22,2046-12-04
8740,Producto_8740,Hogar,872.46,73,2046-12-05
8741,Producto_8741,Ropa,279.53,88,2046-12-06
8742,Producto_8742,Electrónica,90.06,19,2046-12-07
8743,Producto_8743,Deportes,660.25,38,2046-12-08
8744,Producto_8744,Deportes,657.27,95,2046-12-09
8745,Producto_8745,Hogar,103.98,39,2046-12-10
8746,Producto_8746,Ropa,325.66,15,2046-12-11
8747,Producto_8747,Deportes,992.89,54,2046-12-12
8748,Producto_8748,Hogar,681.64,32,2046-12-13
8749,Producto_8749,Electrónica,732.77,46,2046-12-14
8750,Producto_8750,Electrónica,220.79,61,2046-12-15
8751,Producto_8751,Deportes,87.99,93,2046-12-16
8752,Producto_8752,Deportes,284.13,52,2046-12-17
8753,Producto_8753,Ropa,256.41,34,2046-12-18
8754,Producto_8754,Ropa,242.2,73,2046-12-19
8755,Producto_8755,Deportes,200.83,35,2046-12-20
8756,Producto_8756,Hogar,579.01,70,2046-12-21
8757,Producto_8757,Ropa,334.82,37,2046-12-22
8758,Producto_8758,Deportes,822.14,78,2046-12-23
8759,Producto_8759,Ropa,192.11,61,2046-12-24
8760,Producto_8760,Deportes,469.98,49,2046-12-25
8761,Producto_8761,Electrónica,23.52,9,2046-12-26
8762,Producto_8762,Deportes,486.87,19,2046-12-27
8763,Producto_8763,Electrónica,65.28,87,2046-12-28
8764,Producto_8764,Ropa,977.95,28,2046-12-29
8765,Producto_8765,Deportes,792.69,80,2046-12-30
8766,Producto_8766,Ropa,495.21,26,2046-12-31
8767,Producto_8767,Electrónica,95.72,38,2047-01-01
8768,Producto_8768,Deportes,596.52,40,2047-01-02
8769,Producto_8769,Ropa,761.18,25,2047-01-03
8770,Producto_8770,Electrónica,198.81,99,2047-01-04
8771,Producto_8771,Ropa,572.53,69,2047-01-05
8772,Producto_8772,Hogar,816.07,71,2047-01-06
8773,Producto_8773,Electrónica,770.57,23,2047-01-07
8774,Producto_8774,Electrónica,804.96,89,2047-01-08
8775,Producto_8775,Electrónica,880.53,65,2047-01-09
8776,Producto_8776,Deportes,938.31,22,2047-01-10
8777,Producto_8777,Deportes,411.47,64,2047-01-11
8778,Producto_8778,Deportes,573.08,68,2047-01-12
8779,Producto_8779,Hogar,792.75,58,2047-01-13
8780,Producto_8780,Hogar,700.17,28,2047-01-14
8781,Producto_8781,Electrónica,995.57,78,2047-01-15
8782,Producto_8782,Hogar,23.54,97,2047-01-16
8783,Producto_8783,Ropa,361.58,68,2047-01-17
8784,Producto_8784,Electrónica,288.22,75,2047-01-18
8785,Producto_8785,Electrónica,269.69,96,2047-01-19
8786,Producto_8786,Ropa,230.3,4,2047-01-20
8787,Producto_8787,Electrónica,712.03,1,2047-01-21
8788,Producto_8788,Hogar,93.91,26,2047-01-22
8789,Producto_8789,Deportes,744.19,33,2047-01-23
8790,Producto_8790,Ropa,696.49,81,2047-01-24
8791,Producto_8791,Hogar,258.3,27,2047-01-25
8792,Producto_8792,Ropa,260.31,42,2047-01-26
8793,Producto_8793,Ropa,632.57,69,2047-01-27
8794,Producto_8794,Electrónica,764.55,71,2047-01-28
8795,Producto_8795,Electrónica,877.72,64,2047-01-29
8796,Producto_8796,Hogar,853.62,25,2047-01-30
8797,Producto_8797,Ropa,965.23,72,2047-01-31
8798,Producto_8798,Electrónica,585.57,98,2047-02-01
8799,Producto_8799,Electrónica,909.57,4,2047-02-02
8800,Producto_8800,Ropa,810.43,12,2047-02-03
8801,Producto_8801,Hogar,895.72,58,2047-02-04
8802,Producto_8802,Hogar,21.51,95,2047-02-05
8803,Producto_8803,Ropa,966.24,11,2047-02-06
8804,Producto_8804,Hogar,478.79,59,2047-02-07
8805,Producto_8805,Electrónica,800.2,36,2047-02-08
8806,Producto_8806,Ropa,135.93,22,2047-02-09
8807,Producto_8807,Electrónica,401.98,65,2047-02-10
8808,Producto_8808,Deportes,278.75,50,2047-02-11
8809,Producto_8809,Deportes,298.74,4,2047-02-12
8810,Producto_8810,Hogar,132.02,72,2047-02-13
8811,Producto_8811,Deportes,807.71,89,2047-02-14
8812,Producto_8812,Electrónica,19.15,92,2047-02-15
8813,Producto_8813,Deportes,319.38,52,2047-02-16
8814,Producto_8814,Electrónica,182.67,43,2047-02-17
8815,Producto_8815,Hogar,593.15,46,2047-02-18
8816,Producto_8816,Hogar,261.71,4,2047-02-19
8817,Producto_8817,Electrónica,266.41,13,2047-02-20
8818,Producto_8818,Deportes,493.45,38,2047-02-21
8819,Producto_8819,Hogar,656.16,45,2047-02-22
8820,Producto_8820,Ropa,130.09,25,2047-02-23
8821,Producto_8821,Hogar,183.76,67,2047-02-24
8822,Producto_8822,Deportes,254.7,55,2047-02-25
8823,Producto_8823,Ropa,974.01,96,2047-02-26
8824,Producto_8824,Deportes,403.18,39,2047-02-27
8825,Producto_8825,Electrónica,603.0,65,2047-02-28
8826,Producto_8826,Ropa,249.13,75,2047-03-01
8827,Producto_8827,Deportes,495.55,2,2047-03-02
8828,Producto_8828,Ropa,83.38,69,2047-03-03
8829,Producto_8829,Deportes,44.39,86,2047-03-04
8830,Producto_8830,Ropa,474.05,62,2047-03-05
8831,Producto_8831,Deportes,404.67,46,2047-03-06
8832,Producto_8832,Electrónica,145.51,77,2047-03-07
8833,Producto_8833,Ropa,690.73,87,2047-03-08
8834,Producto_8834,Ropa,992.97,31,2047-03-09
8835,Producto_8835,Ropa,401.69,99,2047-03-10
8836,Producto_8836,Ropa,628.31,35,2047-03-11
8837,Producto_8837,Electrónica,963.35,45,2047-03-12
8838,Producto_8838,Ropa,833.22,77,2047-03-13
8839,Producto_8839,Hogar,468.92,54,2047-03-14
8840,Producto_8840,Electrónica,740.11,71,2047-03-15
8841,Producto_8841,Hogar,136.85,69,2047-03-16
8842,Producto_8842,Ropa,516.98,29,2047-03-17
8843,Producto_8843,Deportes,286.27,72,2047-03-18
8844,Producto_8844,Hogar,169.55,8,2047-03-19
8845,Producto_8845,Ropa,432.02,54,2047-03-20
8846,Producto_8846,Hogar,139.7,7,2047-03-21
8847,Producto_8847,Ropa,702.0,83,2047-03-22
8848,Producto_8848,Ropa,461.68,23,2047-03-23
8849,Producto_8849,Ropa,535.83,32,2047-03-24
8850,Producto_8850,Deportes,154.91,62,2047-03-25
8851,Producto_8851,Hogar,148.37,45,2047-03-26
8852,Producto_8852,Electrónica,587.58,68,2047-03-27
8853,Producto_8853,Electrónica,985.16,30,2047-03-28
8854,Producto_8854,Electrónica,105.29,39,2047-03-29
8855,Producto_8855,Electrónica,292.87,5,2047-03-30
8856,Producto_8856,Ropa,870.76,67,2047-03-31
8857,Producto_8857,Hogar,81.55,22,2047-04-01
8858,Producto_8858,Hogar,877.13,28,2047-04-02
8859,Producto_8859,Deportes,529.04,22,2047-04-03
8860,Producto_8860,Hogar,414.18,86,2047-04-04
8861,Producto_8861,Hogar,316.58,98,2047-04-05
8862,Producto_8862,Hogar,304.15,29,2047-04-06
8863,Producto_8863,Deportes,312.74,43,2047-04-07
8864,Producto_8864,Electrónica,885.96,42,2047-04-08
8865,Producto_8865,Hogar,726.56,60,2047-04-09
8866,Producto_8866,Deportes,673.03,77,2047-04-10
8867,Producto_8867,Deportes,800.76,71,2047-04-11
8868,Producto_8868,Ropa,264.54,74,2047-04-12
8869,Producto_8869,Deportes,621.86,92,2047-04-13
8870,Producto_8870,Electrónica,465.47,68,2047-04-14
8871,Producto_8871,Hogar,784.62,59,2047-04-15
8872,Producto_8872,Deportes,316.16,96,2047-04-16
8873,Producto_8873,Electrónica,646.75,86,2047-04-17
8874,Producto_8874,Deportes,883.39,84,2047-04-18
8875,Producto_8875,Deportes,408.13,84,2047-04-19
8876,Producto_8876,Deportes,75.96,6,2047-04-20
8877,Producto_8877,Deportes,520.89,73,2047-04-21
8878,Producto_8878,Deportes,352.51,28,2047-04-22
8879,Producto_8879,Electrónica,675.5,77,2047-04-23
8880,Producto_8880,Hogar,951.52,31,2047-04-24
8881,Producto_8881,Hogar,490.75,39,2047-04-25
8882,Producto_8882,Hogar,471.53,50,2047-04-26
8883,Producto_8883,Hogar,658.04,78,2047-04-27
8884,Producto_8884,Electrónica,112.46,86,2047-04-28
8885,Producto_8885,Ropa,260.97,37,2047-04-29
8886,Producto_8886,Ropa,919.79,88,2047-04-30
8887,Producto_8887,Electrónica,673.24,72,2047-05-01
8888,Producto_8888,Electrónica,23.31,15,2047-05-02
8889,Producto_8889,Deportes,212.58,51,2047-05-03
8890,Producto_8890,Deportes,686.01,70,2047-05-04
8891,Producto_8891,Deportes,766.76,23,2047-05-05
8892,Producto_8892,Hogar,841.46,25,2047-05-06
8893,Producto_8893,Deportes,299.26,95,2047-05-07
8894,Producto_8894,Ropa,931.72,46,2047-05-08
8895,Producto_8895,Hogar,557.42,93,2047-05-09
8896,Producto_8896,Deportes,699.57,23,2047-05-10
8897,Producto_8897,Hogar,600.77,10,2047-05-11
8898,Producto_8898,Ropa,131.51,73,2047-05-12
8899,Producto_8899,Deportes,963.48,77,2047-05-13
8900,Producto_8900,Ropa,131.65,32,2047-05-14
8901,Producto_8901,Ropa,262.33,51,2047-05-15
8902,Producto_8902,Ropa,815.49,41,2047-05-16
8903,Producto_8903,Deportes,622.41,65,2047-05-17
8904,Producto_8904,Electrónica,839.77,65,2047-05-18
8905,Producto_8905,Deportes,520.58,40,2047-05-19
8906,Producto_8906,Ropa,383.22,18,2047-05-20
8907,Producto_8907,Deportes,922.63,36,2047-05-21
8908,Producto_8908,Ropa,45.89,31,2047-05-22
8909,Producto_8909,Electrónica,857.57,54,2047-05-23
8910,Producto_8910,Hogar,238.51,63,2047-05-24
8911,Producto_8911,Electrónica,850.25,1,2047-05-25
8912,Producto_8912,Electrónica,147.8,52,2047-05-26
8913,Producto_8913,Hogar,584.42,57,2047-05-27
8914,Producto_8914,Deportes,889.23,9,2047-05-28
8915,Producto_8915,Hogar,478.8,86,2047-05-29
8916,Producto_8916,Deportes,749.1,92,2047-05-30
8917,Producto_8917,Deportes,806.62,90,2047-05-31
8918,Producto_8918,Ropa,739.13,74,2047-06-01
8919,Producto_8919,Ropa,926.08,56,2047-06-02
8920,Producto_8920,Hogar,452.37,47,2047-06-03
8921,Producto_8921,Electrónica,181.39,3,2047-06-04
8922,Producto_8922,Hogar,57.33,2,2047-06-05
8923,Producto_8923,Deportes,254.0,54,2047-06-06
8924,Producto_8924,Ropa,151.77,37,2047-06-07
8925,Producto_8925,Hogar,562.37,56,2047-06-08
8926,Producto_8926,Hogar,193.1,31,2047-06-09
8927,Producto_8927,Ropa,48.54,97,2047-06-10
8928,Producto_8928,Ropa,45.63,96,2047-06-11
8929,Producto_8929,Ropa,833.25,12,2047-06-12
8930,Producto_8930,Deportes,595.54,58,2047-06-13
8931,Producto_8931,Ropa,364.5,67,2047-06-14
8932,Producto_8932,Electrónica,895.29,26,2047-06-15
8933,Producto_8933,Hogar,79.49,78,2047-06-16
8934,Producto_8934,Ropa,980.52,12,2047-06-17
8935,Producto_8935,Ropa,620.13,90,2047-06-18
8936,Producto_8936,Deportes,191.63,16,2047-06-19
8937,Producto_8937,Deportes,682.28,53,2047-06-20
8938,Producto_8938,Hogar,765.75,72,2047-06-21
8939,Producto_8939,Electrónica,435.05,49,2047-06-22
8940,Producto_8940,Hogar,863.02,49,2047-06-23
8941,Producto_8941,Ropa,159.23,92,2047-06-24
8942,Producto_8942,Electrónica,286.05,7,2047-06-25
8943,Producto_8943,Electrónica,102.56,15,2047-06-26
8944,Producto_8944,Electrónica,218.77,36,2047-06-27
8945,Producto_8945,Electrónica,246.34,72,2047-06-28
8946,Producto_8946,Hogar,918.46,74,2047-06-29
8947,Producto_8947,Deportes,87.33,15,2047-06-30
8948,Producto_8948,Deportes,433.14,62,2047-07-01
8949,Producto_8949,Ropa,537.07,18,2047-07-02
8950,Producto_8950,Deportes,899.71,46,2047-07-03
8951,Producto_8951,Deportes,997.72,61,2047-07-04
8952,Producto_8952,Deportes,755.85,43,2047-07-05
8953,Producto_8953,Deportes,971.08,44,2047-07-06
8954,Producto_8954,Ropa,789.23,99,2047-07-07
8955,Producto_8955,Hogar,963.57,66,2047-07-08
8956,Producto_8956,Electrónica,710.2,55,2047-07-09
8957,Producto_8957,Deportes,88.97,86,2047-07-10
8958,Producto_8958,Hogar,407.9,79,2047-07-11
8959,Producto_8959,Deportes,650.13,39,2047-07-12
8960,Producto_8960,Deportes,357.21,5,2047-07-13
8961,Producto_8961,Electrónica,280.65,57,2047-07-14
8962,Producto_8962,Electrónica,581.63,15,2047-07-15
8963,Producto_8963,Electrónica,934.17,91,2047-07-16
8964,Producto_8964,Deportes,44.63,16,2047-07-17
8965,Producto_8965,Deportes,771.54,57,2047-07-18
8966,Producto_8966,Deportes,725.5,82,2047-07-19
8967,Producto_8967,Electrónica,964.31,99,2047-07-20
8968,Producto_8968,Ropa,931.4,25,2047-07-21
8969,Producto_8969,Hogar,764.61,22,2047-07-22
8970,Producto_8970,Ropa,525.2,31,2047-07-23
8971,Producto_8971,Deportes,212.22,34,2047-07-24
8972,Producto_8972,Deportes,549.78,87,2047-07-25
8973,Producto_8973,Ropa,767.7,16,2047-07-26
8974,Producto_8974,Deportes,896.71,70,2047-07-27
8975,Producto_8975,Hogar,791.81,59,2047-07-28
8976,Producto_8976,Deportes,203.31,15,2047-07-29
8977,Producto_8977,Hogar,603.69,82,2047-07-30
8978,Producto_8978,Ropa,338.85,13,2047-07-31
8979,Producto_8979,Ropa,19.11,24,2047-08-01
8980,Producto_8980,Deportes,208.22,13,2047-08-02
8981,Producto_8981,Hogar,122.09,65,2047-08-03
8982,Producto_8982,Deportes,844.29,36,2047-08-04
8983,Producto_8983,Electrónica,265.92,49,2047-08-05
8984,Producto_8984,Electrónica,291.85,82,2047-08-06
8985,Producto_8985,Electrónica,960.34,48,2047-08-07
8986,Producto_8986,Electrónica,385.3,97,2047-08-08
8987,Producto_8987,Deportes,19.49,43,2047-08-09
8988,Producto_8988,Electrónica,291.01,6,2047-08-10
8989,Producto_8989,Hogar,128.11,81,2047-08-11
8990,Producto_8990,Ropa,111.78,68,2047-08-12
8991,Producto_8991,Ropa,86.71,14,2047-08-13
8992,Producto_8992,Electrónica,597.33,30,2047-08-14
8993,Producto_8993,Electrónica,197.45,84,2047-08-15
8994,Producto_8994,Electrónica,367.63,8,2047-08-16
8995,Producto_8995,Deportes,863.4,54,2047-08-17
8996,Producto_8996,Ropa,430.09,66,2047-08-18
8997,Producto_8997,Electrónica,916.53,4,2047-08-19
8998,Producto_8998,Hogar,502.96,74,2047-08-20
8999,Producto_8999,Electrónica,404.85,84,2047-08-21
9000,Producto_9000,Ropa,752.89,60,2047-08-22
9001,Producto_9001,Electrónica,82.44,53,2047-08-23
9002,Producto_9002,Ropa,98.58,99,2047-08-24
9003,Producto_9003,Electrónica,655.45,74,2047-08-25
9004,Producto_9004,Hogar,492.07,92,2047-08-26
9005,Producto_9005,Electrónica,792.51,15,2047-08-27
9006,Producto_9006,Hogar,917.11,1,2047-08-28
9007,Producto_9007,Hogar,394.48,22,2047-08-29
9008,Producto_9008,Electrónica,600.45,91,2047-08-30
9009,Producto_9009,Hogar,505.69,93,2047-08-31
9010,Producto_9010,Deportes,981.79,15,2047-09-01
9011,Producto_9011,Electrónica,832.77,74,2047-09-02
9012,Producto_9012,Electrónica,912.62,84,2047-09-03
9013,Producto_9013,Hogar,261.8,22,2047-09-04
9014,Producto_9014,Hogar,774.8,50,2047-09-05
9015,Producto_9015,Electrónica,272.82,48,2047-09-06
9016,Producto_9016,Deportes,216.66,73,2047-09-07
9017,Producto_9017,Hogar,944.82,51,2047-09-08
9018,Producto_9018,Hogar,29.11,96,2047-09-09
9019,Producto_9019,Ropa,965.73,17,2047-09-10
9020,Producto_9020,Deportes,157.77,83,2047-09-11
9021,Producto_9021,Deportes,821.24,91,2047-09-12
9022,Producto_9022,Electrónica,283.16,51,2047-09-13
9023,Producto_9023,Deportes,357.2,37,2047-09-14
9024,Producto_9024,Electrónica,224.59,98,2047-09-15
9025,Producto_9025,Ropa,589.66,49,2047-09-16
9026,Producto_9026,Deportes,354.61,59,2047-09-17
9027,Producto_9027,Hogar,660.82,10,2047-09-18
9028,Producto_9028,Ropa,25.49,30,2047-09-19
9029,Producto_9029,Electrónica,73.73,85,2047-09-20
9030,Producto_9030,Ropa,108.66,21,2047-09-21
9031,Producto_9031,Electrónica,424.8,34,2047-09-22
9032,Producto_9032,Ropa,816.65,73,2047-09-23
9033,Producto_9033,Electrónica,889.3,98,2047-09-24
9034,Producto_9034,Deportes,252.36,50,2047-09-25
9035,Producto_9035,Hogar,578.63,76,2047-09-26
9036,Producto_9036,Electrónica,770.68,47,2047-09-27
9037,Producto_9037,Ropa,295.94,85,2047-09-28
9038,Producto_9038,Electrónica,414.92,84,2047-09-29
9039,Producto_9039,Electrónica,528.73,6,2047-09-30
9040,Producto_9040,Electrónica,143.53,50,2047-10-01
9041,Producto_9041,Ropa,35.72,63,2047-10-02
9042,Producto_9042,Hogar,161.28,12,2047-10-03
9043,Producto_9043,Deportes,630.59,41,2047-10-04
9044,Producto_9044,Hogar,82.88,31,2047-10-05
9045,Producto_9045,Electrónica,197.8,2,2047-10-06
9046,Producto_9046,Ropa,344.48,16,2047-10-07
9047,Producto_9047,Hogar,87.09,1,2047-10-08
9048,Producto_9048,Electrónica,199.78,4,2047-10-09
9049,Producto_9049,Deportes,912.16,47,2047-10-10
9050,Producto_9050,Deportes,29.11,65,2047-10-11
9051,Producto_9051,Deportes,656.9,52,2047-10-12
9052,Producto_9052,Electrónica,390.56,47,2047-10-13
9053,Producto_9053,Ropa,675.92,99,2047-10-14
9054,Producto_9054,Hogar,592.8,77,2047-10-15
9055,Producto_9055,Deportes,231.26,50,2047-10-16
9056,Producto_9056,Electrónica,848.74,45,2047-10-17
9057,Producto_9057,Electrónica,497.02,42,2047-10-18
9058,Producto_9058,Hogar,824.31,95,2047-10-19
9059,Producto_9059,Deportes,411.95,84,2047-10-20
9060,Producto_9060,Electrónica,984.84,56,2047-10-21
9061,Producto_9061,Hogar,772.78,71,2047-10-22
9062,Producto_9062,Ropa,966.29,57,2047-10-23
9063,Producto_9063,Ropa,519.18,33,2047-10-24
9064,Producto_9064,Ropa,478.95,28,2047-10-25
9065,Producto_9065,Deportes,757.9,44,2047-10-26
9066,Producto_9066,Hogar,881.49,56,2047-10-27
9067,Producto_9067,Hogar,964.5,44,2047-10-28
9068,Producto_9068,Electrónica,331.31,84,2047-10-29
9069,Producto_9069,Electrónica,800.72,96,2047-10-30
9070,Producto_9070,Electrónica,218.54,73,2047-10-31
9071,Producto_9071,Hogar,550.12,34,2047-11-01
9072,Producto_9072,Electrónica,188.05,14,2047-11-02
9073,Producto_9073,Hogar,353.92,68,2047-11-03
9074,Producto_9074,Hogar,932.04,29,2047-11-04
9075,Producto_9075,Ropa,154.63,79,2047-11-05
9076,Producto_9076,Electrónica,636.08,17,2047-11-06
9077,Producto_9077,Ropa,597.02,83,2047-11-07
9078,Producto_9078,Deportes,129.53,9,2047-11-08
9079,Producto_9079,Deportes,332.72,27,2047-11-09
9080,Producto_9080,Deportes,567.35,49,2047-11-10
9081,Producto_9081,Hogar,195.31,79,2047-11-11
9082,Producto_9082,Hogar,802.62,37,2047-11-12
9083,Producto_9083,Hogar,972.43,28,2047-11-13
9084,Producto_9084,Electrónica,222.61,50,2047-11-14
9085,Producto_9085,Ropa,195.04,55,2047-11-15
9086,Producto_9086,Hogar,460.39,4,2047-11-16
9087,Producto_9087,Ropa,750.29,85,2047-11-17
9088,Producto_9088,Ropa,288.78,98,2047-11-18
9089,Producto_9089,Ropa,29.68,19,2047-11-19
9090,Producto_9090,Electrónica,545.81,37,2047-11-20
9091,Producto_9091,Electrónica,957.03,4,2047-11-21
9092,Producto_9092,Deportes,397.36,37,2047-11-22
9093,Producto_9093,Deportes,425.93,51,2047-11-23
9094,Producto_9094,Ropa,969.21,32,2047-11-24
9095,Producto_9095,Deportes,697.66,45,2047-11-25
9096,Producto_9096,Ropa,721.98,12,2047-11-26
9097,Producto_9097,Electrónica,567.07,41,2047-11-27
9098,Producto_9098,Electrónica,974.86,56,2047-11-28
9099,Producto_9099,Electrónica,691.98,80,2047-11-29
9100,Producto_9100,Hogar,896.08,14,2047-11-30
9101,Producto_9101,Ropa,702.39,54,2047-12-01
9102,Producto_9102,Electrónica,737.76,63,2047-12-02
9103,Producto_9103,Ropa,297.51,65,2047-12-03
9104,Producto_9104,Deportes,310.44,58,2047-12-04
9105,Producto_9105,Deportes,785.15,96,2047-12-05
9106,Producto_9106,Electrónica,303.74,21,2047-12-06
9107,Producto_9107,Ropa,567.14,4,2047-12-07
9108,Producto_9108,Electrónica,256.86,73,2047-12-08
9109,Producto_9109,Deportes,818.81,46,2047-12-09
9110,Producto_9110,Electrónica,119.4,86,2047-12-10
9111,Producto_9111,Ropa,831.15,12,2047-12-11
9112,Producto_9112,Deportes,606.7,30,2047-12-12
9113,Producto_9113,Hogar,195.04,94,2047-12-13
9114,Producto_9114,Deportes,546.62,96,2047-12-14
9115,Producto_9115,Hogar,289.67,60,2047-12-15
9116,Producto_9116,Electrónica,330.23,71,2047-12-16
9117,Producto_9117,Electrónica,358.01,81,2047-12-17
9118,Producto_9118,Ropa,72.69,65,2047-12-18
9119,Producto_9119,Hogar,986.1,14,2047-12-19
9120,Producto_9120,Electrónica,41.22,44,2047-12-20
9121,Producto_9121,Hogar,665.87,26,2047-12-21
9122,Producto_9122,Electrónica,377.52,91,2047-12-22
9123,Producto_9123,Deportes,649.55,16,2047-12-23
9124,Producto_9124,Electrónica,362.69,7,2047-12-24
9125,Producto_9125,Ropa,677.01,32,2047-12-25
9126,Producto_9126,Deportes,731.94,89,2047-12-26
9127,Producto_9127,Ropa,693.65,95,2047-12-27
9128,Producto_9128,Deportes,122.82,16,2047-12-28
9129,Producto_9129,Hogar,660.32,78,2047-12-29
9130,Producto_9130,Ropa,287.19,89,2047-12-30
9131,Producto_9131,Electrónica,38.51,62,2047-12-31
9132,Producto_9132,Hogar,420.68,30,2048-01-01
9133,Producto_9133,Electrónica,439.21,71,2048-01-02
9134,Producto_9134,Deportes,472.5,12,2048-01-03
9135,Producto_9135,Deportes,707.78,67,2048-01-04
9136,Producto_9136,Electrónica,315.76,91,2048-01-05
9137,Producto_9137,Electrónica,322.13,46,2048-01-06
9138,Producto_9138,Hogar,69.95,83,2048-01-07
9139,Producto_9139,Electrónica,689.95,43,2048-01-08
9140,Producto_9140,Ropa,572.15,55,2048-01-09
9141,Producto_9141,Ropa,355.93,45,2048-01-10
9142,Producto_9142,Electrónica,708.14,60,2048-01-11
9143,Producto_9143,Ropa,541.98,71,2048-01-12
9144,Producto_9144,Electrónica,474.55,80,2048-01-13
9145,Producto_9145,Hogar,516.21,32,2048-01-14
9146,Producto_9146,Ropa,639.98,8,2048-01-15
9147,Producto_9147,Ropa,663.4,77,2048-01-16
9148,Producto_9148,Electrónica,296.07,62,2048-01-17
9149,Producto_9149,Ropa,149.34,75,2048-01-18
9150,Producto_9150,Deportes,165.07,20,2048-01-19
9151,Producto_9151,Hogar,643.0,18,2048-01-20
9152,Producto_9152,Hogar,874.14,6,2048-01-21
9153,Producto_9153,Ropa,415.4,84,2048-01-22
9154,Producto_9154,Ropa,177.82,96,2048-01-23
9155,Producto_9155,Deportes,759.04,29,2048-01-24
9156,Producto_9156,Deportes,834.16,4,2048-01-25
9157,Producto_9157,Ropa,881.78,71,2048-01-26
9158,Producto_9158,Ropa,610.76,43,2048-01-27
9159,Producto_9159,Deportes,862.12,84,2048-01-28
9160,Producto_9160,Electrónica,25.26,34,2048-01-29
9161,Producto_9161,Deportes,116.16,71,2048-01-30
9162,Producto_9162,Electrónica,101.65,33,2048-01-31
9163,Producto_9163,Hogar,715.48,15,2048-02-01
9164,Producto_9164,Hogar,78.89,96,2048-02-02
9165,Producto_9165,Deportes,501.4,86,2048-02-03
9166,Producto_9166,Electrónica,477.98,40,2048-02-04
9167,Producto_9167,Deportes,317.6,93,2048-02-05
9168,Producto_9168,Deportes,871.7,89,2048-02-06
9169,Producto_9169,Electrónica,178.73,5,2048-02-07
9170,Producto_9170,Deportes,358.94,78,2048-02-08
9171,Producto_9171,Hogar,776.43,50,2048-02-09
9172,Producto_9172,Ropa,40.12,99,2048-02-10
9173,Producto_9173,Ropa,676.22,66,2048-02-11
9174,Producto_9174,Deportes,818.23,89,2048-02-12
9175,Producto_9175,Electrónica,932.95,54,2048-02-13
9176,Producto_9176,Electrónica,877.53,80,2048-02-14
9177,Producto_9177,Hogar,326.19,46,2048-02-15
9178,Producto_9178,Electrónica,590.5,80,2048-02-16
9179,Producto_9179,Electrónica,86.52,11,2048-02-17
9180,Producto_9180,Hogar,265.29,49,2048-02-18
9181,Producto_9181,Deportes,103.28,99,2048-02-19
9182,Producto_9182,Ropa,322.04,23,2048-02-20
9183,Producto_9183,Hogar,876.44,55,2048-02-21
9184,Producto_9184,Deportes,353.7,5,2048-02-22
9185,Producto_9185,Hogar,566.28,64,2048-02-23
9186,Producto_9186,Deportes,439.05,35,2048-02-24
9187,Producto_9187,Hogar,464.33,93,2048-02-25
9188,Producto_9188,Deportes,969.88,69,2048-02-26
9189,Producto_9189,Hogar,303.19,54,2048-02-27
9190,Producto_9190,Deportes,631.05,3,2048-02-28
9191,Producto_9191,Hogar,425.86,6,2048-02-29
9192,Producto_9192,Ropa,70.53,87,2048-03-01
9193,Producto_9193,Ropa,494.44,56,2048-03-02
9194,Producto_9194,Electrónica,815.21,2,2048-03-03
9195,Producto_9195,Deportes,107.77,82,2048-03-04
9196,Producto_9196,Hogar,78.9,94,2048-03-05
9197,Producto_9197,Deportes,162.1,38,2048-03-06
9198,Producto_9198,Ropa,766.76,56,2048-03-07
9199,Producto_9199,Deportes,726.76,5,2048-03-08
9200,Producto_9200,Hogar,569.37,46,2048-03-09
9201,Producto_9201,Deportes,473.54,11,2048-03-10
9202,Producto_9202,Hogar,889.44,65,2048-03-11
9203,Producto_9203,Ropa,769.03,10,2048-03-12
9204,Producto_9204,Ropa,813.82,41,2048-03-13
9205,Producto_9205,Ropa,815.13,44,2048-03-14
9206,Producto_9206,Electrónica,646.29,90,2048-03-15
9207,Producto_9207,Ropa,463.43,33,2048-03-16
9208,Producto_9208,Deportes,866.03,91,2048-03-17
9209,Producto_9209,Electrónica,926.75,56,2048-03-18
9210,Producto_9210,Ropa,33.57,12,2048-03-19
9211,Producto_9211,Deportes,61.04,2,2048-03-20
9212,Producto_9212,Deportes,959.16,1,2048-03-21
9213,Producto_9213,Deportes,284.39,65,2048-03-22
9214,Producto_9214,Hogar,874.64,33,2048-03-23
9215,Producto_9215,Electrónica,394.91,86,2048-03-24
9216,Producto_9216,Deportes,127.91,76,2048-03-25
9217,Producto_9217,Hogar,89.64,36,2048-03-26
9218,Producto_9218,Ropa,164.94,21,2048-03-27
9219,Producto_9219,Deportes,257.39,84,2048-03-28
9220,Producto_9220,Hogar,493.63,36,2048-03-29
9221,Producto_9221,Deportes,704.48,26,2048-03-30
9222,Producto_9222,Electrónica,986.53,47,2048-03-31
9223,Producto_9223,Electrónica,447.09,95,2048-04-01
9224,Producto_9224,Ropa,523.0,1,2048-04-02
9225,Producto_9225,Deportes,526.6,38,2048-04-03
9226,Producto_9226,Hogar,544.04,14,2048-04-04
9227,Producto_9227,Ropa,522.56,90,2048-04-05
9228,Producto_9228,Deportes,18.69,46,2048-04-06
9229,Producto_9229,Ropa,11.71,42,2048-04-07
9230,Producto_9230,Hogar,106.69,7,2048-04-08
9231,Producto_9231,Ropa,110.54,55,2048-04-09
9232,Producto_9232,Ropa,707.85,56,2048-04-10
9233,Producto_9233,Ropa,212.87,76,2048-04-11
9234,Producto_9234,Deportes,895.77,63,2048-04-12
9235,Producto_9235,Hogar,929.32,24,2048-04-13
9236,Producto_9236,Electrónica,976.13,83,2048-04-14
9237,Producto_9237,Deportes,939.69,73,2048-04-15
9238,Producto_9238,Electrónica,279.17,99,2048-04-16
9239,Producto_9239,Electrónica,514.68,4,2048-04-17
9240,Producto_9240,Deportes,183.7,42,2048-04-18
9241,Producto_9241,Deportes,808.15,96,2048-04-19
9242,Producto_9242,Hogar,889.55,70,2048-04-20
9243,Producto_9243,Hogar,852.78,28,2048-04-21
9244,Producto_9244,Ropa,439.03,92,2048-04-22
9245,Producto_9245,Electrónica,761.09,40,2048-04-23
9246,Producto_9246,Hogar,106.6,51,2048-04-24
9247,Producto_9247,Ropa,49.84,29,2048-04-25
9248,Producto_9248,Hogar,755.7,42,2048-04-26
9249,Producto_9249,Deportes,431.1,69,2048-04-27
9250,Producto_9250,Hogar,995.59,5,2048-04-28
9251,Producto_9251,Electrónica,106.28,41,2048-04-29
9252,Producto_9252,Hogar,857.07,61,2048-04-30
9253,Producto_9253,Electrónica,485.18,55,2048-05-01
9254,Producto_9254,Deportes,828.88,28,2048-05-02
9255,Producto_9255,Electrónica,818.96,41,2048-05-03
9256,Producto_9256,Hogar,916.83,9,2048-05-04
9257,Producto_9257,Ropa,304.87,29,2048-05-05
9258,Producto_9258,Deportes,950.3,78,2048-05-06
9259,Producto_9259,Hogar,160.15,38,2048-05-07
9260,Producto_9260,Deportes,91.15,62,2048-05-08
9261,Producto_9261,Deportes,437.3,54,2048-05-09
9262,Producto_9262,Hogar,830.04,52,2048-05-10
9263,Producto_9263,Hogar,478.69,34,2048-05-11
9264,Producto_9264,Ropa,830.99,37,2048-05-12
9265,Producto_9265,Deportes,732.39,49,2048-05-13
9266,Producto_9266,Deportes,217.33,42,2048-05-14
9267,Producto_9267,Hogar,949.39,14,2048-05-15
9268,Producto_9268,Electrónica,70.17,82,2048-05-16
9269,Producto_9269,Hogar,899.3,33,2048-05-17
9270,Producto_9270,Deportes,311.4,98,2048-05-18
9271,Producto_9271,Hogar,505.15,92,2048-05-19
9272,Producto_9272,Ropa,428.13,87,2048-05-20
9273,Producto_9273,Electrónica,180.12,17,2048-05-21
9274,Producto_9274,Hogar,364.57,75,2048-05-22
9275,Producto_9275,Ropa,201.01,32,2048-05-23
9276,Producto_9276,Deportes,211.85,79,2048-05-24
9277,Producto_9277,Hogar,195.19,68,2048-05-25
9278,Producto_9278,Deportes,494.13,39,2048-05-26
9279,Producto_9279,Ropa,799.95,94,2048-05-27
9280,Producto_9280,Deportes,573.28,10,2048-05-28
9281,Producto_9281,Ropa,894.27,87,2048-05-29
9282,Producto_9282,Ropa,640.18,24,2048-05-30
9283,Producto_9283,Ropa,692.45,58,2048-05-31
9284,Producto_9284,Hogar,670.93,69,2048-06-01
9285,Producto_9285,Deportes,454.96,64,2048-06-02
9286,Producto_9286,Deportes,692.45,19,2048-06-03
9287,Producto_9287,Electrónica,79.01,8,2048-06-04
9288,Producto_9288,Electrónica,861.25,71,2048-06-05
9289,Producto_9289,Electrónica,780.03,40,2048-06-06
9290,Producto_9290,Electrónica,252.78,13,2048-06-07
9291,Producto_9291,Deportes,770.35,27,2048-06-08
9292,Producto_9292,Ropa,22.52,82,2048-06-09
9293,Producto_9293,Ropa,225.07,88,2048-06-10
9294,Producto_9294,Hogar,74.49,2,2048-06-11
9295,Producto_9295,Ropa,782.42,16,2048-06-12
9296,Producto_9296,Deportes,758.32,14,2048-06-13
9297,Producto_9297,Deportes,815.5,17,2048-06-14
9298,Producto_9298,Deportes,14.44,60,2048-06-15
9299,Producto_9299,Hogar,506.22,70,2048-06-16
9300,Producto_9300,Electrónica,707.79,99,2048-06-17
9301,Producto_9301,Ropa,163.85,17,2048-06-18
9302,Producto_9302,Deportes,653.29,45,2048-06-19
9303,Producto_9303,Deportes,93.27,38,2048-06-20
9304,Producto_9304,Electrónica,189.51,64,2048-06-21
9305,Producto_9305,Deportes,481.04,6,2048-06-22
9306,Producto_9306,Ropa,657.03,60,2048-06-23
9307,Producto_9307,Hogar,154.41,49,2048-06-24
9308,Producto_9308,Deportes,193.37,21,2048-06-25
9309,Producto_9309,Ropa,212.4,99,2048-06-26
9310,Producto_9310,Deportes,246.31,23,2048-06-27
9311,Producto_9311,Electrónica,234.29,76,2048-06-28
9312,Producto_9312,Deportes,401.2,57,2048-06-29
9313,Producto_9313,Deportes,657.25,64,2048-06-30
9314,Producto_9314,Hogar,443.65,29,2048-07-01
9315,Producto_9315,Electrónica,778.21,27,2048-07-02
9316,Producto_9316,Electrónica,722.08,6,2048-07-03
9317,Producto_9317,Hogar,135.26,21,2048-07-04
9318,Producto_9318,Deportes,58.35,71,2048-07-05
9319,Producto_9319,Ropa,879.16,41,2048-07-06
9320,Producto_9320,Electrónica,89.03,80,2048-07-07
9321,Producto_9321,Electrónica,156.86,5,2048-07-08
9322,Producto_9322,Deportes,31.91,15,2048-07-09
9323,Producto_9323,Deportes,632.05,21,2048-07-10
9324,Producto_9324,Electrónica,586.55,58,2048-07-11
9325,Producto_9325,Deportes,987.03,4,2048-07-12
9326,Producto_9326,Ropa,888.06,69,2048-07-13
9327,Producto_9327,Electrónica,416.73,7,2048-07-14
9328,Producto_9328,Ropa,377.87,35,2048-07-15
9329,Producto_9329,Ropa,303.88,36,2048-07-16
9330,Producto_9330,Deportes,160.88,15,2048-07-17
9331,Producto_9331,Ropa,146.7,92,2048-07-18
9332,Producto_9332,Deportes,140.96,2,2048-07-19
9333,Producto_9333,Hogar,122.97,57,2048-07-20
9334,Producto_9334,Deportes,248.11,5,2048-07-21
9335,Producto_9335,Ropa,313.6,71,2048-07-22
9336,Producto_9336,Hogar,961.96,86,2048-07-23
9337,Producto_9337,Deportes,582.69,95,2048-07-24
9338,Producto_9338,Ropa,987.72,32,2048-07-25
9339,Producto_9339,Electrónica,378.74,72,2048-07-26
9340,Producto_9340,Electrónica,463.05,41,2048-07-27
9341,Producto_9341,Deportes,331.33,42,2048-07-28
9342,Producto_9342,Deportes,191.06,75,2048-07-29
9343,Producto_9343,Electrónica,151.73,65,2048-07-30
9344,Producto_9344,Ropa,945.63,40,2048-07-31
9345,Producto_9345,Ropa,986.94,83,2048-08-01
9346,Producto_9346,Ropa,54.46,38,2048-08-02
9347,Producto_9347,Deportes,158.84,42,2048-08-03
9348,Producto_9348,Hogar,429.29,37,2048-08-04
9349,Producto_9349,Hogar,194.47,56,2048-08-05
9350,Producto_9350,Hogar,370.24,71,2048-08-06
9351,Producto_9351,Hogar,137.81,55,2048-08-07
9352,Producto_9352,Hogar,461.95,89,2048-08-08
9353,Producto_9353,Deportes,278.98,54,2048-08-09
9354,Producto_9354,Deportes,358.39,22,2048-08-10
9355,Producto_9355,Hogar,103.37,27,2048-08-11
9356,Producto_9356,Deportes,433.85,47,2048-08-12
9357,Producto_9357,Deportes,983.43,38,2048-08-13
9358,Producto_9358,Hogar,335.54,39,2048-08-14
9359,Producto_9359,Ropa,877.66,15,2048-08-15
9360,Producto_9360,Deportes,844.77,66,2048-08-16
9361,Producto_9361,Ropa,952.54,61,2048-08-17
9362,Producto_9362,Deportes,792.21,60,2048-08-18
9363,Producto_9363,Deportes,663.0,8,2048-08-19
9364,Producto_9364,Hogar,858.02,44,2048-08-20
9365,Producto_9365,Deportes,84.89,43,2048-08-21
9366,Producto_9366,Electrónica,468.2,6,2048-08-22
9367,Producto_9367,Electrónica,989.36,84,2048-08-23
9368,Producto_9368,Hogar,771.9,27,2048-08-24
9369,Producto_9369,Ropa,962.45,45,2048-08-25
9370,Producto_9370,Ropa,781.84,23,2048-08-26
9371,Producto_9371,Ropa,876.13,81,2048-08-27
9372,Producto_9372,Electrónica,709.46,13,2048-08-28
9373,Producto_9373,Ropa,762.9,68,2048-08-29
9374,Producto_9374,Ropa,527.95,84,2048-08-30
9375,Producto_9375,Hogar,925.0,64,2048-08-31
9376,Producto_9376,Ropa,826.79,25,2048-09-01
9377,Producto_9377,Electrónica,845.45,86,2048-09-02
9378,Producto_9378,Electrónica,676.28,52,2048-09-03
9379,Producto_9379,Electrónica,311.53,48,2048-09-04
9380,Producto_9380,Hogar,45.27,61,2048-09-05
9381,Producto_9381,Hogar,936.3,17,2048-09-06
9382,Producto_9382,Deportes,590.26,40,2048-09-07
9383,Producto_9383,Ropa,305.16,75,2048-09-08
9384,Producto_9384,Hogar,157.64,89,2048-09-09
9385,Producto_9385,Electrónica,831.23,69,2048-09-10
9386,Producto_9386,Electrónica,838.15,85,2048-09-11
9387,Producto_9387,Hogar,816.36,26,2048-09-12
9388,Producto_9388,Hogar,648.63,80,2048-09-13
9389,Producto_9389,Hogar,372.36,56,2048-09-14
9390,Producto_9390,Deportes,311.03,40,2048-09-15
9391,Producto_9391,Electrónica,18.47,85,2048-09-16
9392,Producto_9392,Deportes,835.27,96,2048-09-17
9393,Producto_9393,Deportes,96.56,68,2048-09-18
9394,Producto_9394,Ropa,634.45,8,2048-09-19
9395,Producto_9395,Electrónica,509.03,73,2048-09-20
9396,Producto_9396,Electrónica,531.42,45,2048-09-21
9397,Producto_9397,Hogar,927.45,17,2048-09-22
9398,Producto_9398,Hogar,41.3,41,2048-09-23
9399,Producto_9399,Ropa,775.66,77,2048-09-24
9400,Producto_9400,Deportes,61.53,9,2048-09-25
9401,Producto_9401,Hogar,47.77,70,2048-09-26
9402,Producto_9402,Hogar,435.52,91,2048-09-27
9403,Producto_9403,Electrónica,72.44,24,2048-09-28
9404,Producto_9404,Electrónica,791.25,73,2048-09-29
9405,Producto_9405,Hogar,534.27,11,2048-09-30
9406,Producto_9406,Electrónica,38.75,35,2048-10-01
9407,Producto_9407,Ropa,50.1,29,2048-10-02
9408,Producto_9408,Hogar,616.54,8,2048-10-03
9409,Producto_9409,Electrónica,808.05,17,2048-10-04
9410,Producto_9410,Ropa,443.42,71,2048-10-05
9411,Producto_9411,Electrónica,559.03,12,2048-10-06
9412,Producto_9412,Electrónica,801.83,79,2048-10-07
9413,Producto_9413,Electrónica,614.4,93,2048-10-08
9414,Producto_9414,Hogar,232.51,50,2048-10-09
9415,Producto_9415,Deportes,616.92,24,2048-10-10
9416,Producto_9416,Electrónica,632.0,37,2048-10-11
9417,Producto_9417,Ropa,736.77,78,2048-10-12
9418,Producto_9418,Hogar,624.67,11,2048-10-13
9419,Producto_9419,Hogar,969.55,99,2048-10-14
9420,Producto_9420,Ropa,205.32,81,2048-10-15
9421,Producto_9421,Electrónica,951.58,59,2048-10-16
9422,Producto_9422,Deportes,542.96,55,2048-10-17
9423,Producto_9423,Electrónica,675.24,27,2048-10-18
9424,Producto_9424,Ropa,108.47,67,2048-10-19
9425,Producto_9425,Hogar,386.77,60,2048-10-20
9426,Producto_9426,Deportes,771.69,2,2048-10-21
9427,Producto_9427,Hogar,709.84,68,2048-10-22
9428,Producto_9428,Ropa,49.74,18,2048-10-23
9429,Producto_9429,Electrónica,551.13,20,2048-10-24
9430,Producto_9430,Deportes,97.4,85,2048-10-25
9431,Producto_9431,Hogar,995.9,63,2048-10-26
9432,Producto_9432,Hogar,898.32,78,2048-10-27
9433,Producto_9433,Hogar,30.87,72,2048-10-28
9434,Producto_9434,Electrónica,860.06,2,2048-10-29
9435,Producto_9435,Deportes,920.24,90,2048-10-30
9436,Producto_9436,Electrónica,360.01,83,2048-10-31
9437,Producto_9437,Electrónica,722.31,42,2048-11-01
9438,Producto_9438,Electrónica,447.68,28,2048-11-02
9439,Producto_9439,Ropa,658.68,29,2048-11-03
9440,Producto_9440,Ropa,346.91,69,2048-11-04
9441,Producto_9441,Ropa,329.33,28,2048-11-05
9442,Producto_9442,Deportes,430.19,60,2048-11-06
9443,Producto_9443,Electrónica,154.11,90,2048-11-07
9444,Producto_9444,Electrónica,832.83,5,2048-11-08
9445,Producto_9445,Ropa,355.21,15,2048-11-09
9446,Producto_9446,Electrónica,406.15,73,2048-11-10
9447,Producto_9447,Electrónica,895.11,32,2048-11-11
9448,Producto_9448,Hogar,501.66,52,2048-11-12
9449,Producto_9449,Electrónica,548.81,90,2048-11-13
9450,Producto_9450,Hogar,956.93,37,2048-11-14
9451,Producto_9451,Electrónica,887.86,15,2048-11-15
9452,Producto_9452,Deportes,177.77,41,2048-11-16
9453,Producto_9453,Ropa,478.48,4,2048-11-17
9454,Producto_9454,Hogar,971.58,53,2048-11-18
9455,Producto_9455,Ropa,378.64,84,2048-11-19
9456,Producto_9456,Hogar,377.86,27,2048-11-20
9457,Producto_9457,Hogar,203.08,21,2048-11-21
9458,Producto_9458,Hogar,123.18,60,2048-11-22
9459,Producto_9459,Deportes,742.9,86,2048-11-23
9460,Producto_9460,Electrónica,772.33,64,2048-11-24
9461,Producto_9461,Hogar,969.32,71,2048-11-25
9462,Producto_9462,Deportes,775.68,47,2048-11-26
9463,Producto_9463,Hogar,250.92,54,2048-11-27
9464,Producto_9464,Electrónica,49.72,31,2048-11-28
9465,Producto_9465,Hogar,985.58,17,2048-11-29
9466,Producto_9466,Deportes,347.05,50,2048-11-30
9467,Producto_9467,Electrónica,318.85,7,2048-12-01
9468,Producto_9468,Deportes,906.9,83,2048-12-02
9469,Producto_9469,Electrónica,589.25,28,2048-12-03
9470,Producto_9470,Electrónica,222.72,10,2048-12-04
9471,Producto_9471,Ropa,890.21,27,2048-12-05
9472,Producto_9472,Ropa,993.43,13,2048-12-06
9473,Producto_9473,Ropa,95.81,66,2048-12-07
9474,Producto_9474,Electrónica,863.63,86,2048-12-08
9475,Producto_9475,Hogar,396.61,84,2048-12-09
9476,Producto_9476,Deportes,528.83,60,2048-12-10
9477,Producto_9477,Deportes,915.67,43,2048-12-11
9478,Producto_9478,Deportes,973.65,69,2048-12-12
9479,Producto_9479,Ropa,269.54,63,2048-12-13
9480,Producto_9480,Electrónica,220.72,70,2048-12-14
9481,Producto_9481,Ropa,89.71,99,2048-12-15
9482,Producto_9482,Hogar,566.18,65,2048-12-16
9483,Producto_9483,Electrónica,23.47,99,2048-12-17
9484,Producto_9484,Deportes,417.78,67,2048-12-18
9485,Producto_9485,Ropa,82.65,54,2048-12-19
9486,Producto_9486,Ropa,411.17,36,2048-12-20
9487,Producto_9487,Hogar,49.53,71,2048-12-21
9488,Producto_9488,Hogar,836.87,93,2048-12-22
9489,Producto_9489,Ropa,217.64,15,2048-12-23
9490,Producto_9490,Hogar,335.03,75,2048-12-24
9491,Producto_9491,Deportes,871.35,18,2048-12-25
9492,Producto_9492,Hogar,748.8,4,2048-12-26
9493,Producto_9493,Hogar,226.85,88,2048-12-27
9494,Producto_9494,Ropa,81.18,11,2048-12-28
9495,Producto_9495,Ropa,718.52,6,2048-12-29
9496,Producto_9496,Electrónica,396.8,51,2048-12-30
9497,Producto_9497,Electrónica,768.42,58,2048-12-31
9498,Producto_9498,Ropa,450.84,60,2049-01-01
9499,Producto_9499,Hogar,352.54,18,2049-01-02
9500,Producto_9500,Hogar,456.69,79,2049-01-03
9501,Producto_9501,Electrónica,751.07,67,2049-01-04
9502,Producto_9502,Electrónica,903.2,17,2049-01-05
9503,Producto_9503,Electrónica,59.27,97,2049-01-06
9504,Producto_9504,Deportes,528.87,34,2049-01-07
9505,Producto_9505,Deportes,42.51,30,2049-01-08
9506,Producto_9506,Electrónica,473.73,19,2049-01-09
9507,Producto_9507,Hogar,886.43,9,2049-01-10
9508,Producto_9508,Electrónica,367.97,40,2049-01-11
9509,Producto_9509,Deportes,933.13,44,2049-01-12
9510,Producto_9510,Hogar,634.3,95,2049-01-13
9511,Producto_9511,Deportes,934.81,59,2049-01-14
9512,Producto_9512,Hogar,759.59,91,2049-01-15
9513,Producto_9513,Deportes,112.4,25,2049-01-16
9514,Producto_9514,Hogar,238.84,71,2049-01-17
9515,Producto_9515,Hogar,400.23,53,2049-01-18
9516,Producto_9516,Hogar,178.41,48,2049-01-19
9517,Producto_9517,Hogar,499.96,71,2049-01-20
9518,Producto_9518,Ropa,476.65,84,2049-01-21
9519,Producto_9519,Deportes,956.7,53,2049-01-22
9520,Producto_9520,Deportes,439.39,49,2049-01-23
9521,Producto_9521,Ropa,787.77,43,2049-01-24
9522,Producto_9522,Hogar,942.49,19,2049-01-25
9523,Producto_9523,Hogar,878.22,66,2049-01-26
9524,Producto_9524,Deportes,216.58,34,2049-01-27
9525,Producto_9525,Ropa,501.07,81,2049-01-28
9526,Producto_9526,Hogar,354.26,88,2049-01-29
9527,Producto_9527,Hogar,405.86,73,2049-01-30
9528,Producto_9528,Hogar,367.2,54,2049-01-31
9529,Producto_9529,Electrónica,828.1,1,2049-02-01
9530,Producto_9530,Ropa,457.62,92,2049-02-02
9531,Producto_9531,Hogar,528.46,55,2049-02-03
9532,Producto_9532,Electrónica,982.62,15,2049-02-04
9533,Producto_9533,Ropa,69.38,85,2049-02-05
9534,Producto_9534,Hogar,493.08,15,2049-02-06
9535,Producto_9535,Deportes,776.32,23,2049-02-07
9536,Producto_9536,Electrónica,159.65,66,2049-02-08
9537,Producto_9537,Electrónica,615.42,46,2049-02-09
9538,Producto_9538,Hogar,247.07,9,2049-02-10
9539,Producto_9539,Hogar,868.73,66,2049-02-11
9540,Producto_9540,Electrónica,333.83,66,2049-02-12
9541,Producto_9541,Deportes,335.77,18,2049-02-13
9542,Producto_9542,Deportes,602.21,17,2049-02-14
9543,Producto_9543,Ropa,191.73,72,2049-02-15
9544,Producto_9544,Hogar,292.04,98,2049-02-16
9545,Producto_9545,Deportes,422.47,34,2049-02-17
9546,Producto_9546,Ropa,360.1,69,2049-02-18
9547,Producto_9547,Deportes,529.63,64,2049-02-19
9548,Producto_9548,Hogar,603.64,44,2049-02-20
9549,Producto_9549,Ropa,571.0,29,2049-02-21
9550,Producto_9550,Ropa,657.63,62,2049-02-22
9551,Producto_9551,Ropa,314.67,92,2049-02-23
9552,Producto_9552,Deportes,135.16,16,2049-02-24
9553,Producto_9553,Hogar,763.2,78,2049-02-25
9554,Producto_9554,Ropa,852.27,52,2049-02-26
9555,Producto_9555,Electrónica,264.44,2,2049-02-27
9556,Producto_9556,Hogar,413.02,61,2049-02-28
9557,Producto_9557,Electrónica,503.58,4,2049-03-01
9558,Producto_9558,Electrónica,537.99,52,2049-03-02
9559,Producto_9559,Ropa,662.9,41,2049-03-03
9560,Producto_9560,Ropa,51.19,52,2049-03-04
9561,Producto_9561,Deportes,724.26,31,2049-03-05
9562,Producto_9562,Deportes,71.35,26,2049-03-06
9563,Producto_9563,Deportes,473.61,27,2049-03-07
9564,Producto_9564,Hogar,829.39,51,2049-03-08
9565,Producto_9565,Deportes,456.7,98,2049-03-09
9566,Producto_9566,Electrónica,157.6,95,2049-03-10
9567,Producto_9567,Deportes,985.18,48,2049-03-11
9568,Producto_9568,Ropa,890.39,11,2049-03-12
9569,Producto_9569,Deportes,773.6,8,2049-03-13
9570,Producto_9570,Hogar,417.4,12,2049-03-14
9571,Producto_9571,Hogar,192.01,99,2049-03-15
9572,Producto_9572,Electrónica,942.0,45,2049-03-16
9573,Producto_9573,Hogar,537.03,34,2049-03-17
9574,Producto_9574,Deportes,853.83,77,2049-03-18
9575,Producto_9575,Ropa,348.67,91,2049-03-19
9576,Producto_9576,Hogar,341.94,72,2049-03-20
9577,Producto_9577,Electrónica,985.69,47,2049-03-21
9578,Producto_9578,Deportes,526.61,21,2049-03-22
9579,Producto_9579,Electrónica,149.29,41,2049-03-23
9580,Producto_9580,Hogar,227.48,75,2049-03-24
9581,Producto_9581,Hogar,487.12,22,2049-03-25
9582,Producto_9582,Electrónica,52.05,21,2049-03-26
9583,Producto_9583,Deportes,467.91,28,2049-03-27
9584,Producto_9584,Hogar,424.75,67,2049-03-28
9585,Producto_9585,Ropa,781.54,71,2049-03-29
9586,Producto_9586,Hogar,361.39,14,2049-03-30
9587,Producto_9587,Deportes,982.72,79,2049-03-31
9588,Producto_9588,Hogar,188.96,73,2049-04-01
9589,Producto_9589,Electrónica,595.08,52,2049-04-02
9590,Producto_9590,Hogar,98.8,43,2049-04-03
9591,Producto_9591,Hogar,736.53,71,2049-04-04
9592,Producto_9592,Deportes,994.81,76,2049-04-05
9593,Producto_9593,Electrónica,820.95,19,2049-04-06
9594,Producto_9594,Deportes,560.15,27,2049-04-07
9595,Producto_9595,Hogar,489.89,18,2049-04-08
9596,Producto_9596,Ropa,836.68,13,2049-04-09
9597,Producto_9597,Hogar,936.61,1,2049-04-10
9598,Producto_9598,Deportes,989.31,85,2049-04-11
9599,Producto_9599,Ropa,402.57,34,2049-04-12
9600,Producto_9600,Deportes,991.01,13,2049-04-13
9601,Producto_9601,Deportes,164.37,51,2049-04-14
9602,Producto_9602,Electrónica,261.01,87,2049-04-15
9603,Producto_9603,Ropa,98.13,1,2049-04-16
9604,Producto_9604,Hogar,279.02,87,2049-04-17
9605,Producto_9605,Deportes,770.26,28,2049-04-18
9606,Producto_9606,Hogar,854.4,32,2049-04-19
9607,Producto_9607,Electrónica,781.1,72,2049-04-20
9608,Producto_9608,Electrónica,634.76,55,2049-04-21
9609,Producto_9609,Ropa,518.83,26,2049-04-22
9610,Producto_9610,Electrónica,711.62,14,2049-04-23
9611,Producto_9611,Electrónica,396.93,88,2049-04-24
9612,Producto_9612,Hogar,842.9,93,2049-04-25
9613,Producto_9613,Electrónica,680.42,68,2049-04-26
9614,Producto_9614,Electrónica,700.83,63,2049-04-27
9615,Producto_9615,Deportes,540.58,82,2049-04-28
9616,Producto_9616,Electrónica,886.38,14,2049-04-29
9617,Producto_9617,Deportes,259.49,27,2049-04-30
9618,Producto_9618,Electrónica,387.34,41,2049-05-01
9619,Producto_9619,Electrónica,779.87,3,2049-05-02
9620,Producto_9620,Ropa,497.82,94,2049-05-03
9621,Producto_9621,Ropa,890.32,59,2049-05-04
9622,Producto_9622,Deportes,352.94,23,2049-05-05
9623,Producto_9623,Electrónica,375.64,18,2049-05-06
9624,Producto_9624,Hogar,889.85,74,2049-05-07
9625,Producto_9625,Ropa,469.73,76,2049-05-08
9626,Producto_9626,Hogar,520.96,41,2049-05-09
9627,Producto_9627,Ropa,339.44,8,2049-05-10
9628,Producto_9628,Ropa,283.9,32,2049-05-11
9629,Producto_9629,Electrónica,659.39,81,2049-05-12
9630,Producto_9630,Ropa,128.64,41,2049-05-13
9631,Producto_9631,Hogar,880.48,45,2049-05-14
9632,Producto_9632,Ropa,781.41,78,2049-05-15
9633,Producto_9633,Deportes,198.84,9,2049-05-16
9634,Producto_9634,Electrónica,697.08,90,2049-05-17
9635,Producto_9635,Electrónica,606.61,48,2049-05-18
9636,Producto_9636,Deportes,192.69,24,2049-05-19
9637,Producto_9637,Deportes,280.47,87,2049-05-20
9638,Producto_9638,Deportes,414.9,95,2049-05-21
9639,Producto_9639,Ropa,702.25,44,2049-05-22
9640,Producto_9640,Electrónica,642.34,58,2049-05-23
9641,Producto_9641,Deportes,536.91,66,2049-05-24
9642,Producto_9642,Ropa,770.73,18,2049-05-25
9643,Producto_9643,Deportes,760.36,80,2049-05-26
9644,Producto_9644,Hogar,621.68,29,2049-05-27
9645,Producto_9645,Hogar,789.12,75,2049-05-28
9646,Producto_9646,Electrónica,340.92,2,2049-05-29
9647,Producto_9647,Ropa,882.44,78,2049-05-30
9648,Producto_9648,Hogar,618.76,68,2049-05-31
9649,Producto_9649,Hogar,824.14,98,2049-06-01
9650,Producto_9650,Ropa,550.82,39,2049-06-02
9651,Producto_9651,Deportes,226.25,73,2049-06-03
9652,Producto_9652,Ropa,546.99,41,2049-06-04
9653,Producto_9653,Deportes,377.4,71,2049-06-05
9654,Producto_9654,Hogar,700.52,81,2049-06-06
9655,Producto_9655,Hogar,481.04,87,2049-06-07
9656,Producto_9656,Hogar,837.75,75,2049-06-08
9657,Producto_9657,Electrónica,681.29,22,2049-06-09
9658,Producto_9658,Electrónica,687.7,82,2049-06-10
9659,Producto_9659,Electrónica,224.98,49,2049-06-11
9660,Producto_9660,Ropa,984.41,28,2049-06-12
9661,Producto_9661,Hogar,843.26,16,2049-06-13
9662,Producto_9662,Hogar,791.11,68,2049-06-14
9663,Producto_9663,Ropa,336.91,62,2049-06-15
9664,Producto_9664,Electrónica,540.28,36,2049-06-16
9665,Producto_9665,Ropa,145.73,22,2049-06-17
9666,Producto_9666,Electrónica,543.09,11,2049-06-18
9667,Producto_9667,Hogar,154.43,85,2049-06-19
9668,Producto_9668,Deportes,557.51,80,2049-06-20
9669,Producto_9669,Electrónica,652.23,42,2049-06-21
9670,Producto_9670,Hogar,396.29,55,2049-06-22
9671,Producto_9671,Hogar,503.56,73,2049-06-23
9672,Producto_9672,Deportes,876.9,35,2049-06-24
9673,Producto_9673,Hogar,117.48,57,2049-06-25
9674,Producto_9674,Hogar,793.82,34,2049-06-26
9675,Producto_9675,Electrónica,179.05,73,2049-06-27
9676,Producto_9676,Electrónica,46.34,77,2049-06-28
9677,Producto_9677,Deportes,193.72,70,2049-06-29
9678,Producto_9678,Deportes,767.39,4,2049-06-30
9679,Producto_9679,Hogar,411.07,46,2049-07-01
9680,Producto_9680,Electrónica,873.8,92,2049-07-02
9681,Producto_9681,Deportes,529.46,11,2049-07-03
9682,Producto_9682,Deportes,32.03,98,2049-07-04
9683,Producto_9683,Ropa,719.55,61,2049-07-05
9684,Producto_9684,Deportes,119.13,35,2049-07-06
9685,Producto_9685,Hogar,791.49,69,2049-07-07
9686,Producto_9686,Electrónica,176.42,57,2049-07-08
9687,Producto_9687,Deportes,351.99,11,2049-07-09
9688,Producto_9688,Ropa,763.66,12,2049-07-10
9689,Producto_9689,Electrónica,954.69,43,2049-07-11
9690,Producto_9690,Deportes,377.72,19,2049-07-12
9691,Producto_9691,Ropa,831.11,77,2049-07-13
9692,Producto_9692,Deportes,198.88,68,2049-07-14
9693,Producto_9693,Electrónica,809.11,78,2049-07-15
9694,Producto_9694,Electrónica,660.92,59,2049-07-16
9695,Producto_9695,Electrónica,200.82,2,2049-07-17
9696,Producto_9696,Hogar,309.48,8,2049-07-18
9697,Producto_9697,Deportes,140.45,22,2049-07-19
9698,Producto_9698,Hogar,389.14,77,2049-07-20
9699,Producto_9699,Electrónica,211.61,21,2049-07-21
9700,Producto_9700,Ropa,647.56,85,2049-07-22
9701,Producto_9701,Deportes,994.56,92,2049-07-23
9702,Producto_9702,Hogar,21.89,97,2049-07-24
9703,Producto_9703,Deportes,545.51,29,2049-07-25
9704,Producto_9704,Ropa,577.93,86,2049-07-26
9705,Producto_9705,Hogar,915.07,90,2049-07-27
9706,Producto_9706,Electrónica,510.95,75,2049-07-28
9707,Producto_9707,Hogar,548.26,75,2049-07-29
9708,Producto_9708,Deportes,476.94,98,2049-07-30
9709,Producto_9709,Deportes,276.22,83,2049-07-31
9710,Producto_9710,Deportes,65.47,37,2049-08-01
9711,Producto_9711,Deportes,414.57,78,2049-08-02
9712,Producto_9712,Electrónica,62.07,29,2049-08-03
9713,Producto_9713,Hogar,554.99,83,2049-08-04
9714,Producto_9714,Electrónica,314.22,37,2049-08-05
9715,Producto_9715,Electrónica,538.27,21,2049-08-06
9716,Producto_9716,Electrónica,142.95,88,2049-08-07
9717,Producto_9717,Deportes,933.3,90,2049-08-08
9718,Producto_9718,Deportes,895.58,12,2049-08-09
9719,Producto_9719,Deportes,198.1,48,2049-08-10
9720,Producto_9720,Hogar,350.01,83,2049-08-11
9721,Producto_9721,Ropa,617.36,47,2049-08-12
9722,Producto_9722,Deportes,104.73,94,2049-08-13
9723,Producto_9723,Hogar,361.02,15,2049-08-14
9724,Producto_9724,Deportes,258.6,67,2049-08-15
9725,Producto_9725,Deportes,916.36,13,2049-08-16
9726,Producto_9726,Electrónica,853.99,59,2049-08-17
9727,Producto_9727,Electrónica,584.03,73,2049-08-18
9728,Producto_9728,Electrónica,525.14,13,2049-08-19
9729,Producto_9729,Hogar,931.42,80,2049-08-20
9730,Producto_9730,Ropa,933.1,78,2049-08-21
9731,Producto_9731,Ropa,969.64,72,2049-08-22
9732,Producto_9732,Hogar,134.13,19,2049-08-23
9733,Producto_9733,Deportes,168.95,57,2049-08-24
9734,Producto_9734,Hogar,679.97,32,2049-08-25
9735,Producto_9735,Deportes,546.02,99,2049-08-26
9736,Producto_9736,Hogar,28.28,87,2049-08-27
9737,Producto_9737,Hogar,71.36,21,2049-08-28
9738,Producto_9738,Hogar,889.2,82,2049-08-29
9739,Producto_9739,Ropa,870.18,14,2049-08-30
9740,Producto_9740,Electrónica,363.7,80,2049-08-31
9741,Producto_9741,Hogar,892.14,24,2049-09-01
9742,Producto_9742,Ropa,597.74,49,2049-09-02
9743,Producto_9743,Electrónica,807.85,32,2049-09-03
9744,Producto_9744,Electrónica,433.16,75,2049-09-04
9745,Producto_9745,Hogar,122.26,11,2049-09-05
9746,Producto_9746,Deportes,439.39,60,2049-09-06
9747,Producto_9747,Deportes,462.73,68,2049-09-07
9748,Producto_9748,Deportes,555.43,61,2049-09-08
9749,Producto_9749,Hogar,114.53,90,2049-09-09
9750,Producto_9750,Deportes,991.49,5,2049-09-10
9751,Producto_9751,Ropa,251.7,36,2049-09-11
9752,Producto_9752,Ropa,206.57,97,2049-09-12
9753,Producto_9753,Ropa,531.53,64,2049-09-13
9754,Producto_9754,Ropa,541.84,78,2049-09-14
9755,Producto_9755,Electrónica,445.42,32,2049-09-15
9756,Producto_9756,Ropa,774.17,71,2049-09-16
9757,Producto_9757,Deportes,521.49,74,2049-09-17
9758,Producto_9758,Hogar,613.6,66,2049-09-18
9759,Producto_9759,Deportes,726.51,10,2049-09-19
9760,Producto_9760,Ropa,34.77,99,2049-09-20
9761,Producto_9761,Electrónica,574.94,21,2049-09-21
9762,Producto_9762,Ropa,885.35,40,2049-09-22
9763,Producto_9763,Hogar,27.21,42,2049-09-23
9764,Producto_9764,Deportes,411.13,72,2049-09-24
9765,Producto_9765,Hogar,926.97,46,2049-09-25
9766,Producto_9766,Hogar,359.62,82,2049-09-26
9767,Producto_9767,Hogar,464.14,73,2049-09-27
9768,Producto_9768,Deportes,981.73,41,2049-09-28
9769,Producto_9769,Ropa,207.33,94,2049-09-29
9770,Producto_9770,Hogar,74.6,4,2049-09-30
9771,Producto_9771,Deportes,860.83,99,2049-10-01
9772,Producto_9772,Electrónica,869.78,14,2049-10-02
9773,Producto_9773,Deportes,477.36,14,2049-10-03
9774,Producto_9774,Electrónica,519.07,53,2049-10-04
9775,Producto_9775,Deportes,837.45,84,2049-10-05
9776,Producto_9776,Ropa,741.17,29,2049-10-06
9777,Producto_9777,Hogar,272.5,23,2049-10-07
9778,Producto_9778,Ropa,26.72,85,2049-10-08
9779,Producto_9779,Deportes,484.9,31,2049-10-09
9780,Producto_9780,Hogar,860.32,96,2049-10-10
9781,Producto_9781,Electrónica,896.88,71,2049-10-11
9782,Producto_9782,Deportes,956.66,77,2049-10-12
9783,Producto_9783,Hogar,880.77,61,2049-10-13
9784,Producto_9784,Electrónica,584.24,23,2049-10-14
9785,Producto_9785,Electrónica,450.16,8,2049-10-15
9786,Producto_9786,Ropa,777.1,76,2049-10-16
9787,Producto_9787,Deportes,742.42,16,2049-10-17
9788,Producto_9788,Electrónica,542.76,26,2049-10-18
9789,Producto_9789,Hogar,96.45,29,2049-10-19
9790,Producto_9790,Electrónica,926.82,93,2049-10-20
9791,Producto_9791,Electrónica,461.05,6,2049-10-21
9792,Producto_9792,Ropa,369.7,37,2049-10-22
9793,Producto_9793,Ropa,633.27,33,2049-10-23
9794,Producto_9794,Hogar,677.1,95,2049-10-24
9795,Producto_9795,Ropa,218.58,46,2049-10-25
9796,Producto_9796,Electrónica,838.57,61,2049-10-26
9797,Producto_9797,Electrónica,297.04,41,2049-10-27
9798,Producto_9798,Ropa,194.82,18,2049-10-28
9799,Producto_9799,Electrónica,412.34,95,2049-10-29
9800,Producto_9800,Electrónica,733.25,16,2049-10-30
9801,Producto_9801,Hogar,965.8,51,2049-10-31
9802,Producto_9802,Ropa,811.19,37,2049-11-01
9803,Producto_9803,Electrónica,940.94,14,2049-11-02
9804,Producto_9804,Ropa,149.2,68,2049-11-03
9805,Producto_9805,Hogar,80.47,30,2049-11-04
9806,Producto_9806,Ropa,562.13,60,2049-11-05
9807,Producto_9807,Electrónica,297.39,53,2049-11-06
9808,Producto_9808,Ropa,829.77,97,2049-11-07
9809,Producto_9809,Electrónica,675.27,36,2049-11-08
9810,Producto_9810,Electrónica,971.02,30,2049-11-09
9811,Producto_9811,Electrónica,262.24,64,2049-11-10
9812,Producto_9812,Hogar,490.93,14,2049-11-11
9813,Producto_9813,Ropa,506.23,23,2049-11-12
9814,Producto_9814,Hogar,246.79,48,2049-11-13
9815,Producto_9815,Ropa,594.19,28,2049-11-14
9816,Producto_9816,Hogar,448.85,7,2049-11-15
9817,Producto_9817,Deportes,452.25,42,2049-11-16
9818,Producto_9818,Electrónica,369.11,10,2049-11-17
9819,Producto_9819,Electrónica,26.76,68,2049-11-18
9820,Producto_9820,Hogar,526.87,44,2049-11-19
9821,Producto_9821,Deportes,341.9,13,2049-11-20
9822,Producto_9822,Electrónica,11.31,85,2049-11-21
9823,Producto_9823,Ropa,314.86,33,2049-11-22
9824,Producto_9824,Hogar,285.84,92,2049-11-23
9825,Producto_9825,Electrónica,399.51,87,2049-11-24
9826,Producto_9826,Electrónica,140.53,32,2049-11-25
9827,Producto_9827,Hogar,512.61,48,2049-11-26
9828,Producto_9828,Hogar,695.52,5,2049-11-27
9829,Producto_9829,Ropa,633.88,61,2049-11-28
9830,Producto_9830,Ropa,805.72,90,2049-11-29
9831,Producto_9831,Electrónica,457.49,90,2049-11-30
9832,Producto_9832,Electrónica,523.9,3,2049-12-01
9833,Producto_9833,Hogar,812.3,24,2049-12-02
9834,Producto_9834,Electrónica,433.42,98,2049-12-03
9835,Producto_9835,Electrónica,704.58,34,2049-12-04
9836,Producto_9836,Hogar,440.26,84,2049-12-05
9837,Producto_9837,Electrónica,423.56,94,2049-12-06
9838,Producto_9838,Electrónica,762.6,42,2049-12-07
9839,Producto_9839,Deportes,183.09,20,2049-12-08
9840,Producto_9840,Ropa,345.2,41,2049-12-09
9841,Producto_9841,Hogar,231.93,82,2049-12-10
9842,Producto_9842,Deportes,365.52,20,2049-12-11
9843,Producto_9843,Ropa,238.07,6,2049-12-12
9844,Producto_9844,Ropa,583.61,57,2049-12-13
9845,Producto_9845,Ropa,800.19,42,2049-12-14
9846,Producto_9846,Deportes,788.75,25,2049-12-15
9847,Producto_9847,Deportes,370.86,41,2049-12-16
9848,Producto_9848,Ropa,988.87,41,2049-12-17
9849,Producto_9849,Electrónica,597.92,3,2049-12-18
9850,Producto_9850,Electrónica,405.41,43,2049-12-19
9851,Producto_9851,Deportes,837.18,46,2049-12-20
9852,Producto_9852,Deportes,732.58,57,2049-12-21
9853,Producto_9853,Deportes,751.78,83,2049-12-22
9854,Producto_9854,Ropa,204.18,74,2049-12-23
9855,Producto_9855,Electrónica,473.64,51,2049-12-24
9856,Producto_9856,Deportes,863.21,5,2049-12-25
9857,Producto_9857,Deportes,509.0,86,2049-12-26
9858,Producto_9858,Hogar,686.62,73,2049-12-27
9859,Producto_9859,Ropa,592.05,97,2049-12-28
9860,Producto_9860,Hogar,843.93,15,2049-12-29
9861,Producto_9861,Electrónica,291.72,88,2049-12-30
9862,Producto_9862,Hogar,579.72,94,2049-12-31
9863,Producto_9863,Hogar,132.0,39,2050-01-01
9864,Producto_9864,Hogar,693.31,70,2050-01-02
9865,Producto_9865,Ropa,734.65,79,2050-01-03
9866,Producto_9866,Electrónica,52.41,38,2050-01-04
9867,Producto_9867,Hogar,679.03,39,2050-01-05
9868,Producto_9868,Ropa,420.54,52,2050-01-06
9869,Producto_9869,Electrónica,132.86,86,2050-01-07
9870,Producto_9870,Deportes,425.71,3,2050-01-08
9871,Producto_9871,Hogar,202.29,29,2050-01-09
9872,Producto_9872,Electrónica,421.4,93,2050-01-10
9873,Producto_9873,Hogar,390.5,31,2050-01-11
9874,Producto_9874,Deportes,741.01,66,2050-01-12
9875,Producto_9875,Electrónica,776.47,99,2050-01-13
9876,Producto_9876,Ropa,610.96,45,2050-01-14
9877,Producto_9877,Electrónica,32.46,73,2050-01-15
9878,Producto_9878,Ropa,931.71,22,2050-01-16
9879,Producto_9879,Electrónica,689.37,83,2050-01-17
9880,Producto_9880,Ropa,43.85,10,2050-01-18
9881,Producto_9881,Deportes,820.64,21,2050-01-19
9882,Producto_9882,Deportes,208.26,17,2050-01-20
9883,Producto_9883,Deportes,583.43,67,2050-01-21
9884,Producto_9884,Electrónica,471.97,7,2050-01-22
9885,Producto_9885,Deportes,425.64,36,2050-01-23
9886,Producto_9886,Hogar,890.82,67,2050-01-24
9887,Producto_9887,Deportes,442.99,77,2050-01-25
9888,Producto_9888,Ropa,84.59,30,2050-01-26
9889,Producto_9889,Ropa,947.17,87,2050-01-27
9890,Producto_9890,Ropa,921.33,71,2050-01-28
9891,Producto_9891,Electrónica,687.59,94,2050-01-29
9892,Producto_9892,Hogar,473.21,29,2050-01-30
9893,Producto_9893,Deportes,101.93,72,2050-01-31
9894,Producto_9894,Hogar,792.84,74,2050-02-01
9895,Producto_9895,Hogar,84.72,33,2050-02-02
9896,Producto_9896,Ropa,77.91,59,2050-02-03
9897,Producto_9897,Ropa,542.01,20,2050-02-04
9898,Producto_9898,Ropa,168.53,93,2050-02-05
9899,Producto_9899,Electrónica,17.65,29,2050-02-06
9900,Producto_9900,Hogar,428.88,53,2050-02-07
9901,Producto_9901,Hogar,145.85,85,2050-02-08
9902,Producto_9902,Electrónica,168.91,1,2050-02-09
9903,Producto_9903,Electrónica,86.14,34,2050-02-10
9904,Producto_9904,Electrónica,213.04,44,2050-02-11
9905,Producto_9905,Hogar,718.33,96,2050-02-12
9906,Producto_9906,Hogar,810.84,14,2050-02-13
9907,Producto_9907,Ropa,458.01,37,2050-02-14
9908,Producto_9908,Ropa,511.49,35,2050-02-15
9909,Producto_9909,Hogar,42.33,59,2050-02-16
9910,Producto_9910,Ropa,78.62,24,2050-02-17
9911,Producto_9911,Electrónica,264.99,65,2050-02-18
9912,Producto_9912,Deportes,548.46,6,2050-02-19
9913,Producto_9913,Ropa,742.16,68,2050-02-20
9914,Producto_9914,Hogar,608.95,38,2050-02-21
9915,Producto_9915,Ropa,398.21,1,2050-02-22
9916,Producto_9916,Ropa,127.14,41,2050-02-23
9917,Producto_9917,Ropa,782.97,31,2050-02-24
9918,Producto_9918,Deportes,370.15,36,2050-02-25
9919,Producto_9919,Electrónica,738.69,73,2050-02-26
9920,Producto_9920,Hogar,517.85,54,2050-02-27
9921,Producto_9921,Deportes,741.28,87,2050-02-28
9922,Producto_9922,Hogar,908.22,31,2050-03-01
9923,Producto_9923,Hogar,921.82,29,2050-03-02
9924,Producto_9924,Hogar,539.76,85,2050-03-03
9925,Producto_9925,Deportes,516.39,3,2050-03-04
9926,Producto_9926,Electrónica,273.02,58,2050-03-05
9927,Producto_9927,Hogar,936.44,90,2050-03-06
9928,Producto_9928,Electrónica,463.34,61,2050-03-07
9929,Producto_9929,Electrónica,136.32,6,2050-03-08
9930,Producto_9930,Ropa,438.38,20,2050-03-09
9931,Producto_9931,Deportes,135.78,61,2050-03-10
9932,Producto_9932,Deportes,507.51,46,2050-03-11
9933,Producto_9933,Ropa,565.66,13,2050-03-12
9934,Producto_9934,Ropa,344.38,23,2050-03-13
9935,Producto_9935,Electrónica,80.93,79,2050-03-14
9936,Producto_9936,Hogar,944.07,31,2050-03-15
9937,Producto_9937,Deportes,775.62,4,2050-03-16
9938,Producto_9938,Hogar,840.49,75,2050-03-17
9939,Producto_9939,Hogar,373.2,66,2050-03-18
9940,Producto_9940,Ropa,763.22,16,2050-03-19
9941,Producto_9941,Hogar,490.52,31,2050-03-20
9942,Producto_9942,Electrónica,209.07,48,2050-03-21
9943,Producto_9943,Ropa,133.18,43,2050-03-22
9944,Producto_9944,Hogar,351.6,4,2050-03-23
9945,Producto_9945,Ropa,146.18,62,2050-03-24
9946,Producto_9946,Electrónica,998.29,48,2050-03-25
9947,Producto_9947,Electrónica,58.7,28,2050-03-26
9948,Producto_9948,Hogar,446.73,16,2050-03-27
9949,Producto_9949,Ropa,457.57,89,2050-03-28
9950,Producto_9950,Hogar,307.63,77,2050-03-29
9951,Producto_9951,Hogar,575.64,69,2050-03-30
9952,Producto_9952,Ropa,158.48,30,2050-03-31
9953,Producto_9953,Hogar,786.07,65,2050-04-01
9954,Producto_9954,Electrónica,339.12,69,2050-04-02
9955,Producto_9955,Ropa,595.43,14,2050-04-03
9956,Producto_9956,Ropa,718.48,75,2050-04-04
9957,Producto_9957,Ropa,890.15,34,2050-04-05
9958,Producto_9958,Ropa,837.43,56,2050-04-06
9959,Producto_9959,Hogar,612.23,29,2050-04-07
9960,Producto_9960,Hogar,394.51,82,2050-04-08
9961,Producto_9961,Electrónica,508.17,79,2050-04-09
9962,Producto_9962,Deportes,771.05,25,2050-04-10
9963,Producto_9963,Deportes,878.77,94,2050-04-11
9964,Producto_9964,Electrónica,112.74,66,2050-04-12
9965,Producto_9965,Deportes,391.01,40,2050-04-13
9966,Producto_9966,Electrónica,778.36,91,2050-04-14
9967,Producto_9967,Hogar,437.34,15,2050-04-15
9968,Producto_9968,Ropa,338.91,32,2050-04-16
9969,Producto_9969,Ropa,417.21,20,2050-04-17
9970,Producto_9970,Hogar,606.82,53,2050-04-18
9971,Producto_9971,Ropa,999.81,78,2050-04-19
9972,Producto_9972,Ropa,498.06,91,2050-04-20
9973,Producto_9973,Deportes,216.41,67,2050-04-21
9974,Producto_9974,Hogar,171.22,49,2050-04-22
9975,Producto_9975,Deportes,51.93,67,2050-04-23
9976,Producto_9976,Deportes,563.23,77,2050-04-24
9977,Producto_9977,Ropa,549.13,89,2050-04-25
9978,Producto_9978,Ropa,213.18,82,2050-04-26
9979,Producto_9979,Hogar,698.38,1,2050-04-27
9980,Producto_9980,Ropa,743.7,39,2050-04-28
9981,Producto_9981,Ropa,266.51,61,2050-04-29
9982,Producto_9982,Hogar,350.66,55,2050-04-30
9983,Producto_9983,Ropa,990.57,69,2050-05-01
9984,Producto_9984,Deportes,380.52,2,2050-05-02
9985,Producto_9985,Hogar,763.19,94,2050-05-03
9986,Producto_9986,Ropa,458.2,17,2050-05-04
9987,Producto_9987,Electrónica,795.41,29,2050-05-05
9988,Producto_9988,Hogar,771.33,4,2050-05-06
9989,Producto_9989,Hogar,671.08,73,2050-05-07
9990,Producto_9990,Electrónica,856.23,64,2050-05-08
9991,Producto_9991,Ropa,939.83,85,2050-05-09
9992,Producto_9992,Ropa,584.18,43,2050-05-10
9993,Producto_9993,Hogar,245.09,76,2050-05-11
9994,Producto_9994,Hogar,404.64,12,2050-05-12
9995,Producto_9995,Ropa,760.72,50,2050-05-13
9996,Producto_9996,Ropa,654.37,68,2050-05-14
9997,Producto_9997,Deportes,186.02,61,2050-05-15
9998,Producto_9998,Hogar,60.73,92,2050-05-16
9999,Producto_9999,Hogar,686.13,73,2050-05-17
10000,Producto_10000,Electrónica,258.57,51,2050-05-18
